set,scenario,noise,seed,detector,detected,delayMin,coverage,coverageFlag,falsePerH,episodesPerH,offsetHealthy,offsetFault,unrelShare,unrelOnFault,heaterSensorFlags,tSrcFlagsOutside,emiAfterMagShare,bmeSensorShare,bmeIcmShare,bmeOrAmbigShare
dev,base,white,0,v6,1,4.5,0.980952380952381,0.980952380952381,0,0,0,0,0,0,0,0,NaN,NaN,NaN,NaN
dev,base,white,0,v7noD1,1,4.5,0.980952380952381,0.980952380952381,0,0,0,0,0,0,0,0,NaN,NaN,NaN,NaN
dev,base,white,0,v7noD2,1,4.5,0.980952380952381,0.980952380952381,0,0,0,0,0,0,0,0,NaN,NaN,NaN,NaN
dev,base,white,0,v7,1,4.5,0.89047619047619,0.89047619047619,0,0,0,3,0,0,0,0,NaN,NaN,NaN,NaN
dev,base,white,1,v6,1,3.5,0.985714285714286,0.985714285714286,0,0,0,0,0,0,0,0,NaN,NaN,NaN,NaN
dev,base,white,1,v7noD1,1,3.5,0.985714285714286,0.985714285714286,0,0,0,0,0,0,0,0,NaN,NaN,NaN,NaN
dev,base,white,1,v7noD2,1,3.5,0.985714285714286,0.985714285714286,0,0,0,0,0,0,0,0,NaN,NaN,NaN,NaN
dev,base,white,1,v7,1,3.5,0.89047619047619,0.89047619047619,0,0,0,3,0,0,0,0,NaN,NaN,NaN,NaN
dev,base,white,2,v6,1,4.5,0.980952380952381,0.980952380952381,0,0,0,0,0,0,0,0,NaN,NaN,NaN,NaN
dev,base,white,2,v7noD1,1,4.5,0.980952380952381,0.980952380952381,0,0,0,0,0,0,0,0,NaN,NaN,NaN,NaN
dev,base,white,2,v7noD2,1,4.5,0.980952380952381,0.980952380952381,0,0,0,0,0,0,0,0,NaN,NaN,NaN,NaN
dev,base,white,2,v7,1,4.5,0.895238095238095,0.895238095238095,0,0,0,3,0,0,0,0,NaN,NaN,NaN,NaN
dev,base,white,3,v6,1,4.5,0.980952380952381,0.980952380952381,0,0,0,0,0,0,0,0,NaN,NaN,NaN,NaN
dev,base,white,3,v7noD1,1,4.5,0.980952380952381,0.980952380952381,0,0,0,0,0,0,0,0,NaN,NaN,NaN,NaN
dev,base,white,3,v7noD2,1,4.5,0.980952380952381,0.980952380952381,0,0,0,0,0,0,0,0,NaN,NaN,NaN,NaN
dev,base,white,3,v7,1,4.5,0.880952380952381,0.880952380952381,0,0,0,3,0,0,0,0,NaN,NaN,NaN,NaN
dev,base,white,4,v6,1,4.5,0.980952380952381,0.980952380952381,0,0,0,0,0,0,0,0,NaN,NaN,NaN,NaN
dev,base,white,4,v7noD1,1,4.5,0.980952380952381,0.980952380952381,0,0,0,0,0,0,0,0,NaN,NaN,NaN,NaN
dev,base,white,4,v7noD2,1,4.5,0.980952380952381,0.980952380952381,0,0,0,0,0,0,0,0,NaN,NaN,NaN,NaN
dev,base,white,4,v7,1,4.5,0.885714285714286,0.885714285714286,0,0,0,3,0,0,0,0,NaN,NaN,NaN,NaN
dev,base,white,5,v6,1,4.5,0.980952380952381,0.980952380952381,0,0,0,0,0,0,0,0,NaN,NaN,NaN,NaN
dev,base,white,5,v7noD1,1,4.5,0.980952380952381,0.980952380952381,0,0,0,0,0,0,0,0,NaN,NaN,NaN,NaN
dev,base,white,5,v7noD2,1,4.5,0.980952380952381,0.980952380952381,0,0,0,0,0,0,0,0,NaN,NaN,NaN,NaN
dev,base,white,5,v7,1,4.5,0.880952380952381,0.880952380952381,0,0,0,3,0,0,0,0,NaN,NaN,NaN,NaN
dev,base,white,6,v6,1,4.5,0.980952380952381,0.980952380952381,0.157894736842105,0.157894736842105,0,0,0,0,0,0,NaN,NaN,NaN,NaN
dev,base,white,6,v7noD1,1,4.5,0.980952380952381,0.980952380952381,0.157894736842105,0.157894736842105,0,0,0,0,0,0,NaN,NaN,NaN,NaN
dev,base,white,6,v7noD2,1,4.5,0.980952380952381,0.980952380952381,0.157894736842105,0.157894736842105,0,0,0,0,0,0,NaN,NaN,NaN,NaN
dev,base,white,6,v7,1,4.5,0.885714285714286,0.885714285714286,0.157894736842105,0.157894736842105,0,3,0,0,0,0,NaN,NaN,NaN,NaN
dev,base,white,7,v6,1,5.5,0.976190476190476,0.976190476190476,0,0,0,0,0,0,0,0,NaN,NaN,NaN,NaN
dev,base,white,7,v7noD1,1,5.5,0.976190476190476,0.976190476190476,0,0,0,0,0,0,0,0,NaN,NaN,NaN,NaN
dev,base,white,7,v7noD2,1,5.5,0.976190476190476,0.976190476190476,0,0,0,0,0,0,0,0,NaN,NaN,NaN,NaN
dev,base,white,7,v7,1,5.5,0.89047619047619,0.89047619047619,0,0,0,3,0,0,0,0,NaN,NaN,NaN,NaN
dev,base,white,8,v6,1,4.5,0.976190476190476,0.976190476190476,0,0,0,0,0.00263157894736842,0.00476190476190476,0,0,NaN,NaN,NaN,NaN
dev,base,white,8,v7noD1,1,4.5,0.976190476190476,0.976190476190476,0,0,0,0,0.00263157894736842,0.00476190476190476,0,0,NaN,NaN,NaN,NaN
dev,base,white,8,v7noD2,1,4.5,0.976190476190476,0.976190476190476,0,0,0,0,0.00263157894736842,0.00476190476190476,0,0,NaN,NaN,NaN,NaN
dev,base,white,8,v7,1,4.5,0.880952380952381,0.880952380952381,0,0,0,3,0.00263157894736842,0.00476190476190476,0,0,NaN,NaN,NaN,NaN
dev,base,white,9,v6,1,3.5,0.985714285714286,0.985714285714286,1.89473684210526,0.315789473684211,1,0,0,0,0,0,NaN,NaN,NaN,NaN
dev,base,white,9,v7noD1,1,3.5,0.985714285714286,0.985714285714286,1.89473684210526,0.315789473684211,1,0,0,0,0,0,NaN,NaN,NaN,NaN
dev,base,white,9,v7noD2,1,3.5,0.985714285714286,0.985714285714286,2.68421052631579,0.315789473684211,1,0,0,0,0,0,NaN,NaN,NaN,NaN
dev,base,white,9,v7,1,3.5,0.9,0.9,2.68421052631579,0.315789473684211,1,3,0,0,0,0,NaN,NaN,NaN,NaN
dev,base,colored,0,v6,1,25.5,0.880952380952381,0.880952380952381,6.47368421052632,0.789473684210526,1,0,0,0,0,0,NaN,NaN,NaN,NaN
dev,base,colored,0,v7noD1,1,25.5,0.880952380952381,0.880952380952381,6.47368421052632,0.789473684210526,1,0,0,0,0,0,NaN,NaN,NaN,NaN
dev,base,colored,0,v7noD2,1,25.5,0.880952380952381,0.880952380952381,1.89473684210526,0.315789473684211,0,0,0,0,0,0,NaN,NaN,NaN,NaN
dev,base,colored,0,v7,1,25.5,0.785714285714286,0.785714285714286,1.89473684210526,0.315789473684211,0,1,0,0,0,0,NaN,NaN,NaN,NaN
dev,base,colored,1,v6,1,13.5,0.923809523809524,0.923809523809524,0,0,0,0,0.00526315789473684,0.00952380952380952,0,0,NaN,NaN,NaN,NaN
dev,base,colored,1,v7noD1,1,13.5,0.923809523809524,0.923809523809524,0,0,0,0,0.00526315789473684,0.00952380952380952,0,0,NaN,NaN,NaN,NaN
dev,base,colored,1,v7noD2,1,13.5,0.933333333333333,0.933333333333333,0,0,0,0,0.00263157894736842,0.00476190476190476,0,0,NaN,NaN,NaN,NaN
dev,base,colored,1,v7,1,13.5,0.8,0.8,0,0,0,1,0.00526315789473684,0.00952380952380952,0,0,NaN,NaN,NaN,NaN
dev,base,colored,2,v6,1,19.5,0.90952380952381,0.90952380952381,0,0,0,0,0,0,0,0,NaN,NaN,NaN,NaN
dev,base,colored,2,v7noD1,1,19.5,0.90952380952381,0.90952380952381,0,0,0,0,0,0,0,0,NaN,NaN,NaN,NaN
dev,base,colored,2,v7noD2,1,19.5,0.90952380952381,0.90952380952381,0,0,0,0,0,0,0,0,NaN,NaN,NaN,NaN
dev,base,colored,2,v7,1,19.5,0.828571428571429,0.828571428571429,0,0,0,1,0,0,0,0,NaN,NaN,NaN,NaN
dev,base,colored,3,v6,1,16.5,0.861904761904762,0.861904761904762,0,0,0,0,0.0105263157894737,0.019047619047619,0,0,NaN,NaN,NaN,NaN
dev,base,colored,3,v7noD1,1,16.5,0.861904761904762,0.861904761904762,0,0,0,0,0.0105263157894737,0.019047619047619,0,0,NaN,NaN,NaN,NaN
dev,base,colored,3,v7noD2,1,16.5,0.871428571428571,0.871428571428571,0,0,0,0,0.0236842105263158,0.0428571428571429,0,0,NaN,NaN,NaN,NaN
dev,base,colored,3,v7,1,16.5,0.795238095238095,0.795238095238095,0,0,0,1,0.0236842105263158,0.0428571428571429,0,0,NaN,NaN,NaN,NaN
dev,base,colored,4,v6,1,13.5,0.938095238095238,0.938095238095238,0,0,0,0,0,0,0,0,NaN,NaN,NaN,NaN
dev,base,colored,4,v7noD1,1,13.5,0.938095238095238,0.938095238095238,0,0,0,0,0,0,0,0,NaN,NaN,NaN,NaN
dev,base,colored,4,v7noD2,1,13.5,0.938095238095238,0.938095238095238,0,0,0,0,0,0,0,0,NaN,NaN,NaN,NaN
dev,base,colored,4,v7,1,13.5,0.771428571428571,0.771428571428571,0,0,0,2,0,0,0,0,NaN,NaN,NaN,NaN
dev,base,colored,5,v6,1,10.5,0.757142857142857,0.757142857142857,5.68421052631579,0.315789473684211,0,1,0,0,0,0,NaN,NaN,NaN,NaN
dev,base,colored,5,v7noD1,1,10.5,0.757142857142857,0.757142857142857,5.68421052631579,0.315789473684211,0,1,0,0,0,0,NaN,NaN,NaN,NaN
dev,base,colored,5,v7noD2,1,10.5,0.904761904761905,0.904761904761905,3.94736842105263,0.157894736842105,0,0,0.0210526315789474,0.0380952380952381,0,0,NaN,NaN,NaN,NaN
dev,base,colored,5,v7,1,10.5,0.785714285714286,0.785714285714286,3.94736842105263,0.157894736842105,0,1,0.0210526315789474,0.0380952380952381,0,0,NaN,NaN,NaN,NaN
dev,base,colored,6,v6,1,22.5,0.876190476190476,0.876190476190476,2.68421052631579,0.157894736842105,0,0,0.0105263157894737,0.019047619047619,0,0,NaN,NaN,NaN,NaN
dev,base,colored,6,v7noD1,1,22.5,0.876190476190476,0.876190476190476,2.68421052631579,0.157894736842105,0,0,0.0105263157894737,0.019047619047619,0,0,NaN,NaN,NaN,NaN
dev,base,colored,6,v7noD2,1,22.5,0.880952380952381,0.880952380952381,2.68421052631579,0.157894736842105,0,0,0.00789473684210526,0.0142857142857143,0,0,NaN,NaN,NaN,NaN
dev,base,colored,6,v7,1,22.5,0.766666666666667,0.766666666666667,2.68421052631579,0.157894736842105,0,1,0.0105263157894737,0.019047619047619,0,0,NaN,NaN,NaN,NaN
dev,base,colored,7,v6,1,12.5,0.942857142857143,0.942857142857143,0,0,0,0,0,0,0,0,NaN,NaN,NaN,NaN
dev,base,colored,7,v7noD1,1,12.5,0.942857142857143,0.942857142857143,0,0,0,0,0,0,0,0,NaN,NaN,NaN,NaN
dev,base,colored,7,v7noD2,1,12.5,0.942857142857143,0.942857142857143,0,0,0,0,0,0,0,0,NaN,NaN,NaN,NaN
dev,base,colored,7,v7,1,12.5,0.828571428571429,0.828571428571429,0,0,0,1,0,0,0,0,NaN,NaN,NaN,NaN
dev,base,colored,8,v6,1,22.5,0.895238095238095,0.895238095238095,0.157894736842105,0.157894736842105,0,0,0,0,0,0,NaN,NaN,NaN,NaN
dev,base,colored,8,v7noD1,1,22.5,0.895238095238095,0.895238095238095,0.157894736842105,0.157894736842105,0,0,0,0,0,0,NaN,NaN,NaN,NaN
dev,base,colored,8,v7noD2,1,22.5,0.895238095238095,0.895238095238095,0.157894736842105,0.157894736842105,0,0,0,0,0,0,NaN,NaN,NaN,NaN
dev,base,colored,8,v7,1,22.5,0.742857142857143,0.742857142857143,0.157894736842105,0.157894736842105,0,1,0,0,0,0,NaN,NaN,NaN,NaN
dev,base,colored,9,v6,1,13.5,0.938095238095238,0.938095238095238,0,0,0,0,0,0,0,0,NaN,NaN,NaN,NaN
dev,base,colored,9,v7noD1,1,13.5,0.938095238095238,0.938095238095238,0,0,0,0,0,0,0,0,NaN,NaN,NaN,NaN
dev,base,colored,9,v7noD2,1,13.5,0.938095238095238,0.938095238095238,0,0,0,0,0,0,0,0,NaN,NaN,NaN,NaN
dev,base,colored,9,v7,1,13.5,0.804761904761905,0.804761904761905,0,0,0,1,0,0,0,0,NaN,NaN,NaN,NaN
dev,hold-fault,white,0,v6,1,7.5,0.933333333333333,0.933333333333333,0,0,0,0,0,0,0,0,NaN,NaN,NaN,NaN
dev,hold-fault,white,0,v7noD1,1,7.5,0.933333333333333,0.933333333333333,0,0,0,0,0,0,0,0,NaN,NaN,NaN,NaN
dev,hold-fault,white,0,v7noD2,1,7.5,0.933333333333333,0.933333333333333,0,0,0,0,0,0,0,0,NaN,NaN,NaN,NaN
dev,hold-fault,white,0,v7,1,7.5,0.933333333333333,0.933333333333333,0,0,0,0,0,0,0,0,NaN,NaN,NaN,NaN
dev,hold-fault,white,1,v6,1,7.5,0.933333333333333,0.933333333333333,0,0,0,0,0,0,0,0,NaN,NaN,NaN,NaN
dev,hold-fault,white,1,v7noD1,1,7.5,0.933333333333333,0.933333333333333,0,0,0,0,0,0,0,0,NaN,NaN,NaN,NaN
dev,hold-fault,white,1,v7noD2,1,7.5,0.933333333333333,0.933333333333333,0,0,0,0,0,0,0,0,NaN,NaN,NaN,NaN
dev,hold-fault,white,1,v7,1,7.5,0.933333333333333,0.933333333333333,0,0,0,0,0,0,0,0,NaN,NaN,NaN,NaN
dev,hold-fault,white,2,v6,1,7.5,0.933333333333333,0.933333333333333,0,0,0,0,0,0,0,0,NaN,NaN,NaN,NaN
dev,hold-fault,white,2,v7noD1,1,7.5,0.933333333333333,0.933333333333333,0,0,0,0,0,0,0,0,NaN,NaN,NaN,NaN
dev,hold-fault,white,2,v7noD2,1,7.5,0.933333333333333,0.933333333333333,0,0,0,0,0,0,0,0,NaN,NaN,NaN,NaN
dev,hold-fault,white,2,v7,1,7.5,0.933333333333333,0.933333333333333,0,0,0,0,0,0,0,0,NaN,NaN,NaN,NaN
dev,hold-fault,white,3,v6,1,9.5,0.914285714285714,0.914285714285714,0,0,0,0,0,0,0,0,NaN,NaN,NaN,NaN
dev,hold-fault,white,3,v7noD1,1,9.5,0.914285714285714,0.914285714285714,0,0,0,0,0,0,0,0,NaN,NaN,NaN,NaN
dev,hold-fault,white,3,v7noD2,1,9.5,0.914285714285714,0.914285714285714,0,0,0,0,0,0,0,0,NaN,NaN,NaN,NaN
dev,hold-fault,white,3,v7,1,9.5,0.914285714285714,0.914285714285714,0,0,0,0,0,0,0,0,NaN,NaN,NaN,NaN
dev,hold-fault,white,4,v6,1,9.5,0.914285714285714,0.914285714285714,0,0,0,0,0,0,0,0,NaN,NaN,NaN,NaN
dev,hold-fault,white,4,v7noD1,1,9.5,0.914285714285714,0.914285714285714,0,0,0,0,0,0,0,0,NaN,NaN,NaN,NaN
dev,hold-fault,white,4,v7noD2,1,9.5,0.914285714285714,0.914285714285714,0,0,0,0,0,0,0,0,NaN,NaN,NaN,NaN
dev,hold-fault,white,4,v7,1,9.5,0.914285714285714,0.914285714285714,0,0,0,0,0,0,0,0,NaN,NaN,NaN,NaN
dev,hold-fault,white,5,v6,1,7.5,0.933333333333333,0.933333333333333,0,0,0,0,0,0,0,0,NaN,NaN,NaN,NaN
dev,hold-fault,white,5,v7noD1,1,7.5,0.933333333333333,0.933333333333333,0,0,0,0,0,0,0,0,NaN,NaN,NaN,NaN
dev,hold-fault,white,5,v7noD2,1,7.5,0.933333333333333,0.933333333333333,0,0,0,0,0,0,0,0,NaN,NaN,NaN,NaN
dev,hold-fault,white,5,v7,1,7.5,0.933333333333333,0.933333333333333,0,0,0,0,0,0,0,0,NaN,NaN,NaN,NaN
dev,hold-fault,white,6,v6,1,10.5,0.904761904761905,0.904761904761905,0.157894736842105,0.157894736842105,0,0,0,0,0,0,NaN,NaN,NaN,NaN
dev,hold-fault,white,6,v7noD1,1,10.5,0.904761904761905,0.904761904761905,0.157894736842105,0.157894736842105,0,0,0,0,0,0,NaN,NaN,NaN,NaN
dev,hold-fault,white,6,v7noD2,1,10.5,0.904761904761905,0.904761904761905,0.157894736842105,0.157894736842105,0,0,0,0,0,0,NaN,NaN,NaN,NaN
dev,hold-fault,white,6,v7,1,10.5,0.904761904761905,0.904761904761905,0.157894736842105,0.157894736842105,0,0,0,0,0,0,NaN,NaN,NaN,NaN
dev,hold-fault,white,7,v6,1,9.5,0.914285714285714,0.914285714285714,0,0,0,0,0,0,0,0,NaN,NaN,NaN,NaN
dev,hold-fault,white,7,v7noD1,1,9.5,0.914285714285714,0.914285714285714,0,0,0,0,0,0,0,0,NaN,NaN,NaN,NaN
dev,hold-fault,white,7,v7noD2,1,9.5,0.914285714285714,0.914285714285714,0,0,0,0,0,0,0,0,NaN,NaN,NaN,NaN
dev,hold-fault,white,7,v7,1,9.5,0.914285714285714,0.914285714285714,0,0,0,0,0,0,0,0,NaN,NaN,NaN,NaN
dev,hold-fault,white,8,v6,1,7.5,0.914285714285714,0.914285714285714,0,0,0,0,0.00263157894736842,0.00952380952380952,0,0,NaN,NaN,NaN,NaN
dev,hold-fault,white,8,v7noD1,1,7.5,0.914285714285714,0.914285714285714,0,0,0,0,0.00263157894736842,0.00952380952380952,0,0,NaN,NaN,NaN,NaN
dev,hold-fault,white,8,v7noD2,1,7.5,0.914285714285714,0.914285714285714,0,0,0,0,0.00263157894736842,0.00952380952380952,0,0,NaN,NaN,NaN,NaN
dev,hold-fault,white,8,v7,1,7.5,0.914285714285714,0.914285714285714,0,0,0,0,0.00263157894736842,0.00952380952380952,0,0,NaN,NaN,NaN,NaN
dev,hold-fault,white,9,v6,1,8.5,0.923809523809524,0.923809523809524,1.89473684210526,0.315789473684211,1,0,0,0,0,0,NaN,NaN,NaN,NaN
dev,hold-fault,white,9,v7noD1,1,8.5,0.923809523809524,0.923809523809524,1.89473684210526,0.315789473684211,1,0,0,0,0,0,NaN,NaN,NaN,NaN
dev,hold-fault,white,9,v7noD2,1,8.5,0.923809523809524,0.923809523809524,2.68421052631579,0.315789473684211,1,0,0,0,0,0,NaN,NaN,NaN,NaN
dev,hold-fault,white,9,v7,1,8.5,0.923809523809524,0.923809523809524,2.68421052631579,0.315789473684211,1,0,0,0,0,0,NaN,NaN,NaN,NaN
dev,hold-fault,colored,0,v6,1,67.5,0.361904761904762,0.361904761904762,6.47368421052632,0.789473684210526,1,0,0,0,0,0,NaN,NaN,NaN,NaN
dev,hold-fault,colored,0,v7noD1,1,67.5,0.361904761904762,0.361904761904762,6.47368421052632,0.789473684210526,1,0,0,0,0,0,NaN,NaN,NaN,NaN
dev,hold-fault,colored,0,v7noD2,1,67.5,0.361904761904762,0.361904761904762,1.89473684210526,0.315789473684211,0,0,0,0,0,0,NaN,NaN,NaN,NaN
dev,hold-fault,colored,0,v7,1,67.5,0.361904761904762,0.361904761904762,1.89473684210526,0.315789473684211,0,0,0,0,0,0,NaN,NaN,NaN,NaN
dev,hold-fault,colored,1,v6,1,60.5,0.428571428571429,0.428571428571429,0,0,0,0,0,0,0,0,NaN,NaN,NaN,NaN
dev,hold-fault,colored,1,v7noD1,1,60.5,0.428571428571429,0.428571428571429,0,0,0,0,0,0,0,0,NaN,NaN,NaN,NaN
dev,hold-fault,colored,1,v7noD2,1,60.5,0.428571428571429,0.428571428571429,0,0,0,0,0,0,0,0,NaN,NaN,NaN,NaN
dev,hold-fault,colored,1,v7,1,60.5,0.428571428571429,0.428571428571429,0,0,0,0,0,0,0,0,NaN,NaN,NaN,NaN
dev,hold-fault,colored,2,v6,1,56.5,0.285714285714286,0.285714285714286,0,0,0,1,0,0,0,0,NaN,NaN,NaN,NaN
dev,hold-fault,colored,2,v7noD1,1,56.5,0.285714285714286,0.285714285714286,0,0,0,1,0,0,0,0,NaN,NaN,NaN,NaN
dev,hold-fault,colored,2,v7noD2,1,56.5,0.285714285714286,0.285714285714286,0,0,0,1,0,0,0,0,NaN,NaN,NaN,NaN
dev,hold-fault,colored,2,v7,1,56.5,0.285714285714286,0.285714285714286,0,0,0,1,0,0,0,0,NaN,NaN,NaN,NaN
dev,hold-fault,colored,3,v6,1,52.5,0.285714285714286,0.285714285714286,0,0,0,1,0,0,0,0,NaN,NaN,NaN,NaN
dev,hold-fault,colored,3,v7noD1,1,52.5,0.285714285714286,0.285714285714286,0,0,0,1,0,0,0,0,NaN,NaN,NaN,NaN
dev,hold-fault,colored,3,v7noD2,1,52.5,0.285714285714286,0.285714285714286,0,0,0,1,0,0,0,0,NaN,NaN,NaN,NaN
dev,hold-fault,colored,3,v7,1,52.5,0.285714285714286,0.285714285714286,0,0,0,1,0,0,0,0,NaN,NaN,NaN,NaN
dev,hold-fault,colored,4,v6,1,63.5,0.4,0.4,0,0,0,0,0,0,0,0,NaN,NaN,NaN,NaN
dev,hold-fault,colored,4,v7noD1,1,63.5,0.4,0.4,0,0,0,0,0,0,0,0,NaN,NaN,NaN,NaN
dev,hold-fault,colored,4,v7noD2,1,63.5,0.4,0.4,0,0,0,0,0,0,0,0,NaN,NaN,NaN,NaN
dev,hold-fault,colored,4,v7,1,63.5,0.4,0.4,0,0,0,0,0,0,0,0,NaN,NaN,NaN,NaN
dev,hold-fault,colored,5,v6,1,48.5,0.276190476190476,0.276190476190476,5.68421052631579,0.315789473684211,0,1,0,0,0,0,NaN,NaN,NaN,NaN
dev,hold-fault,colored,5,v7noD1,1,48.5,0.276190476190476,0.276190476190476,5.68421052631579,0.315789473684211,0,1,0,0,0,0,NaN,NaN,NaN,NaN
dev,hold-fault,colored,5,v7noD2,1,48.5,0.304761904761905,0.304761904761905,4.57894736842105,0.157894736842105,0,1,0,0,0,0,NaN,NaN,NaN,NaN
dev,hold-fault,colored,5,v7,1,48.5,0.304761904761905,0.304761904761905,4.57894736842105,0.157894736842105,0,1,0,0,0,0,NaN,NaN,NaN,NaN
dev,hold-fault,colored,6,v6,0,NaN,0,0,2.68421052631579,0.157894736842105,0,0,0,0,0,0,NaN,NaN,NaN,NaN
dev,hold-fault,colored,6,v7noD1,0,NaN,0,0,2.68421052631579,0.157894736842105,0,0,0,0,0,0,NaN,NaN,NaN,NaN
dev,hold-fault,colored,6,v7noD2,0,NaN,0,0,2.68421052631579,0.157894736842105,0,0,0,0,0,0,NaN,NaN,NaN,NaN
dev,hold-fault,colored,6,v7,0,NaN,0,0,2.68421052631579,0.157894736842105,0,0,0,0,0,0,NaN,NaN,NaN,NaN
dev,hold-fault,colored,7,v6,1,24.5,0.771428571428571,0.771428571428571,0,0,0,0,0,0,0,0,NaN,NaN,NaN,NaN
dev,hold-fault,colored,7,v7noD1,1,24.5,0.771428571428571,0.771428571428571,0,0,0,0,0,0,0,0,NaN,NaN,NaN,NaN
dev,hold-fault,colored,7,v7noD2,1,24.5,0.771428571428571,0.771428571428571,0,0,0,0,0,0,0,0,NaN,NaN,NaN,NaN
dev,hold-fault,colored,7,v7,1,24.5,0.771428571428571,0.771428571428571,0,0,0,0,0,0,0,0,NaN,NaN,NaN,NaN
dev,hold-fault,colored,8,v6,1,17.5,0.838095238095238,0.838095238095238,0.157894736842105,0.157894736842105,0,0,0,0,0,0,NaN,NaN,NaN,NaN
dev,hold-fault,colored,8,v7noD1,1,17.5,0.838095238095238,0.838095238095238,0.157894736842105,0.157894736842105,0,0,0,0,0,0,NaN,NaN,NaN,NaN
dev,hold-fault,colored,8,v7noD2,1,17.5,0.838095238095238,0.838095238095238,0.157894736842105,0.157894736842105,0,0,0,0,0,0,NaN,NaN,NaN,NaN
dev,hold-fault,colored,8,v7,1,17.5,0.838095238095238,0.838095238095238,0.157894736842105,0.157894736842105,0,0,0,0,0,0,NaN,NaN,NaN,NaN
dev,hold-fault,colored,9,v6,1,92.5,0.123809523809524,0.123809523809524,0,0,0,0,0,0,0,0,NaN,NaN,NaN,NaN
dev,hold-fault,colored,9,v7noD1,1,92.5,0.123809523809524,0.123809523809524,0,0,0,0,0,0,0,0,NaN,NaN,NaN,NaN
dev,hold-fault,colored,9,v7noD2,1,92.5,0.123809523809524,0.123809523809524,0,0,0,0,0,0,0,0,NaN,NaN,NaN,NaN
dev,hold-fault,colored,9,v7,1,92.5,0.123809523809524,0.123809523809524,0,0,0,0,0,0,0,0,NaN,NaN,NaN,NaN
dev,accel-step,white,0,v6,1,0.5,1,1,0,0,0,0,0,0,0,0,NaN,NaN,NaN,NaN
dev,accel-step,white,0,v7noD1,1,0.5,1,0.455555555555556,0,0,0,1,0,0,0,0,NaN,NaN,NaN,NaN
dev,accel-step,white,0,v7noD2,1,0.5,0.988888888888889,0.988888888888889,0,0,0,0,0,0,0,0,NaN,NaN,NaN,NaN
dev,accel-step,white,0,v7,1,0.5,1,0.161111111111111,0,0,0,1,0,0,0,0,NaN,NaN,NaN,NaN
dev,accel-step,white,1,v6,1,0.5,1,1,0,0,0,0,0,0,0,0,NaN,NaN,NaN,NaN
dev,accel-step,white,1,v7noD1,1,0.5,1,0.488888888888889,0,0,0,1,0,0,0,0,NaN,NaN,NaN,NaN
dev,accel-step,white,1,v7noD2,1,0.5,0.988888888888889,0.988888888888889,0,0,0,0,0,0,0,0,NaN,NaN,NaN,NaN
dev,accel-step,white,1,v7,1,0.5,1,0.161111111111111,0,0,0,1,0,0,0,0,NaN,NaN,NaN,NaN
dev,accel-step,white,2,v6,1,0.5,1,1,0,0,0,0,0,0,0,0,NaN,NaN,NaN,NaN
dev,accel-step,white,2,v7noD1,1,0.5,1,0.45,0,0,0,1,0,0,0,0,NaN,NaN,NaN,NaN
dev,accel-step,white,2,v7noD2,1,0.5,0.988888888888889,0.988888888888889,0,0,0,0,0,0,0,0,NaN,NaN,NaN,NaN
dev,accel-step,white,2,v7,1,0.5,1,0.161111111111111,0,0,0,1,0,0,0,0,NaN,NaN,NaN,NaN
dev,accel-step,white,3,v6,1,0.5,1,1,0,0,0,0,0,0,0,0,NaN,NaN,NaN,NaN
dev,accel-step,white,3,v7noD1,1,0.5,1,0.455555555555556,0,0,0,1,0,0,0,0,NaN,NaN,NaN,NaN
dev,accel-step,white,3,v7noD2,1,0.5,0.988888888888889,0.988888888888889,0,0,0,0,0,0,0,0,NaN,NaN,NaN,NaN
dev,accel-step,white,3,v7,1,0.5,1,0.161111111111111,0,0,0,1,0,0,0,0,NaN,NaN,NaN,NaN
dev,accel-step,white,4,v6,1,0.5,1,1,0,0,0,0,0,0,0,0,NaN,NaN,NaN,NaN
dev,accel-step,white,4,v7noD1,1,0.5,1,0.455555555555556,0,0,0,1,0,0,0,0,NaN,NaN,NaN,NaN
dev,accel-step,white,4,v7noD2,1,0.5,0.988888888888889,0.988888888888889,0,0,0,0,0,0,0,0,NaN,NaN,NaN,NaN
dev,accel-step,white,4,v7,1,0.5,1,0.161111111111111,0,0,0,1,0,0,0,0,NaN,NaN,NaN,NaN
dev,accel-step,white,5,v6,1,0.5,1,1,0,0,0,0,0,0,0,0,NaN,NaN,NaN,NaN
dev,accel-step,white,5,v7noD1,1,0.5,1,0.45,0,0,0,1,0,0,0,0,NaN,NaN,NaN,NaN
dev,accel-step,white,5,v7noD2,1,0.5,0.988888888888889,0.988888888888889,0,0,0,0,0,0,0,0,NaN,NaN,NaN,NaN
dev,accel-step,white,5,v7,1,0.5,1,0.161111111111111,0,0,0,1,0,0,0,0,NaN,NaN,NaN,NaN
dev,accel-step,white,6,v6,1,0.5,1,1,0.157894736842105,0.157894736842105,0,0,0,0,0,0,NaN,NaN,NaN,NaN
dev,accel-step,white,6,v7noD1,1,0.5,1,0.444444444444444,0.157894736842105,0.157894736842105,0,1,0,0,0,0,NaN,NaN,NaN,NaN
dev,accel-step,white,6,v7noD2,1,0.5,0.988888888888889,0.988888888888889,0.157894736842105,0.157894736842105,0,0,0,0,0,0,NaN,NaN,NaN,NaN
dev,accel-step,white,6,v7,1,0.5,1,0.161111111111111,0.157894736842105,0.157894736842105,0,1,0,0,0,0,NaN,NaN,NaN,NaN
dev,accel-step,white,7,v6,1,0.5,1,1,0,0,0,0,0,0,0,0,NaN,NaN,NaN,NaN
dev,accel-step,white,7,v7noD1,1,0.5,1,0.161111111111111,0,0,0,1,0,0,0,0,NaN,NaN,NaN,NaN
dev,accel-step,white,7,v7noD2,1,0.5,0.988888888888889,0.988888888888889,0,0,0,0,0,0,0,0,NaN,NaN,NaN,NaN
dev,accel-step,white,7,v7,1,0.5,1,0.161111111111111,0,0,0,1,0,0,0,0,NaN,NaN,NaN,NaN
dev,accel-step,white,8,v6,1,0.5,1,1,0,0,0,0,0,0,0,0,NaN,NaN,NaN,NaN
dev,accel-step,white,8,v7noD1,1,0.5,1,0.45,0,0,0,1,0,0,0,0,NaN,NaN,NaN,NaN
dev,accel-step,white,8,v7noD2,1,0.5,0.988888888888889,0.988888888888889,0,0,0,0,0,0,0,0,NaN,NaN,NaN,NaN
dev,accel-step,white,8,v7,1,0.5,1,0.161111111111111,0,0,0,1,0,0,0,0,NaN,NaN,NaN,NaN
dev,accel-step,white,9,v6,1,0.5,1,1,1.89473684210526,0.315789473684211,1,0,0,0,0,0,NaN,NaN,NaN,NaN
dev,accel-step,white,9,v7noD1,1,0.5,1,0.161111111111111,1.89473684210526,0.315789473684211,1,1,0,0,0,0,NaN,NaN,NaN,NaN
dev,accel-step,white,9,v7noD2,1,0.5,0.988888888888889,0.988888888888889,2.68421052631579,0.315789473684211,1,0,0,0,0,0,NaN,NaN,NaN,NaN
dev,accel-step,white,9,v7,1,0.5,1,0.161111111111111,2.68421052631579,0.315789473684211,1,1,0,0,0,0,NaN,NaN,NaN,NaN
dev,accel-step,colored,0,v6,1,1.5,0.994444444444444,0.216666666666667,6.47368421052632,0.789473684210526,1,1,0,0,0,0,NaN,NaN,NaN,NaN
dev,accel-step,colored,0,v7noD1,1,1.5,0.994444444444444,0.216666666666667,6.47368421052632,0.789473684210526,1,1,0,0,0,0,NaN,NaN,NaN,NaN
dev,accel-step,colored,0,v7noD2,1,1.5,0.994444444444444,0.316666666666667,1.89473684210526,0.315789473684211,0,1,0,0,0,0,NaN,NaN,NaN,NaN
dev,accel-step,colored,0,v7,1,1.5,0.994444444444444,0.316666666666667,1.89473684210526,0.315789473684211,0,1,0,0,0,0,NaN,NaN,NaN,NaN
dev,accel-step,colored,1,v6,1,1.5,0.994444444444444,0.216666666666667,0,0,0,1,0,0,0,0,NaN,NaN,NaN,NaN
dev,accel-step,colored,1,v7noD1,1,1.5,0.994444444444444,0.216666666666667,0,0,0,1,0,0,0,0,NaN,NaN,NaN,NaN
dev,accel-step,colored,1,v7noD2,1,1.5,0.994444444444444,0.294444444444444,0,0,0,1,0,0,0,0,NaN,NaN,NaN,NaN
dev,accel-step,colored,1,v7,1,1.5,0.994444444444444,0.294444444444444,0,0,0,1,0,0,0,0,NaN,NaN,NaN,NaN
dev,accel-step,colored,2,v6,1,1.5,0.994444444444444,0.994444444444444,0,0,0,0,0,0,0,0,NaN,NaN,NaN,NaN
dev,accel-step,colored,2,v7noD1,1,1.5,0.994444444444444,0.994444444444444,0,0,0,0,0,0,0,0,NaN,NaN,NaN,NaN
dev,accel-step,colored,2,v7noD2,1,1.5,0.994444444444444,0.355555555555556,0,0,0,1,0,0,0,0,NaN,NaN,NaN,NaN
dev,accel-step,colored,2,v7,1,1.5,0.994444444444444,0.355555555555556,0,0,0,1,0,0,0,0,NaN,NaN,NaN,NaN
dev,accel-step,colored,3,v6,1,1.5,0.994444444444444,0.994444444444444,0,0,0,0,0,0,0,0,NaN,NaN,NaN,NaN
dev,accel-step,colored,3,v7noD1,1,1.5,0.994444444444444,0.994444444444444,0,0,0,0,0,0,0,0,NaN,NaN,NaN,NaN
dev,accel-step,colored,3,v7noD2,1,1.5,0.994444444444444,0.333333333333333,0,0,0,1,0,0,0,0,NaN,NaN,NaN,NaN
dev,accel-step,colored,3,v7,1,1.5,0.994444444444444,0.333333333333333,0,0,0,1,0,0,0,0,NaN,NaN,NaN,NaN
dev,accel-step,colored,4,v6,1,1.5,0.994444444444444,0.994444444444444,0,0,0,0,0,0,0,0,NaN,NaN,NaN,NaN
dev,accel-step,colored,4,v7noD1,1,1.5,0.994444444444444,0.411111111111111,0,0,0,1,0,0,0,0,NaN,NaN,NaN,NaN
dev,accel-step,colored,4,v7noD2,1,1.5,0.994444444444444,0.305555555555556,0,0,0,1,0,0,0,0,NaN,NaN,NaN,NaN
dev,accel-step,colored,4,v7,1,1.5,0.994444444444444,0.305555555555556,0,0,0,1,0,0,0,0,NaN,NaN,NaN,NaN
dev,accel-step,colored,5,v6,1,1.5,0.994444444444444,0.816666666666667,5.68421052631579,0.315789473684211,0,1,0,0,0,0,NaN,NaN,NaN,NaN
dev,accel-step,colored,5,v7noD1,1,1.5,0.994444444444444,0.816666666666667,5.68421052631579,0.315789473684211,0,1,0,0,0,0,NaN,NaN,NaN,NaN
dev,accel-step,colored,5,v7noD2,1,1.5,0.994444444444444,0.261111111111111,4.57894736842105,0.157894736842105,0,1,0,0,0,0,NaN,NaN,NaN,NaN
dev,accel-step,colored,5,v7,1,1.5,0.994444444444444,0.261111111111111,4.57894736842105,0.157894736842105,0,1,0,0,0,0,NaN,NaN,NaN,NaN
dev,accel-step,colored,6,v6,1,1.5,0.994444444444444,0.994444444444444,2.68421052631579,0.157894736842105,0,0,0,0,0,0,NaN,NaN,NaN,NaN
dev,accel-step,colored,6,v7noD1,1,1.5,0.994444444444444,0.994444444444444,2.68421052631579,0.157894736842105,0,0,0,0,0,0,NaN,NaN,NaN,NaN
dev,accel-step,colored,6,v7noD2,1,1.5,0.994444444444444,0.366666666666667,2.68421052631579,0.157894736842105,0,1,0,0,0,0,NaN,NaN,NaN,NaN
dev,accel-step,colored,6,v7,1,1.5,0.994444444444444,0.161111111111111,2.68421052631579,0.157894736842105,0,1,0,0,0,0,NaN,NaN,NaN,NaN
dev,accel-step,colored,7,v6,1,0.5,1,1,0,0,0,0,0,0,0,0,NaN,NaN,NaN,NaN
dev,accel-step,colored,7,v7noD1,1,0.5,1,0.555555555555556,0,0,0,1,0,0,0,0,NaN,NaN,NaN,NaN
dev,accel-step,colored,7,v7noD2,1,0.5,1,0.3,0,0,0,1,0,0,0,0,NaN,NaN,NaN,NaN
dev,accel-step,colored,7,v7,1,0.5,1,0.3,0,0,0,1,0,0,0,0,NaN,NaN,NaN,NaN
dev,accel-step,colored,8,v6,1,1.5,0.994444444444444,0.994444444444444,0.157894736842105,0.157894736842105,0,0,0,0,0,0,NaN,NaN,NaN,NaN
dev,accel-step,colored,8,v7noD1,1,1.5,0.994444444444444,0.444444444444444,0.157894736842105,0.157894736842105,0,1,0,0,0,0,NaN,NaN,NaN,NaN
dev,accel-step,colored,8,v7noD2,1,1.5,0.994444444444444,0.355555555555556,0.157894736842105,0.157894736842105,0,1,0,0,0,0,NaN,NaN,NaN,NaN
dev,accel-step,colored,8,v7,1,1.5,0.994444444444444,0.161111111111111,0.157894736842105,0.157894736842105,0,1,0,0,0,0,NaN,NaN,NaN,NaN
dev,accel-step,colored,9,v6,1,3.5,0.983333333333333,0.266666666666667,0,0,0,1,0,0,0,0,NaN,NaN,NaN,NaN
dev,accel-step,colored,9,v7noD1,1,3.5,0.983333333333333,0.266666666666667,0,0,0,1,0,0,0,0,NaN,NaN,NaN,NaN
dev,accel-step,colored,9,v7noD2,1,3.5,0.983333333333333,0.311111111111111,0,0,0,1,0,0,0,0,NaN,NaN,NaN,NaN
dev,accel-step,colored,9,v7,1,3.5,0.983333333333333,0.311111111111111,0,0,0,1,0,0,0,0,NaN,NaN,NaN,NaN
dev,two-faults,white,0,v6,1,4.5,0.542857142857143,0.542857142857143,0,0,0,0,0.236842105263158,0.428571428571429,0,0,NaN,NaN,NaN,NaN
dev,two-faults,white,0,v7noD1,1,4.5,0.509523809523809,0.509523809523809,0,0,0,2,0.236842105263158,0.428571428571429,0,0,NaN,NaN,NaN,NaN
dev,two-faults,white,0,v7noD2,1,4.5,0.414285714285714,0.414285714285714,0,0,0,0,0.313157894736842,0.566666666666667,0,0,NaN,NaN,NaN,NaN
dev,two-faults,white,0,v7,1,4.5,0.414285714285714,0.414285714285714,0,0,0,0,0.313157894736842,0.566666666666667,0,0,NaN,NaN,NaN,NaN
dev,two-faults,white,1,v6,1,6.5,0.569047619047619,0.569047619047619,0,0,0,0,0.213157894736842,0.385714285714286,0,0,NaN,NaN,NaN,NaN
dev,two-faults,white,1,v7noD1,1,6.5,0.540476190476191,0.540476190476191,0,0,0,2,0.213157894736842,0.385714285714286,0,0,NaN,NaN,NaN,NaN
dev,two-faults,white,1,v7noD2,1,6.5,0.411904761904762,0.411904761904762,0,0,0,0,0.313157894736842,0.566666666666667,0,0,NaN,NaN,NaN,NaN
dev,two-faults,white,1,v7,1,6.5,0.411904761904762,0.411904761904762,0,0,0,0,0.313157894736842,0.566666666666667,0,0,NaN,NaN,NaN,NaN
dev,two-faults,white,2,v6,1,6.5,0.564285714285714,0.564285714285714,0,0,0,0,0.207894736842105,0.376190476190476,0,0,NaN,NaN,NaN,NaN
dev,two-faults,white,2,v7noD1,1,6.5,0.533333333333333,0.533333333333333,0,0,0,2,0.207894736842105,0.376190476190476,0,0,NaN,NaN,NaN,NaN
dev,two-faults,white,2,v7noD2,1,6.5,0.40952380952381,0.40952380952381,0,0,0,0,0.313157894736842,0.566666666666667,0,0,NaN,NaN,NaN,NaN
dev,two-faults,white,2,v7,1,6.5,0.40952380952381,0.40952380952381,0,0,0,0,0.313157894736842,0.566666666666667,0,0,NaN,NaN,NaN,NaN
dev,two-faults,white,3,v6,1,4.5,0.445238095238095,0.445238095238095,0,0,0,0,0.289473684210526,0.523809523809524,0,0,NaN,NaN,NaN,NaN
dev,two-faults,white,3,v7noD1,1,4.5,0.411904761904762,0.411904761904762,0,0,0,2,0.289473684210526,0.523809523809524,0,0,NaN,NaN,NaN,NaN
dev,two-faults,white,3,v7noD2,1,4.5,0.40952380952381,0.40952380952381,0,0,0,0,0.315789473684211,0.571428571428571,0,0,NaN,NaN,NaN,NaN
dev,two-faults,white,3,v7,1,4.5,0.40952380952381,0.40952380952381,0,0,0,0,0.315789473684211,0.571428571428571,0,0,NaN,NaN,NaN,NaN
dev,two-faults,white,4,v6,1,5.5,0.545238095238095,0.545238095238095,0,0,0,0,0.231578947368421,0.419047619047619,0,0,NaN,NaN,NaN,NaN
dev,two-faults,white,4,v7noD1,1,5.5,0.511904761904762,0.511904761904762,0,0,0,2,0.231578947368421,0.419047619047619,0,0,NaN,NaN,NaN,NaN
dev,two-faults,white,4,v7noD2,1,5.5,0.411904761904762,0.411904761904762,0,0,0,0,0.313157894736842,0.566666666666667,0,0,NaN,NaN,NaN,NaN
dev,two-faults,white,4,v7,1,5.5,0.411904761904762,0.411904761904762,0,0,0,0,0.313157894736842,0.566666666666667,0,0,NaN,NaN,NaN,NaN
dev,two-faults,white,5,v6,1,5.5,0.661904761904762,0.661904761904762,0,0,0,0,0.163157894736842,0.295238095238095,0,0,NaN,NaN,NaN,NaN
dev,two-faults,white,5,v7noD1,1,5.5,0.645238095238095,0.645238095238095,0,0,0,1,0.163157894736842,0.295238095238095,0,0,NaN,NaN,NaN,NaN
dev,two-faults,white,5,v7noD2,1,5.5,0.411904761904762,0.411904761904762,0,0,0,0,0.313157894736842,0.566666666666667,0,0,NaN,NaN,NaN,NaN
dev,two-faults,white,5,v7,1,5.5,0.411904761904762,0.411904761904762,0,0,0,0,0.313157894736842,0.566666666666667,0,0,NaN,NaN,NaN,NaN
dev,two-faults,white,6,v6,1,6.5,0.419047619047619,0.419047619047619,0,0,0,0,0.305263157894737,0.552380952380952,0,0,NaN,NaN,NaN,NaN
dev,two-faults,white,6,v7noD1,1,6.5,0.388095238095238,0.388095238095238,0,0,0,2,0.305263157894737,0.552380952380952,0,0,NaN,NaN,NaN,NaN
dev,two-faults,white,6,v7noD2,1,126.5,0.404761904761905,0.404761904761905,0,0,0,0,0.315789473684211,0.571428571428571,0,0,NaN,NaN,NaN,NaN
dev,two-faults,white,6,v7,1,126.5,0.404761904761905,0.404761904761905,0,0,0,0,0.315789473684211,0.571428571428571,0,0,NaN,NaN,NaN,NaN
dev,two-faults,white,7,v6,1,5.5,0.545238095238095,0.545238095238095,0,0,0,0,0.236842105263158,0.428571428571429,0,0,NaN,NaN,NaN,NaN
dev,two-faults,white,7,v7noD1,1,5.5,0.509523809523809,0.509523809523809,0,0,0,2,0.236842105263158,0.428571428571429,0,0,NaN,NaN,NaN,NaN
dev,two-faults,white,7,v7noD2,1,5.5,0.411904761904762,0.411904761904762,0,0,0,0,0.313157894736842,0.566666666666667,0,0,NaN,NaN,NaN,NaN
dev,two-faults,white,7,v7,1,5.5,0.411904761904762,0.411904761904762,0,0,0,0,0.313157894736842,0.566666666666667,0,0,NaN,NaN,NaN,NaN
dev,two-faults,white,8,v6,1,4.5,0.695238095238095,0.695238095238095,0,0,0,1,0.0763157894736842,0.138095238095238,0,0,NaN,NaN,NaN,NaN
dev,two-faults,white,8,v7noD1,1,4.5,0.680952380952381,0.680952380952381,0,0,0,2,0.0763157894736842,0.138095238095238,0,0,NaN,NaN,NaN,NaN
dev,two-faults,white,8,v7noD2,1,4.5,0.411904761904762,0.411904761904762,0,0,0,0,0.315789473684211,0.571428571428571,0,0,NaN,NaN,NaN,NaN
dev,two-faults,white,8,v7,1,4.5,0.411904761904762,0.411904761904762,0,0,0,0,0.315789473684211,0.571428571428571,0,0,NaN,NaN,NaN,NaN
dev,two-faults,white,9,v6,1,6.5,0.55,0.55,1.89473684210526,0.315789473684211,1,0,0.231578947368421,0.419047619047619,0,0,NaN,NaN,NaN,NaN
dev,two-faults,white,9,v7noD1,1,6.5,0.521428571428571,0.521428571428571,1.89473684210526,0.315789473684211,1,2,0.231578947368421,0.419047619047619,0,0,NaN,NaN,NaN,NaN
dev,two-faults,white,9,v7noD2,1,6.5,0.421428571428571,0.421428571428571,2.68421052631579,0.315789473684211,1,0,0.307894736842105,0.557142857142857,0,0,NaN,NaN,NaN,NaN
dev,two-faults,white,9,v7,1,6.5,0.421428571428571,0.421428571428571,2.68421052631579,0.315789473684211,1,0,0.307894736842105,0.557142857142857,0,0,NaN,NaN,NaN,NaN
dev,two-faults,colored,0,v6,1,40.5,0.642857142857143,0.642857142857143,6.47368421052632,0.789473684210526,1,0,0.0947368421052632,0.171428571428571,0,0,NaN,NaN,NaN,NaN
dev,two-faults,colored,0,v7noD1,1,40.5,0.642857142857143,0.642857142857143,6.47368421052632,0.789473684210526,1,0,0.0947368421052632,0.171428571428571,0,0,NaN,NaN,NaN,NaN
dev,two-faults,colored,0,v7noD2,1,40.5,0.602380952380952,0.602380952380952,1.89473684210526,0.315789473684211,0,0,0.107894736842105,0.195238095238095,0,0,NaN,NaN,NaN,NaN
dev,two-faults,colored,0,v7,1,40.5,0.602380952380952,0.602380952380952,1.89473684210526,0.315789473684211,0,0,0.107894736842105,0.195238095238095,0,0,NaN,NaN,NaN,NaN
dev,two-faults,colored,1,v6,1,43.5,0.626190476190476,0.626190476190476,0,0,0,0,0.0973684210526316,0.176190476190476,0,0,NaN,NaN,NaN,NaN
dev,two-faults,colored,1,v7noD1,1,43.5,0.626190476190476,0.626190476190476,0,0,0,0,0.0973684210526316,0.176190476190476,0,0,NaN,NaN,NaN,NaN
dev,two-faults,colored,1,v7noD2,1,43.5,0.616666666666667,0.616666666666667,0,0,0,0,0.0894736842105263,0.161904761904762,0,0,NaN,NaN,NaN,NaN
dev,two-faults,colored,1,v7,1,43.5,0.566666666666667,0.566666666666667,0,0,0,1,0.1,0.180952380952381,0,0,NaN,NaN,NaN,NaN
dev,two-faults,colored,2,v6,1,25.5,0.530952380952381,0.530952380952381,0,0,0,0,0.194736842105263,0.352380952380952,0,0,NaN,NaN,NaN,NaN
dev,two-faults,colored,2,v7noD1,1,25.5,0.530952380952381,0.530952380952381,0,0,0,0,0.194736842105263,0.352380952380952,0,0,NaN,NaN,NaN,NaN
dev,two-faults,colored,2,v7noD2,1,25.5,0.49047619047619,0.49047619047619,0,0,0,0,0.218421052631579,0.395238095238095,0,0,NaN,NaN,NaN,NaN
dev,two-faults,colored,2,v7,1,25.5,0.49047619047619,0.49047619047619,0,0,0,0,0.218421052631579,0.395238095238095,0,0,NaN,NaN,NaN,NaN
dev,two-faults,colored,3,v6,1,25.5,0.607142857142857,0.607142857142857,0,0,0,0,0.105263157894737,0.183333333333333,0,0,NaN,NaN,NaN,NaN
dev,two-faults,colored,3,v7noD1,1,25.5,0.554761904761905,0.554761904761905,0,0,0,1,0.105263157894737,0.183333333333333,0,0,NaN,NaN,NaN,NaN
dev,two-faults,colored,3,v7noD2,1,25.5,0.511904761904762,0.511904761904762,0,0,0,0,0.152631578947368,0.254761904761905,0,0,NaN,NaN,NaN,NaN
dev,two-faults,colored,3,v7,1,25.5,0.45952380952381,0.45952380952381,0,0,0,1,0.152631578947368,0.254761904761905,0,0,NaN,NaN,NaN,NaN
dev,two-faults,colored,4,v6,1,31.5,0.580952380952381,0.580952380952381,0,0,0,0,0.144736842105263,0.261904761904762,0,0,NaN,NaN,NaN,NaN
dev,two-faults,colored,4,v7noD1,1,31.5,0.580952380952381,0.580952380952381,0,0,0,0,0.144736842105263,0.261904761904762,0,0,NaN,NaN,NaN,NaN
dev,two-faults,colored,4,v7noD2,1,31.5,0.571428571428571,0.571428571428571,0,0,0,0,0.15,0.271428571428571,0,0,NaN,NaN,NaN,NaN
dev,two-faults,colored,4,v7,1,31.5,0.571428571428571,0.571428571428571,0,0,0,0,0.15,0.271428571428571,0,0,NaN,NaN,NaN,NaN
dev,two-faults,colored,5,v6,1,30.5,0.70952380952381,0.70952380952381,5.68421052631579,0.315789473684211,0,1,0.0236842105263158,0.0428571428571429,0,0,NaN,NaN,NaN,NaN
dev,two-faults,colored,5,v7noD1,1,30.5,0.70952380952381,0.70952380952381,5.68421052631579,0.315789473684211,0,1,0.0236842105263158,0.0428571428571429,0,0,NaN,NaN,NaN,NaN
dev,two-faults,colored,5,v7noD2,1,30.5,0.621428571428571,0.621428571428571,3.94736842105263,0.157894736842105,0,0,0.102631578947368,0.185714285714286,0,0,NaN,NaN,NaN,NaN
dev,two-faults,colored,5,v7,1,30.5,0.588095238095238,0.588095238095238,3.94736842105263,0.157894736842105,0,1,0.105263157894737,0.19047619047619,0,0,NaN,NaN,NaN,NaN
dev,two-faults,colored,6,v6,1,32.5,0.592857142857143,0.592857142857143,2.68421052631579,0.157894736842105,0,0,0.123684210526316,0.223809523809524,0,0,NaN,NaN,NaN,NaN
dev,two-faults,colored,6,v7noD1,1,32.5,0.592857142857143,0.592857142857143,2.68421052631579,0.157894736842105,0,0,0.123684210526316,0.223809523809524,0,0,NaN,NaN,NaN,NaN
dev,two-faults,colored,6,v7noD2,1,32.5,0.59047619047619,0.59047619047619,2.68421052631579,0.157894736842105,0,0,0.131578947368421,0.238095238095238,0,0,NaN,NaN,NaN,NaN
dev,two-faults,colored,6,v7,1,32.5,0.547619047619048,0.547619047619048,2.68421052631579,0.157894736842105,0,1,0.144736842105263,0.261904761904762,0,0,NaN,NaN,NaN,NaN
dev,two-faults,colored,7,v6,1,31.5,0.754761904761905,0.754761904761905,0,0,0,0,0.0289473684210526,0.0523809523809524,0,0,NaN,NaN,NaN,NaN
dev,two-faults,colored,7,v7noD1,1,31.5,0.754761904761905,0.754761904761905,0,0,0,0,0.0289473684210526,0.0523809523809524,0,0,NaN,NaN,NaN,NaN
dev,two-faults,colored,7,v7noD2,1,31.5,0.630952380952381,0.630952380952381,0,0,0,0,0.126315789473684,0.228571428571429,0,0,NaN,NaN,NaN,NaN
dev,two-faults,colored,7,v7,1,31.5,0.652380952380952,0.652380952380952,0,0,0,1,0.0342105263157895,0.0619047619047619,0,0,NaN,NaN,NaN,NaN
dev,two-faults,colored,8,v6,1,41.5,0.595238095238095,0.595238095238095,0.157894736842105,0.157894736842105,0,0,0.105263157894737,0.19047619047619,0,0,NaN,NaN,NaN,NaN
dev,two-faults,colored,8,v7noD1,1,41.5,0.557142857142857,0.557142857142857,0.157894736842105,0.157894736842105,0,1,0.105263157894737,0.19047619047619,0,0,NaN,NaN,NaN,NaN
dev,two-faults,colored,8,v7noD2,1,41.5,0.552380952380952,0.552380952380952,0.157894736842105,0.157894736842105,0,0,0.157894736842105,0.285714285714286,0,0,NaN,NaN,NaN,NaN
dev,two-faults,colored,8,v7,1,41.5,0.511904761904762,0.511904761904762,0.157894736842105,0.157894736842105,0,1,0.157894736842105,0.285714285714286,0,0,NaN,NaN,NaN,NaN
dev,two-faults,colored,9,v6,1,46.5,0.580952380952381,0.580952380952381,0,0,0,0,0.152631578947368,0.276190476190476,0,0,NaN,NaN,NaN,NaN
dev,two-faults,colored,9,v7noD1,1,46.5,0.521428571428571,0.521428571428571,0,0,0,1,0.152631578947368,0.276190476190476,0,0,NaN,NaN,NaN,NaN
dev,two-faults,colored,9,v7noD2,1,46.5,0.55,0.55,0,0,0,0,0.163157894736842,0.295238095238095,0,0,NaN,NaN,NaN,NaN
dev,two-faults,colored,9,v7,1,46.5,0.471428571428571,0.471428571428571,0,0,0,2,0.136842105263158,0.247619047619048,0,0,NaN,NaN,NaN,NaN
dev,emi,white,0,v6,NaN,NaN,NaN,NaN,0,0,0,0,0,NaN,0,0,0,NaN,NaN,NaN
dev,emi,white,0,v7noD1,NaN,NaN,NaN,NaN,0,0,0,0,0,NaN,0,0,0,NaN,NaN,NaN
dev,emi,white,0,v7noD2,NaN,NaN,NaN,NaN,0,0,0,0,0,NaN,0,0,0,NaN,NaN,NaN
dev,emi,white,0,v7,NaN,NaN,NaN,NaN,0,0,0,0,0,NaN,0,0,0,NaN,NaN,NaN
dev,emi,white,1,v6,NaN,NaN,NaN,NaN,0,0,0,0,0,NaN,0,0,0,NaN,NaN,NaN
dev,emi,white,1,v7noD1,NaN,NaN,NaN,NaN,0,0,0,0,0,NaN,0,0,0,NaN,NaN,NaN
dev,emi,white,1,v7noD2,NaN,NaN,NaN,NaN,0,0,0,0,0,NaN,0,0,0,NaN,NaN,NaN
dev,emi,white,1,v7,NaN,NaN,NaN,NaN,0,0,0,0,0,NaN,0,0,0,NaN,NaN,NaN
dev,emi,white,2,v6,NaN,NaN,NaN,NaN,0,0,0,0,0,NaN,0,0,0,NaN,NaN,NaN
dev,emi,white,2,v7noD1,NaN,NaN,NaN,NaN,0,0,0,0,0,NaN,0,0,0,NaN,NaN,NaN
dev,emi,white,2,v7noD2,NaN,NaN,NaN,NaN,0,0,0,0,0,NaN,0,0,0,NaN,NaN,NaN
dev,emi,white,2,v7,NaN,NaN,NaN,NaN,0,0,0,0,0,NaN,0,0,0,NaN,NaN,NaN
dev,emi,white,3,v6,NaN,NaN,NaN,NaN,0,0,0,0,0,NaN,0,0,0,NaN,NaN,NaN
dev,emi,white,3,v7noD1,NaN,NaN,NaN,NaN,0,0,0,0,0,NaN,0,0,0,NaN,NaN,NaN
dev,emi,white,3,v7noD2,NaN,NaN,NaN,NaN,0,0,0,0,0,NaN,0,0,0,NaN,NaN,NaN
dev,emi,white,3,v7,NaN,NaN,NaN,NaN,0,0,0,0,0,NaN,0,0,0,NaN,NaN,NaN
dev,emi,white,4,v6,NaN,NaN,NaN,NaN,0,0,0,0,0,NaN,0,0,0,NaN,NaN,NaN
dev,emi,white,4,v7noD1,NaN,NaN,NaN,NaN,0,0,0,0,0,NaN,0,0,0,NaN,NaN,NaN
dev,emi,white,4,v7noD2,NaN,NaN,NaN,NaN,0,0,0,0,0,NaN,0,0,0,NaN,NaN,NaN
dev,emi,white,4,v7,NaN,NaN,NaN,NaN,0,0,0,0,0,NaN,0,0,0,NaN,NaN,NaN
dev,emi,white,5,v6,NaN,NaN,NaN,NaN,0,0,0,0,0,NaN,0,0,0,NaN,NaN,NaN
dev,emi,white,5,v7noD1,NaN,NaN,NaN,NaN,0,0,0,0,0,NaN,0,0,0,NaN,NaN,NaN
dev,emi,white,5,v7noD2,NaN,NaN,NaN,NaN,0,0,0,0,0,NaN,0,0,0,NaN,NaN,NaN
dev,emi,white,5,v7,NaN,NaN,NaN,NaN,0,0,0,0,0,NaN,0,0,0,NaN,NaN,NaN
dev,emi,white,6,v6,NaN,NaN,NaN,NaN,0.157894736842105,0.157894736842105,0,0,0,NaN,0,0,0,NaN,NaN,NaN
dev,emi,white,6,v7noD1,NaN,NaN,NaN,NaN,0.157894736842105,0.157894736842105,0,0,0,NaN,0,0,0,NaN,NaN,NaN
dev,emi,white,6,v7noD2,NaN,NaN,NaN,NaN,0.157894736842105,0.157894736842105,0,0,0,NaN,0,0,0,NaN,NaN,NaN
dev,emi,white,6,v7,NaN,NaN,NaN,NaN,0.157894736842105,0.157894736842105,0,0,0,NaN,0,0,0,NaN,NaN,NaN
dev,emi,white,7,v6,NaN,NaN,NaN,NaN,0,0,0,0,0,NaN,0,0,0,NaN,NaN,NaN
dev,emi,white,7,v7noD1,NaN,NaN,NaN,NaN,0,0,0,0,0,NaN,0,0,0,NaN,NaN,NaN
dev,emi,white,7,v7noD2,NaN,NaN,NaN,NaN,0,0,0,0,0,NaN,0,0,0,NaN,NaN,NaN
dev,emi,white,7,v7,NaN,NaN,NaN,NaN,0,0,0,0,0,NaN,0,0,0,NaN,NaN,NaN
dev,emi,white,8,v6,NaN,NaN,NaN,NaN,0,0,0,0,0,NaN,0,0,0,NaN,NaN,NaN
dev,emi,white,8,v7noD1,NaN,NaN,NaN,NaN,0,0,0,0,0,NaN,0,0,0,NaN,NaN,NaN
dev,emi,white,8,v7noD2,NaN,NaN,NaN,NaN,0,0,0,0,0,NaN,0,0,0,NaN,NaN,NaN
dev,emi,white,8,v7,NaN,NaN,NaN,NaN,0,0,0,0,0,NaN,0,0,0,NaN,NaN,NaN
dev,emi,white,9,v6,NaN,NaN,NaN,NaN,1.89473684210526,0.315789473684211,1,0,0,NaN,0,0,0,NaN,NaN,NaN
dev,emi,white,9,v7noD1,NaN,NaN,NaN,NaN,1.89473684210526,0.315789473684211,1,0,0,NaN,0,0,0,NaN,NaN,NaN
dev,emi,white,9,v7noD2,NaN,NaN,NaN,NaN,2.68421052631579,0.315789473684211,1,0,0,NaN,0,0,0,NaN,NaN,NaN
dev,emi,white,9,v7,NaN,NaN,NaN,NaN,2.68421052631579,0.315789473684211,1,0,0,NaN,0,0,0,NaN,NaN,NaN
dev,emi,colored,0,v6,NaN,NaN,NaN,NaN,6.47368421052632,0.789473684210526,1,0,0,NaN,0,0,0,NaN,NaN,NaN
dev,emi,colored,0,v7noD1,NaN,NaN,NaN,NaN,6.47368421052632,0.789473684210526,1,0,0,NaN,0,0,0,NaN,NaN,NaN
dev,emi,colored,0,v7noD2,NaN,NaN,NaN,NaN,1.89473684210526,0.315789473684211,0,0,0,NaN,0,0,0,NaN,NaN,NaN
dev,emi,colored,0,v7,NaN,NaN,NaN,NaN,1.89473684210526,0.315789473684211,0,0,0,NaN,0,0,0,NaN,NaN,NaN
dev,emi,colored,1,v6,NaN,NaN,NaN,NaN,0,0,0,0,0,NaN,0,0,0,NaN,NaN,NaN
dev,emi,colored,1,v7noD1,NaN,NaN,NaN,NaN,0,0,0,0,0,NaN,0,0,0,NaN,NaN,NaN
dev,emi,colored,1,v7noD2,NaN,NaN,NaN,NaN,0,0,0,0,0,NaN,0,0,0,NaN,NaN,NaN
dev,emi,colored,1,v7,NaN,NaN,NaN,NaN,0,0,0,0,0,NaN,0,0,0,NaN,NaN,NaN
dev,emi,colored,2,v6,NaN,NaN,NaN,NaN,0,0,0,0,0,NaN,0,0,0,NaN,NaN,NaN
dev,emi,colored,2,v7noD1,NaN,NaN,NaN,NaN,0,0,0,0,0,NaN,0,0,0,NaN,NaN,NaN
dev,emi,colored,2,v7noD2,NaN,NaN,NaN,NaN,0,0,0,0,0,NaN,0,0,0,NaN,NaN,NaN
dev,emi,colored,2,v7,NaN,NaN,NaN,NaN,0,0,0,0,0,NaN,0,0,0,NaN,NaN,NaN
dev,emi,colored,3,v6,NaN,NaN,NaN,NaN,0,0,0,0,0,NaN,0,0,0,NaN,NaN,NaN
dev,emi,colored,3,v7noD1,NaN,NaN,NaN,NaN,0,0,0,0,0,NaN,0,0,0,NaN,NaN,NaN
dev,emi,colored,3,v7noD2,NaN,NaN,NaN,NaN,0,0,0,0,0,NaN,0,0,0,NaN,NaN,NaN
dev,emi,colored,3,v7,NaN,NaN,NaN,NaN,0,0,0,0,0,NaN,0,0,0,NaN,NaN,NaN
dev,emi,colored,4,v6,NaN,NaN,NaN,NaN,0,0,0,0,0,NaN,0,0,0,NaN,NaN,NaN
dev,emi,colored,4,v7noD1,NaN,NaN,NaN,NaN,0,0,0,0,0,NaN,0,0,0,NaN,NaN,NaN
dev,emi,colored,4,v7noD2,NaN,NaN,NaN,NaN,0,0,0,0,0,NaN,0,0,0,NaN,NaN,NaN
dev,emi,colored,4,v7,NaN,NaN,NaN,NaN,0,0,0,0,0,NaN,0,0,0,NaN,NaN,NaN
dev,emi,colored,5,v6,NaN,NaN,NaN,NaN,3.94736842105263,0.315789473684211,0,0,0.0131578947368421,NaN,0,0,0,NaN,NaN,NaN
dev,emi,colored,5,v7noD1,NaN,NaN,NaN,NaN,3.94736842105263,0.315789473684211,0,0,0.0131578947368421,NaN,0,0,0,NaN,NaN,NaN
dev,emi,colored,5,v7noD2,NaN,NaN,NaN,NaN,3.94736842105263,0.157894736842105,0,0,0.0236842105263158,NaN,0,0,0,NaN,NaN,NaN
dev,emi,colored,5,v7,NaN,NaN,NaN,NaN,3.94736842105263,0.157894736842105,0,0,0.0236842105263158,NaN,0,0,0,NaN,NaN,NaN
dev,emi,colored,6,v6,NaN,NaN,NaN,NaN,2.68421052631579,0.157894736842105,0,0,0,NaN,0,0,0,NaN,NaN,NaN
dev,emi,colored,6,v7noD1,NaN,NaN,NaN,NaN,2.68421052631579,0.157894736842105,0,0,0,NaN,0,0,0,NaN,NaN,NaN
dev,emi,colored,6,v7noD2,NaN,NaN,NaN,NaN,2.68421052631579,0.157894736842105,0,0,0,NaN,0,0,0,NaN,NaN,NaN
dev,emi,colored,6,v7,NaN,NaN,NaN,NaN,2.68421052631579,0.157894736842105,0,0,0,NaN,0,0,0,NaN,NaN,NaN
dev,emi,colored,7,v6,NaN,NaN,NaN,NaN,0,0,0,0,0,NaN,0,0,0,NaN,NaN,NaN
dev,emi,colored,7,v7noD1,NaN,NaN,NaN,NaN,0,0,0,0,0,NaN,0,0,0,NaN,NaN,NaN
dev,emi,colored,7,v7noD2,NaN,NaN,NaN,NaN,0,0,0,0,0,NaN,0,0,0,NaN,NaN,NaN
dev,emi,colored,7,v7,NaN,NaN,NaN,NaN,0,0,0,0,0,NaN,0,0,0,NaN,NaN,NaN
dev,emi,colored,8,v6,NaN,NaN,NaN,NaN,0.157894736842105,0.157894736842105,0,0,0,NaN,0,0,0.00645161290322581,NaN,NaN,NaN
dev,emi,colored,8,v7noD1,NaN,NaN,NaN,NaN,0.157894736842105,0.157894736842105,0,0,0,NaN,0,0,0.00645161290322581,NaN,NaN,NaN
dev,emi,colored,8,v7noD2,NaN,NaN,NaN,NaN,0.157894736842105,0.157894736842105,0,0,0,NaN,0,0,0.00645161290322581,NaN,NaN,NaN
dev,emi,colored,8,v7,NaN,NaN,NaN,NaN,0.157894736842105,0.157894736842105,0,0,0,NaN,0,0,0.00645161290322581,NaN,NaN,NaN
dev,emi,colored,9,v6,NaN,NaN,NaN,NaN,0,0,0,0,0,NaN,0,0,0,NaN,NaN,NaN
dev,emi,colored,9,v7noD1,NaN,NaN,NaN,NaN,0,0,0,0,0,NaN,0,0,0,NaN,NaN,NaN
dev,emi,colored,9,v7noD2,NaN,NaN,NaN,NaN,0,0,0,0,0,NaN,0,0,0,NaN,NaN,NaN
dev,emi,colored,9,v7,NaN,NaN,NaN,NaN,0,0,0,0,0,NaN,0,0,0,NaN,NaN,NaN
dev,bme-fault,white,0,v6,NaN,NaN,NaN,NaN,0,0,0,0,0,NaN,0,0,NaN,0,0,0.927777777777778
dev,bme-fault,white,0,v7noD1,NaN,NaN,NaN,NaN,0,0,0,0,0,NaN,0,0,NaN,0,0,0.927777777777778
dev,bme-fault,white,0,v7noD2,NaN,NaN,NaN,NaN,0,0,0,0,0,NaN,0,0,NaN,0,0,0.927777777777778
dev,bme-fault,white,0,v7,NaN,NaN,NaN,NaN,0,0,0,0,0,NaN,0,0,NaN,0,0,0.927777777777778
dev,bme-fault,white,1,v6,NaN,NaN,NaN,NaN,0,0,0,0,0,NaN,0,0,NaN,0,0,0.927777777777778
dev,bme-fault,white,1,v7noD1,NaN,NaN,NaN,NaN,0,0,0,0,0,NaN,0,0,NaN,0,0,0.927777777777778
dev,bme-fault,white,1,v7noD2,NaN,NaN,NaN,NaN,0,0,0,0,0,NaN,0,0,NaN,0,0,0.927777777777778
dev,bme-fault,white,1,v7,NaN,NaN,NaN,NaN,0,0,0,0,0,NaN,0,0,NaN,0,0,0.927777777777778
dev,bme-fault,white,2,v6,NaN,NaN,NaN,NaN,0,0,0,0,0,NaN,0,0,NaN,0,0.0111111111111111,0.916666666666667
dev,bme-fault,white,2,v7noD1,NaN,NaN,NaN,NaN,0,0,0,0,0,NaN,0,0,NaN,0,0.0111111111111111,0.916666666666667
dev,bme-fault,white,2,v7noD2,NaN,NaN,NaN,NaN,0,0,0,0,0,NaN,0,0,NaN,0,0.0111111111111111,0.916666666666667
dev,bme-fault,white,2,v7,NaN,NaN,NaN,NaN,0,0,0,0,0,NaN,0,0,NaN,0,0.0111111111111111,0.916666666666667
dev,bme-fault,white,3,v6,NaN,NaN,NaN,NaN,0,0,0,0,0,NaN,0,0,NaN,0,0,0.927777777777778
dev,bme-fault,white,3,v7noD1,NaN,NaN,NaN,NaN,0,0,0,0,0,NaN,0,0,NaN,0,0,0.927777777777778
dev,bme-fault,white,3,v7noD2,NaN,NaN,NaN,NaN,0,0,0,0,0,NaN,0,0,NaN,0,0,0.927777777777778
dev,bme-fault,white,3,v7,NaN,NaN,NaN,NaN,0,0,0,0,0,NaN,0,0,NaN,0,0,0.927777777777778
dev,bme-fault,white,4,v6,NaN,NaN,NaN,NaN,0,0,0,0,0,NaN,0,0,NaN,0,0,0.933333333333333
dev,bme-fault,white,4,v7noD1,NaN,NaN,NaN,NaN,0,0,0,0,0,NaN,0,0,NaN,0,0,0.933333333333333
dev,bme-fault,white,4,v7noD2,NaN,NaN,NaN,NaN,0,0,0,0,0,NaN,0,0,NaN,0,0,0.933333333333333
dev,bme-fault,white,4,v7,NaN,NaN,NaN,NaN,0,0,0,0,0,NaN,0,0,NaN,0,0,0.933333333333333
dev,bme-fault,white,5,v6,NaN,NaN,NaN,NaN,0,0,0,0,0,NaN,0,0,NaN,0,0,0.927777777777778
dev,bme-fault,white,5,v7noD1,NaN,NaN,NaN,NaN,0,0,0,0,0,NaN,0,0,NaN,0,0,0.927777777777778
dev,bme-fault,white,5,v7noD2,NaN,NaN,NaN,NaN,0,0,0,0,0,NaN,0,0,NaN,0,0,0.927777777777778
dev,bme-fault,white,5,v7,NaN,NaN,NaN,NaN,0,0,0,0,0,NaN,0,0,NaN,0,0,0.927777777777778
dev,bme-fault,white,6,v6,NaN,NaN,NaN,NaN,0.157894736842105,0.157894736842105,0,0,0,NaN,0,0,NaN,0,0,0.927777777777778
dev,bme-fault,white,6,v7noD1,NaN,NaN,NaN,NaN,0.157894736842105,0.157894736842105,0,0,0,NaN,0,0,NaN,0,0,0.927777777777778
dev,bme-fault,white,6,v7noD2,NaN,NaN,NaN,NaN,0.157894736842105,0.157894736842105,0,0,0,NaN,0,0,NaN,0,0,0.927777777777778
dev,bme-fault,white,6,v7,NaN,NaN,NaN,NaN,0.157894736842105,0.157894736842105,0,0,0,NaN,0,0,NaN,0,0,0.927777777777778
dev,bme-fault,white,7,v6,NaN,NaN,NaN,NaN,0,0,0,0,0,NaN,0,0,NaN,0,0,0.927777777777778
dev,bme-fault,white,7,v7noD1,NaN,NaN,NaN,NaN,0,0,0,0,0,NaN,0,0,NaN,0,0,0.927777777777778
dev,bme-fault,white,7,v7noD2,NaN,NaN,NaN,NaN,0,0,0,0,0,NaN,0,0,NaN,0,0,0.927777777777778
dev,bme-fault,white,7,v7,NaN,NaN,NaN,NaN,0,0,0,0,0,NaN,0,0,NaN,0,0,0.927777777777778
dev,bme-fault,white,8,v6,NaN,NaN,NaN,NaN,0,0,0,0,0,NaN,0,0,NaN,0,0,0.933333333333333
dev,bme-fault,white,8,v7noD1,NaN,NaN,NaN,NaN,0,0,0,0,0,NaN,0,0,NaN,0,0,0.933333333333333
dev,bme-fault,white,8,v7noD2,NaN,NaN,NaN,NaN,0,0,0,0,0,NaN,0,0,NaN,0,0,0.933333333333333
dev,bme-fault,white,8,v7,NaN,NaN,NaN,NaN,0,0,0,0,0,NaN,0,0,NaN,0,0,0.933333333333333
dev,bme-fault,white,9,v6,NaN,NaN,NaN,NaN,1.89473684210526,0.315789473684211,1,0,0,NaN,0,0,NaN,0,0,0.927777777777778
dev,bme-fault,white,9,v7noD1,NaN,NaN,NaN,NaN,1.89473684210526,0.315789473684211,1,0,0,NaN,0,0,NaN,0,0,0.927777777777778
dev,bme-fault,white,9,v7noD2,NaN,NaN,NaN,NaN,2.68421052631579,0.315789473684211,1,0,0,NaN,0,0,NaN,0,0,0.927777777777778
dev,bme-fault,white,9,v7,NaN,NaN,NaN,NaN,2.68421052631579,0.315789473684211,1,0,0,NaN,0,0,NaN,0,0,0.927777777777778
dev,bme-fault,colored,0,v6,NaN,NaN,NaN,NaN,6.47368421052632,0.789473684210526,1,0,0,NaN,0,0,NaN,0.166666666666667,0.00555555555555556,0.922222222222222
dev,bme-fault,colored,0,v7noD1,NaN,NaN,NaN,NaN,6.47368421052632,0.789473684210526,1,0,0,NaN,0,0,NaN,0.166666666666667,0.00555555555555556,0.922222222222222
dev,bme-fault,colored,0,v7noD2,NaN,NaN,NaN,NaN,1.89473684210526,0.315789473684211,0,0,0,NaN,0,0,NaN,0,0.00555555555555556,0.922222222222222
dev,bme-fault,colored,0,v7,NaN,NaN,NaN,NaN,1.89473684210526,0.315789473684211,0,0,0,NaN,0,0,NaN,0,0.00555555555555556,0.922222222222222
dev,bme-fault,colored,1,v6,NaN,NaN,NaN,NaN,0,0,0,0,0,NaN,0,0,NaN,0,0.0111111111111111,0.916666666666667
dev,bme-fault,colored,1,v7noD1,NaN,NaN,NaN,NaN,0,0,0,0,0,NaN,0,0,NaN,0,0.0111111111111111,0.916666666666667
dev,bme-fault,colored,1,v7noD2,NaN,NaN,NaN,NaN,0,0,0,0,0,NaN,0,0,NaN,0,0.0111111111111111,0.916666666666667
dev,bme-fault,colored,1,v7,NaN,NaN,NaN,NaN,0,0,0,0,0,NaN,0,0,NaN,0,0.0111111111111111,0.916666666666667
dev,bme-fault,colored,2,v6,NaN,NaN,NaN,NaN,0,0,0,0,0,NaN,0,0,NaN,0,0,0.927777777777778
dev,bme-fault,colored,2,v7noD1,NaN,NaN,NaN,NaN,0,0,0,0,0,NaN,0,0,NaN,0,0,0.927777777777778
dev,bme-fault,colored,2,v7noD2,NaN,NaN,NaN,NaN,0,0,0,0,0,NaN,0,0,NaN,0,0,0.927777777777778
dev,bme-fault,colored,2,v7,NaN,NaN,NaN,NaN,0,0,0,0,0,NaN,0,0,NaN,0,0,0.927777777777778
dev,bme-fault,colored,3,v6,NaN,NaN,NaN,NaN,0,0,0,0,0,NaN,0,0,NaN,0,0.00555555555555556,0.922222222222222
dev,bme-fault,colored,3,v7noD1,NaN,NaN,NaN,NaN,0,0,0,0,0,NaN,0,0,NaN,0,0.00555555555555556,0.922222222222222
dev,bme-fault,colored,3,v7noD2,NaN,NaN,NaN,NaN,0,0,0,0,0,NaN,0,0,NaN,0,0.00555555555555556,0.922222222222222
dev,bme-fault,colored,3,v7,NaN,NaN,NaN,NaN,0,0,0,0,0,NaN,0,0,NaN,0,0.00555555555555556,0.922222222222222
dev,bme-fault,colored,4,v6,NaN,NaN,NaN,NaN,0,0,0,0,0,NaN,0,0,NaN,0,0,0.933333333333333
dev,bme-fault,colored,4,v7noD1,NaN,NaN,NaN,NaN,0,0,0,0,0,NaN,0,0,NaN,0,0,0.933333333333333
dev,bme-fault,colored,4,v7noD2,NaN,NaN,NaN,NaN,0,0,0,0,0,NaN,0,0,NaN,0,0,0.933333333333333
dev,bme-fault,colored,4,v7,NaN,NaN,NaN,NaN,0,0,0,0,0,NaN,0,0,NaN,0,0,0.933333333333333
dev,bme-fault,colored,5,v6,NaN,NaN,NaN,NaN,10.7368421052632,0.947368421052632,0,0,0,NaN,0,0,NaN,0.327777777777778,0.00555555555555556,0.922222222222222
dev,bme-fault,colored,5,v7noD1,NaN,NaN,NaN,NaN,10.7368421052632,0.947368421052632,0,0,0,NaN,0,0,NaN,0.327777777777778,0.00555555555555556,0.922222222222222
dev,bme-fault,colored,5,v7noD2,NaN,NaN,NaN,NaN,4.57894736842105,0.157894736842105,0,0,0,NaN,0,0,NaN,0.111111111111111,0.00555555555555556,0.922222222222222
dev,bme-fault,colored,5,v7,NaN,NaN,NaN,NaN,4.57894736842105,0.157894736842105,0,0,0,NaN,0,0,NaN,0.111111111111111,0.00555555555555556,0.922222222222222
dev,bme-fault,colored,6,v6,NaN,NaN,NaN,NaN,0.789473684210526,0.157894736842105,0,0,0,NaN,0,0,NaN,0.0277777777777778,0.00555555555555556,0.922222222222222
dev,bme-fault,colored,6,v7noD1,NaN,NaN,NaN,NaN,0.789473684210526,0.157894736842105,0,0,0,NaN,0,0,NaN,0.0277777777777778,0.00555555555555556,0.922222222222222
dev,bme-fault,colored,6,v7noD2,NaN,NaN,NaN,NaN,0.789473684210526,0.157894736842105,0,0,0,NaN,0,0,NaN,0.0277777777777778,0.00555555555555556,0.922222222222222
dev,bme-fault,colored,6,v7,NaN,NaN,NaN,NaN,0.789473684210526,0.157894736842105,0,0,0,NaN,0,0,NaN,0.0277777777777778,0.00555555555555556,0.922222222222222
dev,bme-fault,colored,7,v6,NaN,NaN,NaN,NaN,0,0,0,0,0,NaN,0,0,NaN,0,0,0.927777777777778
dev,bme-fault,colored,7,v7noD1,NaN,NaN,NaN,NaN,0,0,0,0,0,NaN,0,0,NaN,0,0,0.927777777777778
dev,bme-fault,colored,7,v7noD2,NaN,NaN,NaN,NaN,0,0,0,0,0,NaN,0,0,NaN,0,0,0.927777777777778
dev,bme-fault,colored,7,v7,NaN,NaN,NaN,NaN,0,0,0,0,0,NaN,0,0,NaN,0,0,0.927777777777778
dev,bme-fault,colored,8,v6,NaN,NaN,NaN,NaN,0,0,0,0,0,NaN,0,0,NaN,0,0,0.933333333333333
dev,bme-fault,colored,8,v7noD1,NaN,NaN,NaN,NaN,0,0,0,0,0,NaN,0,0,NaN,0,0,0.933333333333333
dev,bme-fault,colored,8,v7noD2,NaN,NaN,NaN,NaN,0,0,0,0,0,NaN,0,0,NaN,0,0,0.933333333333333
dev,bme-fault,colored,8,v7,NaN,NaN,NaN,NaN,0,0,0,0,0,NaN,0,0,NaN,0,0,0.933333333333333
dev,bme-fault,colored,9,v6,NaN,NaN,NaN,NaN,0,0,0,0,0,NaN,0,0,NaN,0,0.00555555555555556,0.922222222222222
dev,bme-fault,colored,9,v7noD1,NaN,NaN,NaN,NaN,0,0,0,0,0,NaN,0,0,NaN,0,0.00555555555555556,0.922222222222222
dev,bme-fault,colored,9,v7noD2,NaN,NaN,NaN,NaN,0,0,0,0,0,NaN,0,0,NaN,0,0.00555555555555556,0.922222222222222
dev,bme-fault,colored,9,v7,NaN,NaN,NaN,NaN,0,0,0,0,0,NaN,0,0,NaN,0,0.00555555555555556,0.922222222222222
dev,hyst-relax,white,0,v6,1,3.5,0.876190476190476,0.876190476190476,19.8947368421053,2.21052631578947,3,0,0.0605263157894737,0.10952380952381,10,0,NaN,NaN,NaN,NaN
dev,hyst-relax,white,0,v7noD1,1,3.5,0.876190476190476,0.876190476190476,19.8947368421053,2.21052631578947,3,0,0.0605263157894737,0.10952380952381,10,0,NaN,NaN,NaN,NaN
dev,hyst-relax,white,0,v7noD2,1,3.5,0.942857142857143,0.942857142857143,58.421052631579,2.68421052631579,3,0,0.0315789473684211,0.0428571428571429,22,0,NaN,NaN,NaN,NaN
dev,hyst-relax,white,0,v7,1,3.5,0.866666666666667,0.866666666666667,58.7368421052632,2.68421052631579,3,3,0.0315789473684211,0.0428571428571429,22,0,NaN,NaN,NaN,NaN
dev,hyst-relax,white,1,v6,1,3.5,0.928571428571429,0.928571428571429,24,2.68421052631579,4,0,0.0315789473684211,0.0571428571428571,16,0,NaN,NaN,NaN,NaN
dev,hyst-relax,white,1,v7noD1,1,3.5,0.928571428571429,0.928571428571429,24,2.68421052631579,4,0,0.0315789473684211,0.0571428571428571,16,0,NaN,NaN,NaN,NaN
dev,hyst-relax,white,1,v7noD2,1,3.5,0.980952380952381,0.980952380952381,85.5789473684211,3.31578947368421,2,0,0.00263157894736842,0.00476190476190476,24,0,NaN,NaN,NaN,NaN
dev,hyst-relax,white,1,v7,1,3.5,0.89047619047619,0.89047619047619,87.4736842105263,3.31578947368421,2,3,0,0,24,0,NaN,NaN,NaN,NaN
dev,hyst-relax,white,2,v6,1,3.5,0.985714285714286,0.985714285714286,16.1052631578947,1.57894736842105,2,0,0,0,0,0,NaN,NaN,NaN,NaN
dev,hyst-relax,white,2,v7noD1,1,3.5,0.985714285714286,0.985714285714286,16.1052631578947,1.57894736842105,2,0,0,0,0,0,NaN,NaN,NaN,NaN
dev,hyst-relax,white,2,v7noD2,1,3.5,0.985714285714286,0.985714285714286,15.4736842105263,0.947368421052632,2,0,0,0,0,0,NaN,NaN,NaN,NaN
dev,hyst-relax,white,2,v7,1,3.5,0.9,0.9,15.4736842105263,0.947368421052632,2,3,0,0,0,0,NaN,NaN,NaN,NaN
dev,hyst-relax,white,3,v6,1,4.5,0.866666666666667,0.866666666666667,20.0526315789474,1.89473684210526,3,0,0.0631578947368421,0.114285714285714,13,0,NaN,NaN,NaN,NaN
dev,hyst-relax,white,3,v7noD1,1,4.5,0.866666666666667,0.866666666666667,20.0526315789474,1.89473684210526,3,0,0.0631578947368421,0.114285714285714,13,0,NaN,NaN,NaN,NaN
dev,hyst-relax,white,3,v7noD2,1,4.5,0.89047619047619,0.89047619047619,66.9473684210526,2.84210526315789,3,0,0.05,0.0904761904761905,25,0,NaN,NaN,NaN,NaN
dev,hyst-relax,white,3,v7,1,4.5,0.819047619047619,0.819047619047619,66.7894736842105,2.84210526315789,3,2,0.0526315789473684,0.0952380952380952,25,0,NaN,NaN,NaN,NaN
dev,hyst-relax,white,4,v6,1,4.5,0.942857142857143,0.942857142857143,9.47368421052632,1.73684210526316,1,0,0.0210526315789474,0.0380952380952381,15,0,NaN,NaN,NaN,NaN
dev,hyst-relax,white,4,v7noD1,1,4.5,0.942857142857143,0.942857142857143,9.47368421052632,1.73684210526316,1,0,0.0210526315789474,0.0380952380952381,15,0,NaN,NaN,NaN,NaN
dev,hyst-relax,white,4,v7noD2,1,4.5,0.957142857142857,0.957142857142857,53.2105263157895,2.36842105263158,1,0,0.0263157894736842,0.0238095238095238,25,0,NaN,NaN,NaN,NaN
dev,hyst-relax,white,4,v7,1,4.5,0.89047619047619,0.89047619047619,53.2105263157895,2.36842105263158,1,2,0.0263157894736842,0.0238095238095238,25,0,NaN,NaN,NaN,NaN
dev,hyst-relax,white,5,v6,1,4.5,0.980952380952381,0.980952380952381,22.5789473684211,2.68421052631579,4,0,0,0,8,0,NaN,NaN,NaN,NaN
dev,hyst-relax,white,5,v7noD1,1,4.5,0.980952380952381,0.980952380952381,22.5789473684211,2.68421052631579,4,0,0,0,8,0,NaN,NaN,NaN,NaN
dev,hyst-relax,white,5,v7noD2,1,4.5,0.980952380952381,0.980952380952381,70.7368421052632,2.21052631578947,3,0,0,0,25,0,NaN,NaN,NaN,NaN
dev,hyst-relax,white,5,v7,1,4.5,0.885714285714286,0.885714285714286,70.7368421052632,2.21052631578947,3,3,0,0,25,0,NaN,NaN,NaN,NaN
dev,hyst-relax,white,6,v6,1,4.5,0.923809523809524,0.923809523809524,14.5263157894737,2.68421052631579,2,0,0.0315789473684211,0.0571428571428571,8,0,NaN,NaN,NaN,NaN
dev,hyst-relax,white,6,v7noD1,1,4.5,0.923809523809524,0.923809523809524,14.5263157894737,2.68421052631579,2,0,0.0315789473684211,0.0571428571428571,8,0,NaN,NaN,NaN,NaN
dev,hyst-relax,white,6,v7noD2,1,4.5,0.976190476190476,0.976190476190476,99.9473684210526,4.42105263157895,3,0,0.0289473684210526,0.00476190476190476,25,0,NaN,NaN,NaN,NaN
dev,hyst-relax,white,6,v7,1,4.5,0.90952380952381,0.90952380952381,99.9473684210526,4.42105263157895,3,2,0.0289473684210526,0.00476190476190476,25,0,NaN,NaN,NaN,NaN
dev,hyst-relax,white,7,v6,1,4.5,0.976190476190476,0.976190476190476,18.9473684210526,3.31578947368421,3,0,0.00263157894736842,0.00476190476190476,13,0,NaN,NaN,NaN,NaN
dev,hyst-relax,white,7,v7noD1,1,4.5,0.976190476190476,0.976190476190476,18.9473684210526,3.31578947368421,3,0,0.00263157894736842,0.00476190476190476,13,0,NaN,NaN,NaN,NaN
dev,hyst-relax,white,7,v7noD2,1,5.5,0.971428571428571,0.971428571428571,38.0526315789474,2.36842105263158,4,0,0.00263157894736842,0.00476190476190476,25,0,NaN,NaN,NaN,NaN
dev,hyst-relax,white,7,v7,1,5.5,0.880952380952381,0.880952380952381,38.0526315789474,2.36842105263158,4,3,0.00263157894736842,0.00476190476190476,25,0,NaN,NaN,NaN,NaN
dev,hyst-relax,white,8,v6,1,4.5,0.866666666666667,0.866666666666667,29.5263157894737,3,4,0,0.0631578947368421,0.114285714285714,22,0,NaN,NaN,NaN,NaN
dev,hyst-relax,white,8,v7noD1,1,4.5,0.866666666666667,0.866666666666667,29.5263157894737,3,4,0,0.0631578947368421,0.114285714285714,22,0,NaN,NaN,NaN,NaN
dev,hyst-relax,white,8,v7noD2,1,4.5,0.9,0.9,93.9473684210526,3.15789473684211,3,0,0.0447368421052632,0.080952380952381,25,0,NaN,NaN,NaN,NaN
dev,hyst-relax,white,8,v7,1,4.5,0.838095238095238,0.838095238095238,93.9473684210526,3.15789473684211,3,2,0.0447368421052632,0.080952380952381,25,0,NaN,NaN,NaN,NaN
dev,hyst-relax,white,9,v6,1,3.5,0.876190476190476,0.876190476190476,38.8421052631579,3.15789473684211,4,0,0.0605263157894737,0.10952380952381,18,0,NaN,NaN,NaN,NaN
dev,hyst-relax,white,9,v7noD1,1,3.5,0.876190476190476,0.876190476190476,38.8421052631579,3.15789473684211,4,0,0.0605263157894737,0.10952380952381,18,0,NaN,NaN,NaN,NaN
dev,hyst-relax,white,9,v7noD2,1,3.5,0.90952380952381,0.90952380952381,83.8421052631579,3.31578947368421,5,0,0.0421052631578947,0.0761904761904762,25,0,NaN,NaN,NaN,NaN
dev,hyst-relax,white,9,v7,1,3.5,0.852380952380952,0.852380952380952,83.8421052631579,3.31578947368421,5,2,0.0421052631578947,0.0761904761904762,25,0,NaN,NaN,NaN,NaN
dev,hyst-relax,colored,0,v6,1,25.5,0.880952380952381,0.880952380952381,6.47368421052632,0.789473684210526,1,0,0,0,0,0,NaN,NaN,NaN,NaN
dev,hyst-relax,colored,0,v7noD1,1,25.5,0.880952380952381,0.880952380952381,6.47368421052632,0.789473684210526,1,0,0,0,0,0,NaN,NaN,NaN,NaN
dev,hyst-relax,colored,0,v7noD2,1,25.5,0.880952380952381,0.880952380952381,1.89473684210526,0.315789473684211,0,0,0,0,0,0,NaN,NaN,NaN,NaN
dev,hyst-relax,colored,0,v7,1,25.5,0.785714285714286,0.785714285714286,1.89473684210526,0.315789473684211,0,1,0,0,0,0,NaN,NaN,NaN,NaN
dev,hyst-relax,colored,1,v6,1,33.5,0.828571428571429,0.828571428571429,0,0,0,0,0.00526315789473684,0.00952380952380952,0,0,NaN,NaN,NaN,NaN
dev,hyst-relax,colored,1,v7noD1,1,33.5,0.828571428571429,0.828571428571429,0,0,0,0,0.00526315789473684,0.00952380952380952,0,0,NaN,NaN,NaN,NaN
dev,hyst-relax,colored,1,v7noD2,1,33.5,0.842857142857143,0.842857142857143,0,0,0,0,0,0,0,0,NaN,NaN,NaN,NaN
dev,hyst-relax,colored,1,v7,1,33.5,0.7,0.7,0,0,0,1,0.00526315789473684,0.00952380952380952,0,0,NaN,NaN,NaN,NaN
dev,hyst-relax,colored,2,v6,1,19.5,0.90952380952381,0.90952380952381,0,0,0,0,0,0,0,0,NaN,NaN,NaN,NaN
dev,hyst-relax,colored,2,v7noD1,1,19.5,0.90952380952381,0.90952380952381,0,0,0,0,0,0,0,0,NaN,NaN,NaN,NaN
dev,hyst-relax,colored,2,v7noD2,1,19.5,0.90952380952381,0.90952380952381,0,0,0,0,0,0,0,0,NaN,NaN,NaN,NaN
dev,hyst-relax,colored,2,v7,1,19.5,0.828571428571429,0.828571428571429,0,0,0,1,0,0,0,0,NaN,NaN,NaN,NaN
dev,hyst-relax,colored,3,v6,1,16.5,0.866666666666667,0.866666666666667,0,0,0,0,0.00789473684210526,0.0142857142857143,0,0,NaN,NaN,NaN,NaN
dev,hyst-relax,colored,3,v7noD1,1,16.5,0.866666666666667,0.866666666666667,0,0,0,0,0.00789473684210526,0.0142857142857143,0,0,NaN,NaN,NaN,NaN
dev,hyst-relax,colored,3,v7noD2,1,16.5,0.871428571428571,0.871428571428571,0,0,0,0,0.0236842105263158,0.0428571428571429,0,0,NaN,NaN,NaN,NaN
dev,hyst-relax,colored,3,v7,1,16.5,0.795238095238095,0.795238095238095,0,0,0,1,0.0236842105263158,0.0428571428571429,0,0,NaN,NaN,NaN,NaN
dev,hyst-relax,colored,4,v6,1,13.5,0.938095238095238,0.938095238095238,6.63157894736842,0.631578947368421,1,0,0,0,0,0,NaN,NaN,NaN,NaN
dev,hyst-relax,colored,4,v7noD1,1,13.5,0.938095238095238,0.938095238095238,6.63157894736842,0.631578947368421,1,0,0,0,0,0,NaN,NaN,NaN,NaN
dev,hyst-relax,colored,4,v7noD2,1,13.5,0.938095238095238,0.938095238095238,4.57894736842105,0.315789473684211,1,0,0,0,0,0,NaN,NaN,NaN,NaN
dev,hyst-relax,colored,4,v7,1,13.5,0.771428571428571,0.771428571428571,4.57894736842105,0.315789473684211,1,2,0,0,0,0,NaN,NaN,NaN,NaN
dev,hyst-relax,colored,5,v6,1,10.5,0.904761904761905,0.904761904761905,3.94736842105263,0.315789473684211,0,0,0.0131578947368421,0.0238095238095238,0,0,NaN,NaN,NaN,NaN
dev,hyst-relax,colored,5,v7noD1,1,10.5,0.904761904761905,0.904761904761905,3.94736842105263,0.315789473684211,0,0,0.0131578947368421,0.0238095238095238,0,0,NaN,NaN,NaN,NaN
dev,hyst-relax,colored,5,v7noD2,1,10.5,0.904761904761905,0.904761904761905,3.94736842105263,0.157894736842105,0,0,0.0210526315789474,0.0380952380952381,0,0,NaN,NaN,NaN,NaN
dev,hyst-relax,colored,5,v7,1,10.5,0.780952380952381,0.780952380952381,3.94736842105263,0.157894736842105,0,1,0.0210526315789474,0.0380952380952381,0,0,NaN,NaN,NaN,NaN
dev,hyst-relax,colored,6,v6,1,22.5,0.847619047619048,0.847619047619048,0.157894736842105,0.157894736842105,0,0,0.0263157894736842,0.0476190476190476,0,0,NaN,NaN,NaN,NaN
dev,hyst-relax,colored,6,v7noD1,1,22.5,0.847619047619048,0.847619047619048,0.157894736842105,0.157894736842105,0,0,0.0263157894736842,0.0476190476190476,0,0,NaN,NaN,NaN,NaN
dev,hyst-relax,colored,6,v7noD2,1,22.5,0.857142857142857,0.857142857142857,0.157894736842105,0.157894736842105,0,0,0.0210526315789474,0.0380952380952381,0,0,NaN,NaN,NaN,NaN
dev,hyst-relax,colored,6,v7,1,22.5,0.747619047619048,0.747619047619048,0.157894736842105,0.157894736842105,0,1,0.0263157894736842,0.0476190476190476,0,0,NaN,NaN,NaN,NaN
dev,hyst-relax,colored,7,v6,1,12.5,0.942857142857143,0.942857142857143,0,0,0,0,0,0,0,0,NaN,NaN,NaN,NaN
dev,hyst-relax,colored,7,v7noD1,1,12.5,0.942857142857143,0.942857142857143,0,0,0,0,0,0,0,0,NaN,NaN,NaN,NaN
dev,hyst-relax,colored,7,v7noD2,1,12.5,0.942857142857143,0.942857142857143,0,0,0,0,0,0,0,0,NaN,NaN,NaN,NaN
dev,hyst-relax,colored,7,v7,1,12.5,0.828571428571429,0.828571428571429,0,0,0,1,0,0,0,0,NaN,NaN,NaN,NaN
dev,hyst-relax,colored,8,v6,1,22.5,0.895238095238095,0.895238095238095,0.157894736842105,0.157894736842105,0,0,0,0,0,0,NaN,NaN,NaN,NaN
dev,hyst-relax,colored,8,v7noD1,1,22.5,0.895238095238095,0.895238095238095,0.157894736842105,0.157894736842105,0,0,0,0,0,0,NaN,NaN,NaN,NaN
dev,hyst-relax,colored,8,v7noD2,1,22.5,0.895238095238095,0.895238095238095,0.157894736842105,0.157894736842105,0,0,0,0,0,0,NaN,NaN,NaN,NaN
dev,hyst-relax,colored,8,v7,1,22.5,0.742857142857143,0.742857142857143,0.157894736842105,0.157894736842105,0,1,0,0,0,0,NaN,NaN,NaN,NaN
dev,hyst-relax,colored,9,v6,1,12.5,0.942857142857143,0.942857142857143,0,0,0,0,0,0,0,0,NaN,NaN,NaN,NaN
dev,hyst-relax,colored,9,v7noD1,1,12.5,0.942857142857143,0.942857142857143,0,0,0,0,0,0,0,0,NaN,NaN,NaN,NaN
dev,hyst-relax,colored,9,v7noD2,1,12.5,0.942857142857143,0.942857142857143,0,0,0,0,0,0,0,0,NaN,NaN,NaN,NaN
dev,hyst-relax,colored,9,v7,1,12.5,0.838095238095238,0.838095238095238,0,0,0,1,0,0,0,0,NaN,NaN,NaN,NaN
dev,day-cycle,white,0,v6,1,4.5,0.938888888888889,0.938888888888889,0,0,0,0,0.00789473684210526,0.0166666666666667,0,0,NaN,NaN,NaN,NaN
dev,day-cycle,white,0,v7noD1,1,4.5,0.794444444444444,0.794444444444444,0,0,0,1,0.00789473684210526,0.0166666666666667,0,0,NaN,NaN,NaN,NaN
dev,day-cycle,white,0,v7noD2,1,4.5,0.961111111111111,0.961111111111111,0,0,0,0,0.00789473684210526,0.0166666666666667,0,0,NaN,NaN,NaN,NaN
dev,day-cycle,white,0,v7,1,4.5,0.855555555555556,0.855555555555556,0,0,0,4,0.00789473684210526,0.0166666666666667,0,0,NaN,NaN,NaN,NaN
dev,day-cycle,white,1,v6,1,4.5,0.944444444444444,0.944444444444444,0.157894736842105,0.157894736842105,0,0,0.0131578947368421,0.0277777777777778,0,0,NaN,NaN,NaN,NaN
dev,day-cycle,white,1,v7noD1,1,4.5,0.805555555555556,0.805555555555556,0.157894736842105,0.157894736842105,0,1,0,0,0,0,NaN,NaN,NaN,NaN
dev,day-cycle,white,1,v7noD2,1,4.5,0.95,0.95,0.157894736842105,0.157894736842105,0,0,0.0105263157894737,0.0222222222222222,0,0,NaN,NaN,NaN,NaN
dev,day-cycle,white,1,v7,1,4.5,0.811111111111111,0.811111111111111,0.157894736842105,0.157894736842105,0,4,0.0131578947368421,0.0277777777777778,0,0,NaN,NaN,NaN,NaN
dev,day-cycle,white,2,v6,1,4.5,0.977777777777778,0.977777777777778,0,0,0,0,0,0,0,0,NaN,NaN,NaN,NaN
dev,day-cycle,white,2,v7noD1,1,4.5,0.816666666666667,0.816666666666667,0,0,0,1,0,0,0,0,NaN,NaN,NaN,NaN
dev,day-cycle,white,2,v7noD2,1,4.5,0.972222222222222,0.972222222222222,0,0,0,0,0,0,0,0,NaN,NaN,NaN,NaN
dev,day-cycle,white,2,v7,1,4.5,0.816666666666667,0.816666666666667,0,0,0,5,0,0,0,0,NaN,NaN,NaN,NaN
dev,day-cycle,white,3,v6,1,3.5,0.983333333333333,0.983333333333333,0,0,0,0,0,0,0,0,NaN,NaN,NaN,NaN
dev,day-cycle,white,3,v7noD1,1,3.5,0.844444444444444,0.844444444444444,0,0,0,1,0,0,0,0,NaN,NaN,NaN,NaN
dev,day-cycle,white,3,v7noD2,1,3.5,0.977777777777778,0.977777777777778,0,0,0,0,0,0,0,0,NaN,NaN,NaN,NaN
dev,day-cycle,white,3,v7,1,3.5,0.833333333333333,0.833333333333333,0,0,0,5,0,0,0,0,NaN,NaN,NaN,NaN
dev,day-cycle,white,4,v6,1,4.5,0.977777777777778,0.977777777777778,0,0,0,0,0,0,0,0,NaN,NaN,NaN,NaN
dev,day-cycle,white,4,v7noD1,1,4.5,0.811111111111111,0.811111111111111,0,0,0,1,0,0,0,0,NaN,NaN,NaN,NaN
dev,day-cycle,white,4,v7noD2,1,4.5,0.972222222222222,0.972222222222222,0,0,0,0,0,0,0,0,NaN,NaN,NaN,NaN
dev,day-cycle,white,4,v7,1,4.5,0.827777777777778,0.827777777777778,0,0,0,5,0,0,0,0,NaN,NaN,NaN,NaN
dev,day-cycle,white,5,v6,1,4.5,0.977777777777778,0.977777777777778,0,0,0,0,0,0,0,0,NaN,NaN,NaN,NaN
dev,day-cycle,white,5,v7noD1,1,4.5,0.827777777777778,0.827777777777778,0,0,0,1,0,0,0,0,NaN,NaN,NaN,NaN
dev,day-cycle,white,5,v7noD2,1,4.5,0.972222222222222,0.972222222222222,0,0,0,0,0,0,0,0,NaN,NaN,NaN,NaN
dev,day-cycle,white,5,v7,1,4.5,0.811111111111111,0.811111111111111,0,0,0,5,0,0,0,0,NaN,NaN,NaN,NaN
dev,day-cycle,white,6,v6,1,3.5,0.983333333333333,0.983333333333333,0,0,0,0,0,0,0,0,NaN,NaN,NaN,NaN
dev,day-cycle,white,6,v7noD1,1,3.5,0.822222222222222,0.822222222222222,0,0,0,2,0,0,0,0,NaN,NaN,NaN,NaN
dev,day-cycle,white,6,v7noD2,1,3.5,0.977777777777778,0.977777777777778,0,0,0,0,0,0,0,0,NaN,NaN,NaN,NaN
dev,day-cycle,white,6,v7,1,3.5,0.827777777777778,0.827777777777778,0,0,0,5,0,0,0,0,NaN,NaN,NaN,NaN
dev,day-cycle,white,7,v6,1,3.5,0.983333333333333,0.983333333333333,0,0,0,0,0,0,0,0,NaN,NaN,NaN,NaN
dev,day-cycle,white,7,v7noD1,1,3.5,0.838888888888889,0.838888888888889,0,0,0,1,0,0,0,0,NaN,NaN,NaN,NaN
dev,day-cycle,white,7,v7noD2,1,3.5,0.977777777777778,0.977777777777778,0,0,0,0,0,0,0,0,NaN,NaN,NaN,NaN
dev,day-cycle,white,7,v7,1,3.5,0.816666666666667,0.816666666666667,0,0,0,5,0,0,0,0,NaN,NaN,NaN,NaN
dev,day-cycle,white,8,v6,1,5.5,0.972222222222222,0.972222222222222,0,0,0,0,0,0,0,0,NaN,NaN,NaN,NaN
dev,day-cycle,white,8,v7noD1,1,5.5,0.811111111111111,0.811111111111111,0,0,0,1,0,0,0,0,NaN,NaN,NaN,NaN
dev,day-cycle,white,8,v7noD2,1,5.5,0.966666666666667,0.966666666666667,0,0,0,0,0,0,0,0,NaN,NaN,NaN,NaN
dev,day-cycle,white,8,v7,1,5.5,0.822222222222222,0.822222222222222,0,0,0,5,0,0,0,0,NaN,NaN,NaN,NaN
dev,day-cycle,white,9,v6,1,4.5,0.977777777777778,0.977777777777778,0,0,0,0,0,0,0,0,NaN,NaN,NaN,NaN
dev,day-cycle,white,9,v7noD1,1,4.5,0.811111111111111,0.811111111111111,0,0,0,1,0,0,0,0,NaN,NaN,NaN,NaN
dev,day-cycle,white,9,v7noD2,1,4.5,0.972222222222222,0.972222222222222,0,0,0,0,0,0,0,0,NaN,NaN,NaN,NaN
dev,day-cycle,white,9,v7,1,4.5,0.822222222222222,0.822222222222222,0,0,0,5,0,0,0,0,NaN,NaN,NaN,NaN
dev,day-cycle,colored,0,v6,1,15.5,0.916666666666667,0.916666666666667,3.15789473684211,0.157894736842105,0,0,0,0,0,0,NaN,NaN,NaN,NaN
dev,day-cycle,colored,0,v7noD1,1,15.5,0.622222222222222,0.622222222222222,3.15789473684211,0.157894736842105,0,1,0,0,0,0,NaN,NaN,NaN,NaN
dev,day-cycle,colored,0,v7noD2,1,15.5,0.827777777777778,0.827777777777778,4.57894736842105,0.315789473684211,1,1,0,0,0,0,NaN,NaN,NaN,NaN
dev,day-cycle,colored,0,v7,1,15.5,0.655555555555556,0.655555555555556,4.57894736842105,0.315789473684211,1,3,0,0,0,0,NaN,NaN,NaN,NaN
dev,day-cycle,colored,1,v6,1,15.5,0.9,0.9,0,0,0,0,0.00526315789473684,0.0111111111111111,0,0,NaN,NaN,NaN,NaN
dev,day-cycle,colored,1,v7noD1,1,15.5,0.783333333333333,0.783333333333333,0,0,0,1,0.00526315789473684,0.0111111111111111,0,0,NaN,NaN,NaN,NaN
dev,day-cycle,colored,1,v7noD2,1,15.5,0.822222222222222,0.822222222222222,0,0,0,1,0,0,0,0,NaN,NaN,NaN,NaN
dev,day-cycle,colored,1,v7,1,15.5,0.816666666666667,0.816666666666667,0,0,0,1,0.00526315789473684,0.0111111111111111,0,0,NaN,NaN,NaN,NaN
dev,day-cycle,colored,2,v6,1,49.5,0.727777777777778,0.727777777777778,0,0,0,0,0,0,0,0,NaN,NaN,NaN,NaN
dev,day-cycle,colored,2,v7noD1,1,49.5,0.533333333333333,0.533333333333333,0,0,0,1,0,0,0,0,NaN,NaN,NaN,NaN
dev,day-cycle,colored,2,v7noD2,1,49.5,0.727777777777778,0.727777777777778,0,0,0,0,0,0,0,0,NaN,NaN,NaN,NaN
dev,day-cycle,colored,2,v7,1,49.5,0.5,0.5,0,0,0,2,0,0,0,0,NaN,NaN,NaN,NaN
dev,day-cycle,colored,3,v6,1,33.5,0.816666666666667,0.816666666666667,0,0,0,0,0,0,0,0,NaN,NaN,NaN,NaN
dev,day-cycle,colored,3,v7noD1,1,33.5,0.638888888888889,0.638888888888889,0,0,0,1,0,0,0,0,NaN,NaN,NaN,NaN
dev,day-cycle,colored,3,v7noD2,1,33.5,0.816666666666667,0.816666666666667,0,0,0,0,0,0,0,0,NaN,NaN,NaN,NaN
dev,day-cycle,colored,3,v7,1,33.5,0.594444444444444,0.594444444444444,0,0,0,2,0,0,0,0,NaN,NaN,NaN,NaN
dev,day-cycle,colored,4,v6,1,25.5,0.861111111111111,0.861111111111111,0,0,0,0,0,0,0,0,NaN,NaN,NaN,NaN
dev,day-cycle,colored,4,v7noD1,1,25.5,0.661111111111111,0.661111111111111,0,0,0,1,0,0,0,0,NaN,NaN,NaN,NaN
dev,day-cycle,colored,4,v7noD2,1,25.5,0.75,0.75,0,0,0,1,0,0,0,0,NaN,NaN,NaN,NaN
dev,day-cycle,colored,4,v7,1,25.5,0.694444444444444,0.694444444444444,0,0,0,2,0,0,0,0,NaN,NaN,NaN,NaN
dev,day-cycle,colored,5,v6,1,16.5,0.777777777777778,0.777777777777778,2.68421052631579,0.157894736842105,0,0,0.00263157894736842,0.00555555555555556,0,0,NaN,NaN,NaN,NaN
dev,day-cycle,colored,5,v7noD1,1,16.5,0.611111111111111,0.611111111111111,2.68421052631579,0.157894736842105,0,1,0.00263157894736842,0.00555555555555556,0,0,NaN,NaN,NaN,NaN
dev,day-cycle,colored,5,v7noD2,1,16.5,0.638888888888889,0.638888888888889,4.26315789473684,0.315789473684211,0,1,0.00789473684210526,0.0166666666666667,0,0,NaN,NaN,NaN,NaN
dev,day-cycle,colored,5,v7,1,16.5,0.661111111111111,0.661111111111111,4.26315789473684,0.315789473684211,0,2,0.00789473684210526,0.0166666666666667,0,0,NaN,NaN,NaN,NaN
dev,day-cycle,colored,6,v6,1,26.5,0.8,0.8,2.52631578947368,0.631578947368421,0,0,0.0210526315789474,0.0444444444444444,0,0,NaN,NaN,NaN,NaN
dev,day-cycle,colored,6,v7noD1,1,26.5,0.677777777777778,0.677777777777778,2.52631578947368,0.631578947368421,0,1,0.0210526315789474,0.0444444444444444,0,0,NaN,NaN,NaN,NaN
dev,day-cycle,colored,6,v7noD2,1,26.5,0.827777777777778,0.827777777777778,3.31578947368421,0.315789473684211,0,0,0.0131578947368421,0.0277777777777778,0,0,NaN,NaN,NaN,NaN
dev,day-cycle,colored,6,v7,1,26.5,0.672222222222222,0.672222222222222,3.31578947368421,0.315789473684211,0,2,0.0210526315789474,0.0444444444444444,0,0,NaN,NaN,NaN,NaN
dev,day-cycle,colored,7,v6,1,19.5,0.894444444444444,0.894444444444444,0,0,0,0,0,0,0,0,NaN,NaN,NaN,NaN
dev,day-cycle,colored,7,v7noD1,1,19.5,0.622222222222222,0.622222222222222,0,0,0,1,0,0,0,0,NaN,NaN,NaN,NaN
dev,day-cycle,colored,7,v7noD2,1,19.5,0.75,0.75,0,0,0,1,0,0,0,0,NaN,NaN,NaN,NaN
dev,day-cycle,colored,7,v7,1,19.5,0.733333333333333,0.733333333333333,0,0,0,2,0,0,0,0,NaN,NaN,NaN,NaN
dev,day-cycle,colored,8,v6,1,12.5,0.933333333333333,0.933333333333333,0.157894736842105,0.157894736842105,0,0,0,0,0,0,NaN,NaN,NaN,NaN
dev,day-cycle,colored,8,v7noD1,1,12.5,0.655555555555556,0.655555555555556,0.157894736842105,0.157894736842105,0,1,0,0,0,0,NaN,NaN,NaN,NaN
dev,day-cycle,colored,8,v7noD2,1,12.5,0.805555555555556,0.805555555555556,0.157894736842105,0.157894736842105,0,1,0,0,0,0,NaN,NaN,NaN,NaN
dev,day-cycle,colored,8,v7,1,12.5,0.672222222222222,0.672222222222222,0.157894736842105,0.157894736842105,0,2,0,0,0,0,NaN,NaN,NaN,NaN
dev,day-cycle,colored,9,v6,1,16.5,0.911111111111111,0.911111111111111,0,0,0,0,0,0,0,0,NaN,NaN,NaN,NaN
dev,day-cycle,colored,9,v7noD1,1,16.5,0.65,0.65,0,0,0,1,0,0,0,0,NaN,NaN,NaN,NaN
dev,day-cycle,colored,9,v7noD2,1,16.5,0.777777777777778,0.777777777777778,0,0,0,1,0,0,0,0,NaN,NaN,NaN,NaN
dev,day-cycle,colored,9,v7,1,16.5,0.783333333333333,0.783333333333333,0,0,0,1,0,0,0,0,NaN,NaN,NaN,NaN
spent,t1-fast-ramp,white,100,v6,1,5.5,0.977777777777778,0.977777777777778,0,0,0,0,0,0,0,0,NaN,NaN,NaN,NaN
spent,t1-fast-ramp,white,100,v7noD1,1,5.5,0.977777777777778,0.977777777777778,0,0,0,0,0,0,0,0,NaN,NaN,NaN,NaN
spent,t1-fast-ramp,white,100,v7noD2,1,5.5,0.977777777777778,0.977777777777778,0,0,0,0,0,0,0,0,NaN,NaN,NaN,NaN
spent,t1-fast-ramp,white,100,v7,1,5.5,0.902222222222222,0.902222222222222,0,0,0,2,0,0,0,0,NaN,NaN,NaN,NaN
spent,t1-fast-ramp,white,101,v6,1,5.5,0.977777777777778,0.977777777777778,0,0,0,0,0,0,0,0,NaN,NaN,NaN,NaN
spent,t1-fast-ramp,white,101,v7noD1,1,5.5,0.977777777777778,0.977777777777778,0,0,0,0,0,0,0,0,NaN,NaN,NaN,NaN
spent,t1-fast-ramp,white,101,v7noD2,1,5.5,0.977777777777778,0.977777777777778,0,0,0,0,0,0,0,0,NaN,NaN,NaN,NaN
spent,t1-fast-ramp,white,101,v7,1,5.5,0.902222222222222,0.902222222222222,0,0,0,2,0,0,0,0,NaN,NaN,NaN,NaN
spent,t1-fast-ramp,white,102,v6,1,5.5,0.977777777777778,0.977777777777778,0,0,0,0,0,0,0,0,NaN,NaN,NaN,NaN
spent,t1-fast-ramp,white,102,v7noD1,1,5.5,0.977777777777778,0.977777777777778,0,0,0,0,0,0,0,0,NaN,NaN,NaN,NaN
spent,t1-fast-ramp,white,102,v7noD2,1,5.5,0.977777777777778,0.977777777777778,0,0,0,0,0,0,0,0,NaN,NaN,NaN,NaN
spent,t1-fast-ramp,white,102,v7,1,5.5,0.906666666666667,0.906666666666667,0,0,0,2,0,0,0,0,NaN,NaN,NaN,NaN
spent,t1-fast-ramp,white,103,v6,1,5.5,0.977777777777778,0.977777777777778,0,0,0,0,0,0,0,0,NaN,NaN,NaN,NaN
spent,t1-fast-ramp,white,103,v7noD1,1,5.5,0.977777777777778,0.977777777777778,0,0,0,0,0,0,0,0,NaN,NaN,NaN,NaN
spent,t1-fast-ramp,white,103,v7noD2,1,5.5,0.977777777777778,0.977777777777778,0,0,0,0,0,0,0,0,NaN,NaN,NaN,NaN
spent,t1-fast-ramp,white,103,v7,1,5.5,0.915555555555556,0.915555555555556,0,0,0,2,0,0,0,0,NaN,NaN,NaN,NaN
spent,t1-fast-ramp,white,104,v6,1,4.5,0.982222222222222,0.982222222222222,0,0,0,0,0,0,0,0,NaN,NaN,NaN,NaN
spent,t1-fast-ramp,white,104,v7noD1,1,4.5,0.982222222222222,0.982222222222222,0,0,0,0,0,0,0,0,NaN,NaN,NaN,NaN
spent,t1-fast-ramp,white,104,v7noD2,1,4.5,0.982222222222222,0.982222222222222,0,0,0,0,0,0,0,0,NaN,NaN,NaN,NaN
spent,t1-fast-ramp,white,104,v7,1,4.5,0.911111111111111,0.911111111111111,0,0,0,2,0,0,0,0,NaN,NaN,NaN,NaN
spent,t1-fast-ramp,white,105,v6,1,4.5,0.982222222222222,0.982222222222222,0,0,0,0,0,0,0,0,NaN,NaN,NaN,NaN
spent,t1-fast-ramp,white,105,v7noD1,1,4.5,0.982222222222222,0.982222222222222,0,0,0,0,0,0,0,0,NaN,NaN,NaN,NaN
spent,t1-fast-ramp,white,105,v7noD2,1,4.5,0.951111111111111,0.951111111111111,0,0,0,1,0,0,0,0,NaN,NaN,NaN,NaN
spent,t1-fast-ramp,white,105,v7,1,4.5,0.906666666666667,0.906666666666667,0,0,0,2,0,0,0,0,NaN,NaN,NaN,NaN
spent,t1-fast-ramp,white,106,v6,1,5.5,0.977777777777778,0.977777777777778,0,0,0,0,0,0,0,0,NaN,NaN,NaN,NaN
spent,t1-fast-ramp,white,106,v7noD1,1,5.5,0.977777777777778,0.977777777777778,0,0,0,0,0,0,0,0,NaN,NaN,NaN,NaN
spent,t1-fast-ramp,white,106,v7noD2,1,5.5,0.977777777777778,0.977777777777778,0,0,0,0,0,0,0,0,NaN,NaN,NaN,NaN
spent,t1-fast-ramp,white,106,v7,1,5.5,0.915555555555556,0.915555555555556,0,0,0,2,0,0,0,0,NaN,NaN,NaN,NaN
spent,t1-fast-ramp,white,107,v6,1,5.5,0.977777777777778,0.977777777777778,0,0,0,0,0,0,0,0,NaN,NaN,NaN,NaN
spent,t1-fast-ramp,white,107,v7noD1,1,5.5,0.977777777777778,0.977777777777778,0,0,0,0,0,0,0,0,NaN,NaN,NaN,NaN
spent,t1-fast-ramp,white,107,v7noD2,1,5.5,0.977777777777778,0.977777777777778,0,0,0,0,0,0,0,0,NaN,NaN,NaN,NaN
spent,t1-fast-ramp,white,107,v7,1,5.5,0.911111111111111,0.911111111111111,0,0,0,2,0,0,0,0,NaN,NaN,NaN,NaN
spent,t1-fast-ramp,white,108,v6,1,5.5,0.977777777777778,0.977777777777778,0.631578947368421,0.157894736842105,0,0,0,0,0,0,NaN,NaN,NaN,NaN
spent,t1-fast-ramp,white,108,v7noD1,1,5.5,0.977777777777778,0.977777777777778,0.631578947368421,0.157894736842105,0,0,0,0,0,0,NaN,NaN,NaN,NaN
spent,t1-fast-ramp,white,108,v7noD2,1,5.5,0.977777777777778,0.977777777777778,0.631578947368421,0.157894736842105,0,0,0,0,0,0,NaN,NaN,NaN,NaN
spent,t1-fast-ramp,white,108,v7,1,5.5,0.911111111111111,0.911111111111111,0.631578947368421,0.157894736842105,0,2,0,0,0,0,NaN,NaN,NaN,NaN
spent,t1-fast-ramp,white,109,v6,1,5.5,0.977777777777778,0.977777777777778,0,0,0,0,0,0,0,0,NaN,NaN,NaN,NaN
spent,t1-fast-ramp,white,109,v7noD1,1,5.5,0.977777777777778,0.977777777777778,0,0,0,0,0,0,0,0,NaN,NaN,NaN,NaN
spent,t1-fast-ramp,white,109,v7noD2,1,5.5,0.977777777777778,0.977777777777778,0,0,0,0,0,0,0,0,NaN,NaN,NaN,NaN
spent,t1-fast-ramp,white,109,v7,1,5.5,0.906666666666667,0.906666666666667,0,0,0,2,0,0,0,0,NaN,NaN,NaN,NaN
spent,t1-fast-ramp,colored,100,v6,1,20.5,0.911111111111111,0.911111111111111,0,0,0,0,0,0,0,0,NaN,NaN,NaN,NaN
spent,t1-fast-ramp,colored,100,v7noD1,1,20.5,0.764444444444444,0.764444444444444,0,0,0,1,0,0,0,0,NaN,NaN,NaN,NaN
spent,t1-fast-ramp,colored,100,v7noD2,1,20.5,0.911111111111111,0.911111111111111,0,0,0,0,0,0,0,0,NaN,NaN,NaN,NaN
spent,t1-fast-ramp,colored,100,v7,1,20.5,0.808888888888889,0.808888888888889,0,0,0,1,0,0,0,0,NaN,NaN,NaN,NaN
spent,t1-fast-ramp,colored,101,v6,1,29.5,0.866666666666667,0.866666666666667,0,0,0,0,0,0,0,0,NaN,NaN,NaN,NaN
spent,t1-fast-ramp,colored,101,v7noD1,1,29.5,0.711111111111111,0.711111111111111,0,0,0,1,0,0,0,0,NaN,NaN,NaN,NaN
spent,t1-fast-ramp,colored,101,v7noD2,1,29.5,0.866666666666667,0.866666666666667,0,0,0,0,0,0,0,0,NaN,NaN,NaN,NaN
spent,t1-fast-ramp,colored,101,v7,1,29.5,0.724444444444444,0.724444444444444,0,0,0,1,0,0,0,0,NaN,NaN,NaN,NaN
spent,t1-fast-ramp,colored,102,v6,1,37.5,0.835555555555556,0.835555555555556,0,0,0,0,0,0,0,0,NaN,NaN,NaN,NaN
spent,t1-fast-ramp,colored,102,v7noD1,1,37.5,0.697777777777778,0.697777777777778,0,0,0,1,0,0,0,0,NaN,NaN,NaN,NaN
spent,t1-fast-ramp,colored,102,v7noD2,1,37.5,0.835555555555556,0.835555555555556,0,0,0,0,0,0,0,0,NaN,NaN,NaN,NaN
spent,t1-fast-ramp,colored,102,v7,1,37.5,0.693333333333333,0.693333333333333,0,0,0,1,0,0,0,0,NaN,NaN,NaN,NaN
spent,t1-fast-ramp,colored,103,v6,1,27.5,0.76,0.76,5.52631578947368,0.315789473684211,0,0,0.0210526315789474,0.0355555555555556,0,0,NaN,NaN,NaN,NaN
spent,t1-fast-ramp,colored,103,v7noD1,1,27.5,0.671111111111111,0.671111111111111,5.52631578947368,0.315789473684211,0,1,0.0210526315789474,0.0355555555555556,0,0,NaN,NaN,NaN,NaN
spent,t1-fast-ramp,colored,103,v7noD2,1,33.5,0.773333333333333,0.773333333333333,6.15789473684211,0.473684210526316,1,0,0.0342105263157895,0.0577777777777778,0,0,NaN,NaN,NaN,NaN
spent,t1-fast-ramp,colored,103,v7,1,33.5,0.626666666666667,0.626666666666667,6.15789473684211,0.473684210526316,1,1,0.0342105263157895,0.0577777777777778,0,0,NaN,NaN,NaN,NaN
spent,t1-fast-ramp,colored,104,v6,1,16.5,0.928888888888889,0.928888888888889,0,0,0,0,0,0,0,0,NaN,NaN,NaN,NaN
spent,t1-fast-ramp,colored,104,v7noD1,1,16.5,0.768888888888889,0.768888888888889,0,0,0,1,0,0,0,0,NaN,NaN,NaN,NaN
spent,t1-fast-ramp,colored,104,v7noD2,1,16.5,0.928888888888889,0.928888888888889,0,0,0,0,0,0,0,0,NaN,NaN,NaN,NaN
spent,t1-fast-ramp,colored,104,v7,1,16.5,0.928888888888889,0.928888888888889,0,0,0,0,0,0,0,0,NaN,NaN,NaN,NaN
spent,t1-fast-ramp,colored,105,v6,1,33.5,0.853333333333333,0.853333333333333,0,0,0,0,0,0,0,0,NaN,NaN,NaN,NaN
spent,t1-fast-ramp,colored,105,v7noD1,1,33.5,0.853333333333333,0.853333333333333,0,0,0,0,0,0,0,0,NaN,NaN,NaN,NaN
spent,t1-fast-ramp,colored,105,v7noD2,1,33.5,0.853333333333333,0.853333333333333,0,0,0,0,0,0,0,0,NaN,NaN,NaN,NaN
spent,t1-fast-ramp,colored,105,v7,1,33.5,0.853333333333333,0.853333333333333,0,0,0,0,0,0,0,0,NaN,NaN,NaN,NaN
spent,t1-fast-ramp,colored,106,v6,1,35.5,0.844444444444444,0.844444444444444,0,0,0,0,0,0,0,0,NaN,NaN,NaN,NaN
spent,t1-fast-ramp,colored,106,v7noD1,1,35.5,0.68,0.68,0,0,0,1,0,0,0,0,NaN,NaN,NaN,NaN
spent,t1-fast-ramp,colored,106,v7noD2,1,35.5,0.844444444444444,0.844444444444444,0,0,0,0,0,0,0,0,NaN,NaN,NaN,NaN
spent,t1-fast-ramp,colored,106,v7,1,35.5,0.693333333333333,0.693333333333333,0,0,0,1,0,0,0,0,NaN,NaN,NaN,NaN
spent,t1-fast-ramp,colored,107,v6,1,43.5,0.808888888888889,0.808888888888889,0,0,0,0,0,0,0,0,NaN,NaN,NaN,NaN
spent,t1-fast-ramp,colored,107,v7noD1,1,43.5,0.808888888888889,0.808888888888889,0,0,0,0,0,0,0,0,NaN,NaN,NaN,NaN
spent,t1-fast-ramp,colored,107,v7noD2,1,43.5,0.808888888888889,0.808888888888889,0,0,0,0,0,0,0,0,NaN,NaN,NaN,NaN
spent,t1-fast-ramp,colored,107,v7,1,43.5,0.808888888888889,0.808888888888889,0,0,0,0,0,0,0,0,NaN,NaN,NaN,NaN
spent,t1-fast-ramp,colored,108,v6,1,29.5,0.871111111111111,0.871111111111111,0,0,0,0,0,0,0,0,NaN,NaN,NaN,NaN
spent,t1-fast-ramp,colored,108,v7noD1,1,29.5,0.764444444444444,0.764444444444444,0,0,0,1,0,0,0,0,NaN,NaN,NaN,NaN
spent,t1-fast-ramp,colored,108,v7noD2,1,29.5,0.871111111111111,0.871111111111111,0,0,0,0,0,0,0,0,NaN,NaN,NaN,NaN
spent,t1-fast-ramp,colored,108,v7,1,29.5,0.715555555555556,0.715555555555556,0,0,0,1,0,0,0,0,NaN,NaN,NaN,NaN
spent,t1-fast-ramp,colored,109,v6,1,56.5,0.751111111111111,0.751111111111111,4.57894736842105,0.315789473684211,1,0,0,0,0,0,NaN,NaN,NaN,NaN
spent,t1-fast-ramp,colored,109,v7noD1,1,56.5,0.675555555555556,0.675555555555556,4.57894736842105,0.315789473684211,1,1,0,0,0,0,NaN,NaN,NaN,NaN
spent,t1-fast-ramp,colored,109,v7noD2,1,56.5,0.751111111111111,0.751111111111111,4.57894736842105,0.315789473684211,1,0,0,0,0,0,NaN,NaN,NaN,NaN
spent,t1-fast-ramp,colored,109,v7,1,56.5,0.68,0.68,4.57894736842105,0.315789473684211,1,1,0,0,0,0,NaN,NaN,NaN,NaN
spent,t2-plateau-step,white,100,v6,1,0.5,0.670833333333333,0.204166666666667,6.63157894736842,1.26315789473684,0,1,0,0,0,0,NaN,NaN,NaN,NaN
spent,t2-plateau-step,white,100,v7noD1,1,0.5,0.670833333333333,0.204166666666667,6.63157894736842,1.26315789473684,0,1,0,0,0,0,NaN,NaN,NaN,NaN
spent,t2-plateau-step,white,100,v7noD2,1,0.5,0.979166666666667,0.979166666666667,0.157894736842105,0.157894736842105,0,0,0,0,0,0,NaN,NaN,NaN,NaN
spent,t2-plateau-step,white,100,v7,1,0.5,1,0.120833333333333,0.157894736842105,0.157894736842105,0,1,0,0,0,0,NaN,NaN,NaN,NaN
spent,t2-plateau-step,white,101,v6,1,0.5,0.625,0.625,0,0,0,0,0.00263157894736842,0.00416666666666667,0,0,NaN,NaN,NaN,NaN
spent,t2-plateau-step,white,101,v7noD1,1,0.5,0.625,0.4625,0,0,0,1,0.00263157894736842,0.00416666666666667,0,0,NaN,NaN,NaN,NaN
spent,t2-plateau-step,white,101,v7noD2,1,0.5,0.979166666666667,0.979166666666667,0,0,0,0,0.00263157894736842,0.00416666666666667,0,0,NaN,NaN,NaN,NaN
spent,t2-plateau-step,white,101,v7,1,0.5,1,0.133333333333333,0,0,0,1,0,0,0,0,NaN,NaN,NaN,NaN
spent,t2-plateau-step,white,102,v6,1,0.5,0.679166666666667,0.208333333333333,0,0,0,1,0,0,0,0,NaN,NaN,NaN,NaN
spent,t2-plateau-step,white,102,v7noD1,1,0.5,0.679166666666667,0.208333333333333,0,0,0,1,0,0,0,0,NaN,NaN,NaN,NaN
spent,t2-plateau-step,white,102,v7noD2,1,0.5,0.979166666666667,0.979166666666667,0,0,0,0,0,0,0,0,NaN,NaN,NaN,NaN
spent,t2-plateau-step,white,102,v7,1,0.5,1,0.120833333333333,0,0,0,1,0,0,0,0,NaN,NaN,NaN,NaN
spent,t2-plateau-step,white,103,v6,1,0.5,0.641666666666667,0.641666666666667,0,0,0,0,0,0,0,0,NaN,NaN,NaN,NaN
spent,t2-plateau-step,white,103,v7noD1,1,0.5,0.641666666666667,0.3625,0,0,0,1,0,0,0,0,NaN,NaN,NaN,NaN
spent,t2-plateau-step,white,103,v7noD2,1,0.5,0.979166666666667,0.979166666666667,0,0,0,0,0,0,0,0,NaN,NaN,NaN,NaN
spent,t2-plateau-step,white,103,v7,1,0.5,1,0.120833333333333,0,0,0,1,0,0,0,0,NaN,NaN,NaN,NaN
spent,t2-plateau-step,white,104,v6,1,0.5,0.633333333333333,0.1625,0,0,0,1,0,0,0,0,NaN,NaN,NaN,NaN
spent,t2-plateau-step,white,104,v7noD1,1,0.5,0.633333333333333,0.1625,0,0,0,1,0,0,0,0,NaN,NaN,NaN,NaN
spent,t2-plateau-step,white,104,v7noD2,1,0.5,0.979166666666667,0.979166666666667,0,0,0,0,0,0,0,0,NaN,NaN,NaN,NaN
spent,t2-plateau-step,white,104,v7,1,0.5,1,0.120833333333333,0,0,0,1,0,0,0,0,NaN,NaN,NaN,NaN
spent,t2-plateau-step,white,105,v6,1,0.5,0.658333333333333,0.658333333333333,0,0,0,0,0,0,0,0,NaN,NaN,NaN,NaN
spent,t2-plateau-step,white,105,v7noD1,1,0.5,0.658333333333333,0.375,0,0,0,1,0,0,0,0,NaN,NaN,NaN,NaN
spent,t2-plateau-step,white,105,v7noD2,1,0.5,0.979166666666667,0.979166666666667,0,0,0,0,0,0,0,0,NaN,NaN,NaN,NaN
spent,t2-plateau-step,white,105,v7,1,0.5,1,0.120833333333333,0,0,0,1,0,0,0,0,NaN,NaN,NaN,NaN
spent,t2-plateau-step,white,106,v6,1,0.5,0.641666666666667,0.166666666666667,0,0,0,1,0,0,0,0,NaN,NaN,NaN,NaN
spent,t2-plateau-step,white,106,v7noD1,1,0.5,0.641666666666667,0.166666666666667,0,0,0,1,0,0,0,0,NaN,NaN,NaN,NaN
spent,t2-plateau-step,white,106,v7noD2,1,0.5,0.979166666666667,0.979166666666667,0,0,0,0,0,0,0,0,NaN,NaN,NaN,NaN
spent,t2-plateau-step,white,106,v7,1,0.5,1,0.120833333333333,0,0,0,1,0,0,0,0,NaN,NaN,NaN,NaN
spent,t2-plateau-step,white,107,v6,1,0.5,0.679166666666667,0.679166666666667,0,0,0,0,0,0,0,0,NaN,NaN,NaN,NaN
spent,t2-plateau-step,white,107,v7noD1,1,0.5,0.679166666666667,0.404166666666667,0,0,0,1,0,0,0,0,NaN,NaN,NaN,NaN
spent,t2-plateau-step,white,107,v7noD2,1,0.5,0.979166666666667,0.979166666666667,0,0,0,0,0,0,0,0,NaN,NaN,NaN,NaN
spent,t2-plateau-step,white,107,v7,1,0.5,1,0.120833333333333,0,0,0,1,0,0,0,0,NaN,NaN,NaN,NaN
spent,t2-plateau-step,white,108,v6,1,0.5,0.6375,0.6375,0.947368421052632,0.315789473684211,0,0,0,0,0,0,NaN,NaN,NaN,NaN
spent,t2-plateau-step,white,108,v7noD1,1,0.5,0.6375,0.354166666666667,0.947368421052632,0.315789473684211,0,1,0,0,0,0,NaN,NaN,NaN,NaN
spent,t2-plateau-step,white,108,v7noD2,1,0.5,0.979166666666667,0.979166666666667,1.10526315789474,0.473684210526316,0,0,0,0,0,0,NaN,NaN,NaN,NaN
spent,t2-plateau-step,white,108,v7,1,0.5,1,0.120833333333333,0.947368421052632,0.315789473684211,0,1,0,0,0,0,NaN,NaN,NaN,NaN
spent,t2-plateau-step,white,109,v6,1,0.5,0.666666666666667,0.666666666666667,0,0,0,0,0,0,0,0,NaN,NaN,NaN,NaN
spent,t2-plateau-step,white,109,v7noD1,1,0.5,0.666666666666667,0.391666666666667,0,0,0,1,0,0,0,0,NaN,NaN,NaN,NaN
spent,t2-plateau-step,white,109,v7noD2,1,0.5,0.979166666666667,0.979166666666667,0,0,0,0,0,0,0,0,NaN,NaN,NaN,NaN
spent,t2-plateau-step,white,109,v7,1,0.5,1,0.120833333333333,0,0,0,1,0,0,0,0,NaN,NaN,NaN,NaN
spent,t2-plateau-step,colored,100,v6,1,1.5,0.995833333333333,0.129166666666667,0,0,0,1,0,0,0,0,NaN,NaN,NaN,NaN
spent,t2-plateau-step,colored,100,v7noD1,1,1.5,0.995833333333333,0.129166666666667,0,0,0,1,0,0,0,0,NaN,NaN,NaN,NaN
spent,t2-plateau-step,colored,100,v7noD2,1,1.5,0.995833333333333,0.283333333333333,0,0,0,1,0,0,0,0,NaN,NaN,NaN,NaN
spent,t2-plateau-step,colored,100,v7,1,1.5,0.995833333333333,0.158333333333333,0,0,0,1,0,0,0,0,NaN,NaN,NaN,NaN
spent,t2-plateau-step,colored,101,v6,1,3.5,0.9875,0.120833333333333,0,0,0,1,0,0,0,0,NaN,NaN,NaN,NaN
spent,t2-plateau-step,colored,101,v7noD1,1,3.5,0.9875,0.120833333333333,0,0,0,1,0,0,0,0,NaN,NaN,NaN,NaN
spent,t2-plateau-step,colored,101,v7noD2,1,3.5,0.9875,0.325,0,0,0,1,0,0,0,0,NaN,NaN,NaN,NaN
spent,t2-plateau-step,colored,101,v7,1,3.5,0.9875,0.325,0,0,0,1,0,0,0,0,NaN,NaN,NaN,NaN
spent,t2-plateau-step,colored,102,v6,1,2.5,0.991666666666667,0.125,0,0,0,1,0,0,0,0,NaN,NaN,NaN,NaN
spent,t2-plateau-step,colored,102,v7noD1,1,2.5,0.991666666666667,0.125,0,0,0,1,0,0,0,0,NaN,NaN,NaN,NaN
spent,t2-plateau-step,colored,102,v7noD2,1,2.5,0.991666666666667,0.370833333333333,0,0,0,1,0,0,0,0,NaN,NaN,NaN,NaN
spent,t2-plateau-step,colored,102,v7,1,2.5,0.991666666666667,0.370833333333333,0,0,0,1,0,0,0,0,NaN,NaN,NaN,NaN
spent,t2-plateau-step,colored,103,v6,1,1.5,0.995833333333333,0.129166666666667,1.89473684210526,0.157894736842105,0,1,0,0,0,0,NaN,NaN,NaN,NaN
spent,t2-plateau-step,colored,103,v7noD1,1,1.5,0.995833333333333,0.129166666666667,1.89473684210526,0.157894736842105,0,1,0,0,0,0,NaN,NaN,NaN,NaN
spent,t2-plateau-step,colored,103,v7noD2,1,1.5,0.995833333333333,0.358333333333333,4.57894736842105,0.315789473684211,1,1,0,0,0,0,NaN,NaN,NaN,NaN
spent,t2-plateau-step,colored,103,v7,1,1.5,0.995833333333333,0.358333333333333,4.57894736842105,0.315789473684211,1,1,0,0,0,0,NaN,NaN,NaN,NaN
spent,t2-plateau-step,colored,104,v6,1,2.5,0.991666666666667,0.125,0,0,0,1,0,0,0,0,NaN,NaN,NaN,NaN
spent,t2-plateau-step,colored,104,v7noD1,1,2.5,0.991666666666667,0.125,0,0,0,1,0,0,0,0,NaN,NaN,NaN,NaN
spent,t2-plateau-step,colored,104,v7noD2,1,2.5,0.991666666666667,0.395833333333333,0,0,0,1,0,0,0,0,NaN,NaN,NaN,NaN
spent,t2-plateau-step,colored,104,v7,1,2.5,0.991666666666667,0.395833333333333,0,0,0,1,0,0,0,0,NaN,NaN,NaN,NaN
spent,t2-plateau-step,colored,105,v6,1,2.5,0.991666666666667,0.125,0,0,0,1,0,0,0,0,NaN,NaN,NaN,NaN
spent,t2-plateau-step,colored,105,v7noD1,1,2.5,0.991666666666667,0.125,0,0,0,1,0,0,0,0,NaN,NaN,NaN,NaN
spent,t2-plateau-step,colored,105,v7noD2,1,2.5,0.991666666666667,0.370833333333333,0,0,0,1,0,0,0,0,NaN,NaN,NaN,NaN
spent,t2-plateau-step,colored,105,v7,1,2.5,0.991666666666667,0.370833333333333,0,0,0,1,0,0,0,0,NaN,NaN,NaN,NaN
spent,t2-plateau-step,colored,106,v6,1,2.5,0.991666666666667,0.125,1.73684210526316,0.315789473684211,0,1,0,0,0,0,NaN,NaN,NaN,NaN
spent,t2-plateau-step,colored,106,v7noD1,1,2.5,0.991666666666667,0.125,1.73684210526316,0.315789473684211,0,1,0,0,0,0,NaN,NaN,NaN,NaN
spent,t2-plateau-step,colored,106,v7noD2,1,2.5,0.991666666666667,0.254166666666667,1.26315789473684,0.315789473684211,0,1,0,0,0,0,NaN,NaN,NaN,NaN
spent,t2-plateau-step,colored,106,v7,1,2.5,0.991666666666667,0.254166666666667,1.26315789473684,0.315789473684211,0,1,0,0,0,0,NaN,NaN,NaN,NaN
spent,t2-plateau-step,colored,107,v6,1,2.5,0.991666666666667,0.125,0,0,0,1,0,0,0,0,NaN,NaN,NaN,NaN
spent,t2-plateau-step,colored,107,v7noD1,1,2.5,0.991666666666667,0.125,0,0,0,1,0,0,0,0,NaN,NaN,NaN,NaN
spent,t2-plateau-step,colored,107,v7noD2,1,2.5,0.991666666666667,0.383333333333333,0,0,0,1,0,0,0,0,NaN,NaN,NaN,NaN
spent,t2-plateau-step,colored,107,v7,1,2.5,0.991666666666667,0.383333333333333,0,0,0,1,0,0,0,0,NaN,NaN,NaN,NaN
spent,t2-plateau-step,colored,108,v6,1,2.5,0.991666666666667,0.125,0,0,0,1,0,0,0,0,NaN,NaN,NaN,NaN
spent,t2-plateau-step,colored,108,v7noD1,1,2.5,0.991666666666667,0.125,0,0,0,1,0,0,0,0,NaN,NaN,NaN,NaN
spent,t2-plateau-step,colored,108,v7noD2,1,2.5,0.991666666666667,0.383333333333333,0,0,0,1,0,0,0,0,NaN,NaN,NaN,NaN
spent,t2-plateau-step,colored,108,v7,1,2.5,0.991666666666667,0.241666666666667,0,0,0,1,0,0,0,0,NaN,NaN,NaN,NaN
spent,t2-plateau-step,colored,109,v6,1,2.5,0.991666666666667,0.125,0,0,0,1,0,0,0,0,NaN,NaN,NaN,NaN
spent,t2-plateau-step,colored,109,v7noD1,1,2.5,0.991666666666667,0.125,0,0,0,1,0,0,0,0,NaN,NaN,NaN,NaN
spent,t2-plateau-step,colored,109,v7noD2,1,2.5,0.991666666666667,0.320833333333333,0,0,0,1,0,0,0,0,NaN,NaN,NaN,NaN
spent,t2-plateau-step,colored,109,v7,1,2.5,0.991666666666667,0.320833333333333,0,0,0,1,0,0,0,0,NaN,NaN,NaN,NaN
spent,t3-slow-sine,white,100,v6,1,5.5,0.98,0.98,0,0,0,0,0.00263157894736842,0.00333333333333333,0,0,NaN,NaN,NaN,NaN
spent,t3-slow-sine,white,100,v7noD1,1,5.5,0.79,0.79,0,0,0,3,0.00263157894736842,0.00333333333333333,0,0,NaN,NaN,NaN,NaN
spent,t3-slow-sine,white,100,v7noD2,1,5.5,0.98,0.98,0,0,0,0,0.00263157894736842,0.00333333333333333,0,0,NaN,NaN,NaN,NaN
spent,t3-slow-sine,white,100,v7,1,5.5,0.816666666666667,0.816666666666667,0,0,0,7,0.00263157894736842,0.00333333333333333,0,0,NaN,NaN,NaN,NaN
spent,t3-slow-sine,white,101,v6,1,5.5,0.983333333333333,0.983333333333333,0,0,0,0,0,0,0,0,NaN,NaN,NaN,NaN
spent,t3-slow-sine,white,101,v7noD1,1,5.5,0.813333333333333,0.813333333333333,0,0,0,2,0,0,0,0,NaN,NaN,NaN,NaN
spent,t3-slow-sine,white,101,v7noD2,1,5.5,0.983333333333333,0.983333333333333,0,0,0,0,0,0,0,0,NaN,NaN,NaN,NaN
spent,t3-slow-sine,white,101,v7,1,5.5,0.81,0.81,0,0,0,7,0,0,0,0,NaN,NaN,NaN,NaN
spent,t3-slow-sine,white,102,v6,1,4.5,0.986666666666667,0.986666666666667,0,0,0,0,0,0,0,0,NaN,NaN,NaN,NaN
spent,t3-slow-sine,white,102,v7noD1,1,4.5,0.813333333333333,0.813333333333333,0,0,0,3,0,0,0,0,NaN,NaN,NaN,NaN
spent,t3-slow-sine,white,102,v7noD2,1,4.5,0.986666666666667,0.986666666666667,0,0,0,0,0,0,0,0,NaN,NaN,NaN,NaN
spent,t3-slow-sine,white,102,v7,1,4.5,0.84,0.84,0,0,0,6,0,0,0,0,NaN,NaN,NaN,NaN
spent,t3-slow-sine,white,103,v6,1,5.5,0.983333333333333,0.983333333333333,0,0,0,0,0,0,0,0,NaN,NaN,NaN,NaN
spent,t3-slow-sine,white,103,v7noD1,1,5.5,0.83,0.83,0,0,0,4,0,0,0,0,NaN,NaN,NaN,NaN
spent,t3-slow-sine,white,103,v7noD2,1,5.5,0.983333333333333,0.983333333333333,0,0,0,0,0,0,0,0,NaN,NaN,NaN,NaN
spent,t3-slow-sine,white,103,v7,1,5.5,0.846666666666667,0.846666666666667,0,0,0,6,0,0,0,0,NaN,NaN,NaN,NaN
spent,t3-slow-sine,white,104,v6,1,5.5,0.983333333333333,0.983333333333333,1.26315789473684,0.315789473684211,0,0,0,0,0,0,NaN,NaN,NaN,NaN
spent,t3-slow-sine,white,104,v7noD1,1,5.5,0.796666666666667,0.796666666666667,1.26315789473684,0.315789473684211,0,3,0,0,0,0,NaN,NaN,NaN,NaN
spent,t3-slow-sine,white,104,v7noD2,1,5.5,0.983333333333333,0.983333333333333,1.26315789473684,0.315789473684211,0,0,0,0,0,0,NaN,NaN,NaN,NaN
spent,t3-slow-sine,white,104,v7,1,5.5,0.833333333333333,0.833333333333333,1.26315789473684,0.315789473684211,0,6,0,0,0,0,NaN,NaN,NaN,NaN
spent,t3-slow-sine,white,105,v6,1,6.5,0.98,0.98,0,0,0,0,0,0,0,0,NaN,NaN,NaN,NaN
spent,t3-slow-sine,white,105,v7noD1,1,6.5,0.773333333333333,0.773333333333333,0,0,0,3,0,0,0,0,NaN,NaN,NaN,NaN
spent,t3-slow-sine,white,105,v7noD2,1,6.5,0.98,0.98,0,0,0,0,0,0,0,0,NaN,NaN,NaN,NaN
spent,t3-slow-sine,white,105,v7,1,6.5,0.82,0.82,0,0,0,6,0,0,0,0,NaN,NaN,NaN,NaN
spent,t3-slow-sine,white,106,v6,1,4.5,0.986666666666667,0.986666666666667,0,0,0,0,0,0,0,0,NaN,NaN,NaN,NaN
spent,t3-slow-sine,white,106,v7noD1,1,4.5,0.866666666666667,0.866666666666667,0,0,0,3,0,0,0,0,NaN,NaN,NaN,NaN
spent,t3-slow-sine,white,106,v7noD2,1,4.5,0.986666666666667,0.986666666666667,0,0,0,0,0,0,0,0,NaN,NaN,NaN,NaN
spent,t3-slow-sine,white,106,v7,1,4.5,0.82,0.82,0,0,0,6,0,0,0,0,NaN,NaN,NaN,NaN
spent,t3-slow-sine,white,107,v6,1,4.5,0.986666666666667,0.986666666666667,0,0,0,0,0,0,0,0,NaN,NaN,NaN,NaN
spent,t3-slow-sine,white,107,v7noD1,1,4.5,0.906666666666667,0.906666666666667,0,0,0,3,0,0,0,0,NaN,NaN,NaN,NaN
spent,t3-slow-sine,white,107,v7noD2,1,4.5,0.986666666666667,0.986666666666667,0,0,0,0,0,0,0,0,NaN,NaN,NaN,NaN
spent,t3-slow-sine,white,107,v7,1,4.5,0.826666666666667,0.826666666666667,0,0,0,6,0,0,0,0,NaN,NaN,NaN,NaN
spent,t3-slow-sine,white,108,v6,1,5.5,0.983333333333333,0.983333333333333,0,0,0,0,0,0,0,0,NaN,NaN,NaN,NaN
spent,t3-slow-sine,white,108,v7noD1,1,5.5,0.816666666666667,0.816666666666667,0,0,0,3,0,0,0,0,NaN,NaN,NaN,NaN
spent,t3-slow-sine,white,108,v7noD2,1,5.5,0.983333333333333,0.983333333333333,0,0,0,0,0,0,0,0,NaN,NaN,NaN,NaN
spent,t3-slow-sine,white,108,v7,1,5.5,0.83,0.83,0,0,0,6,0,0,0,0,NaN,NaN,NaN,NaN
spent,t3-slow-sine,white,109,v6,1,4.5,0.986666666666667,0.986666666666667,0,0,0,0,0,0,0,0,NaN,NaN,NaN,NaN
spent,t3-slow-sine,white,109,v7noD1,1,4.5,0.843333333333333,0.843333333333333,0,0,0,3,0,0,0,0,NaN,NaN,NaN,NaN
spent,t3-slow-sine,white,109,v7noD2,1,4.5,0.986666666666667,0.986666666666667,0,0,0,0,0,0,0,0,NaN,NaN,NaN,NaN
spent,t3-slow-sine,white,109,v7,1,4.5,0.836666666666667,0.836666666666667,0,0,0,6,0,0,0,0,NaN,NaN,NaN,NaN
spent,t3-slow-sine,colored,100,v6,1,65.5,0.783333333333333,0.783333333333333,0,0,0,0,0,0,0,0,NaN,NaN,NaN,NaN
spent,t3-slow-sine,colored,100,v7noD1,1,65.5,0.533333333333333,0.533333333333333,0,0,0,1,0,0,0,0,NaN,NaN,NaN,NaN
spent,t3-slow-sine,colored,100,v7noD2,1,65.5,0.783333333333333,0.783333333333333,0,0,0,0,0,0,0,0,NaN,NaN,NaN,NaN
spent,t3-slow-sine,colored,100,v7,1,65.5,0.546666666666667,0.546666666666667,0,0,0,2,0,0,0,0,NaN,NaN,NaN,NaN
spent,t3-slow-sine,colored,101,v6,1,62.5,0.79,0.79,0,0,0,0,0,0,0,0,NaN,NaN,NaN,NaN
spent,t3-slow-sine,colored,101,v7noD1,1,62.5,0.636666666666667,0.636666666666667,0,0,0,2,0,0,0,0,NaN,NaN,NaN,NaN
spent,t3-slow-sine,colored,101,v7noD2,1,62.5,0.79,0.79,0,0,0,0,0,0,0,0,NaN,NaN,NaN,NaN
spent,t3-slow-sine,colored,101,v7,1,62.5,0.553333333333333,0.553333333333333,0,0,0,3,0,0,0,0,NaN,NaN,NaN,NaN
spent,t3-slow-sine,colored,102,v6,1,70.5,0.743333333333333,0.743333333333333,0,0,0,0,0.0131578947368421,0.0166666666666667,0,0,NaN,NaN,NaN,NaN
spent,t3-slow-sine,colored,102,v7noD1,1,70.5,0.533333333333333,0.533333333333333,0,0,0,1,0.0131578947368421,0.0166666666666667,0,0,NaN,NaN,NaN,NaN
spent,t3-slow-sine,colored,102,v7noD2,1,70.5,0.746666666666667,0.746666666666667,0,0,0,0,0.0131578947368421,0.0166666666666667,0,0,NaN,NaN,NaN,NaN
spent,t3-slow-sine,colored,102,v7,1,70.5,0.506666666666667,0.506666666666667,0,0,0,2,0.0131578947368421,0.0166666666666667,0,0,NaN,NaN,NaN,NaN
spent,t3-slow-sine,colored,103,v6,1,43.5,0.196666666666667,0.196666666666667,4.89473684210526,0.315789473684211,1,1,0,0,0,0,NaN,NaN,NaN,NaN
spent,t3-slow-sine,colored,103,v7noD1,1,43.5,0.196666666666667,0.196666666666667,4.89473684210526,0.315789473684211,1,1,0,0,0,0,NaN,NaN,NaN,NaN
spent,t3-slow-sine,colored,103,v7noD2,1,43.5,0.82,0.82,0,0,0,0,0.0236842105263158,0.03,0,0,NaN,NaN,NaN,NaN
spent,t3-slow-sine,colored,103,v7,1,43.5,0.68,0.68,0,0,0,2,0.0236842105263158,0.03,0,0,NaN,NaN,NaN,NaN
spent,t3-slow-sine,colored,104,v6,1,36.5,0.2,0.2,0,0,0,1,0,0,0,0,NaN,NaN,NaN,NaN
spent,t3-slow-sine,colored,104,v7noD1,1,36.5,0.2,0.2,0,0,0,1,0,0,0,0,NaN,NaN,NaN,NaN
spent,t3-slow-sine,colored,104,v7noD2,1,36.5,0.88,0.88,0,0,0,0,0,0,0,0,NaN,NaN,NaN,NaN
spent,t3-slow-sine,colored,104,v7,1,36.5,0.636666666666667,0.636666666666667,0,0,0,2,0,0,0,0,NaN,NaN,NaN,NaN
spent,t3-slow-sine,colored,105,v6,1,65.5,0.783333333333333,0.783333333333333,0,0,0,0,0,0,0,0,NaN,NaN,NaN,NaN
spent,t3-slow-sine,colored,105,v7noD1,1,65.5,0.53,0.53,0,0,0,1,0,0,0,0,NaN,NaN,NaN,NaN
spent,t3-slow-sine,colored,105,v7noD2,1,65.5,0.783333333333333,0.783333333333333,0,0,0,0,0,0,0,0,NaN,NaN,NaN,NaN
spent,t3-slow-sine,colored,105,v7,1,65.5,0.536666666666667,0.536666666666667,0,0,0,2,0,0,0,0,NaN,NaN,NaN,NaN
spent,t3-slow-sine,colored,106,v6,1,55.5,0.693333333333333,0.693333333333333,0,0,0,1,0.0236842105263158,0.03,0,0,NaN,NaN,NaN,NaN
spent,t3-slow-sine,colored,106,v7noD1,1,55.5,0.436666666666667,0.436666666666667,0,0,0,2,0,0,0,0,NaN,NaN,NaN,NaN
spent,t3-slow-sine,colored,106,v7noD2,1,55.5,0.573333333333333,0.573333333333333,0,0,0,1,0.0131578947368421,0.0166666666666667,0,0,NaN,NaN,NaN,NaN
spent,t3-slow-sine,colored,106,v7,1,55.5,0.436666666666667,0.436666666666667,0,0,0,2,0.0236842105263158,0.03,0,0,NaN,NaN,NaN,NaN
spent,t3-slow-sine,colored,107,v6,1,92.5,0.693333333333333,0.693333333333333,0,0,0,0,0,0,0,0,NaN,NaN,NaN,NaN
spent,t3-slow-sine,colored,107,v7noD1,1,92.5,0.48,0.48,0,0,0,1,0,0,0,0,NaN,NaN,NaN,NaN
spent,t3-slow-sine,colored,107,v7noD2,1,92.5,0.693333333333333,0.693333333333333,0,0,0,0,0,0,0,0,NaN,NaN,NaN,NaN
spent,t3-slow-sine,colored,107,v7,1,92.5,0.533333333333333,0.533333333333333,0,0,0,2,0,0,0,0,NaN,NaN,NaN,NaN
spent,t3-slow-sine,colored,108,v6,1,73.5,0.756666666666667,0.756666666666667,0,0,0,0,0,0,0,0,NaN,NaN,NaN,NaN
spent,t3-slow-sine,colored,108,v7noD1,1,73.5,0.506666666666667,0.506666666666667,0,0,0,1,0,0,0,0,NaN,NaN,NaN,NaN
spent,t3-slow-sine,colored,108,v7noD2,1,73.5,0.756666666666667,0.756666666666667,0,0,0,0,0,0,0,0,NaN,NaN,NaN,NaN
spent,t3-slow-sine,colored,108,v7,1,73.5,0.453333333333333,0.453333333333333,0,0,0,2,0,0,0,0,NaN,NaN,NaN,NaN
spent,t3-slow-sine,colored,109,v6,1,53.5,0.823333333333333,0.823333333333333,0,0,0,0,0,0,0,0,NaN,NaN,NaN,NaN
spent,t3-slow-sine,colored,109,v7noD1,1,53.5,0.213333333333333,0.213333333333333,0,0,0,1,0,0,0,0,NaN,NaN,NaN,NaN
spent,t3-slow-sine,colored,109,v7noD2,1,53.5,0.823333333333333,0.823333333333333,0,0,0,0,0,0,0,0,NaN,NaN,NaN,NaN
spent,t3-slow-sine,colored,109,v7,1,53.5,0.433333333333333,0.433333333333333,0,0,0,2,0,0,0,0,NaN,NaN,NaN,NaN
spent,t4-mag-drift,white,100,v6,1,9.5,0.957142857142857,0.957142857142857,0,0,0,0,0,0,0,0,NaN,NaN,NaN,NaN
spent,t4-mag-drift,white,100,v7noD1,1,9.5,0.957142857142857,0.957142857142857,0,0,0,0,0,0,0,0,NaN,NaN,NaN,NaN
spent,t4-mag-drift,white,100,v7noD2,1,9.5,0.957142857142857,0.957142857142857,0,0,0,0,0,0,0,0,NaN,NaN,NaN,NaN
spent,t4-mag-drift,white,100,v7,1,9.5,0.9,0.9,0,0,0,1,0,0,0,0,NaN,NaN,NaN,NaN
spent,t4-mag-drift,white,101,v6,1,8.5,0.961904761904762,0.961904761904762,0,0,0,0,0,0,0,0,NaN,NaN,NaN,NaN
spent,t4-mag-drift,white,101,v7noD1,1,8.5,0.961904761904762,0.961904761904762,0,0,0,0,0,0,0,0,NaN,NaN,NaN,NaN
spent,t4-mag-drift,white,101,v7noD2,1,8.5,0.961904761904762,0.961904761904762,0,0,0,0,0,0,0,0,NaN,NaN,NaN,NaN
spent,t4-mag-drift,white,101,v7,1,8.5,0.895238095238095,0.895238095238095,0,0,0,1,0,0,0,0,NaN,NaN,NaN,NaN
spent,t4-mag-drift,white,102,v6,1,6.5,0.971428571428571,0.971428571428571,0,0,0,0,0,0,0,0,NaN,NaN,NaN,NaN
spent,t4-mag-drift,white,102,v7noD1,1,6.5,0.971428571428571,0.971428571428571,0,0,0,0,0,0,0,0,NaN,NaN,NaN,NaN
spent,t4-mag-drift,white,102,v7noD2,1,6.5,0.971428571428571,0.971428571428571,0,0,0,0,0,0,0,0,NaN,NaN,NaN,NaN
spent,t4-mag-drift,white,102,v7,1,6.5,0.919047619047619,0.919047619047619,0,0,0,1,0,0,0,0,NaN,NaN,NaN,NaN
spent,t4-mag-drift,white,103,v6,1,6.5,0.971428571428571,0.971428571428571,0,0,0,0,0,0,0,0,NaN,NaN,NaN,NaN
spent,t4-mag-drift,white,103,v7noD1,1,6.5,0.971428571428571,0.971428571428571,0,0,0,0,0,0,0,0,NaN,NaN,NaN,NaN
spent,t4-mag-drift,white,103,v7noD2,1,6.5,0.971428571428571,0.971428571428571,0,0,0,0,0,0,0,0,NaN,NaN,NaN,NaN
spent,t4-mag-drift,white,103,v7,1,6.5,0.90952380952381,0.90952380952381,0,0,0,1,0,0,0,0,NaN,NaN,NaN,NaN
spent,t4-mag-drift,white,104,v6,1,9.5,0.957142857142857,0.957142857142857,0,0,0,0,0,0,0,0,NaN,NaN,NaN,NaN
spent,t4-mag-drift,white,104,v7noD1,1,9.5,0.957142857142857,0.957142857142857,0,0,0,0,0,0,0,0,NaN,NaN,NaN,NaN
spent,t4-mag-drift,white,104,v7noD2,1,9.5,0.957142857142857,0.957142857142857,0,0,0,0,0,0,0,0,NaN,NaN,NaN,NaN
spent,t4-mag-drift,white,104,v7,1,9.5,0.90952380952381,0.90952380952381,0,0,0,1,0,0,0,0,NaN,NaN,NaN,NaN
spent,t4-mag-drift,white,105,v6,1,6.5,0.971428571428571,0.971428571428571,0,0,0,0,0,0,0,0,NaN,NaN,NaN,NaN
spent,t4-mag-drift,white,105,v7noD1,1,6.5,0.971428571428571,0.971428571428571,0,0,0,0,0,0,0,0,NaN,NaN,NaN,NaN
spent,t4-mag-drift,white,105,v7noD2,1,6.5,0.971428571428571,0.971428571428571,0,0,0,0,0,0,0,0,NaN,NaN,NaN,NaN
spent,t4-mag-drift,white,105,v7,1,6.5,0.914285714285714,0.914285714285714,0,0,0,1,0,0,0,0,NaN,NaN,NaN,NaN
spent,t4-mag-drift,white,106,v6,1,8.5,0.961904761904762,0.961904761904762,0,0,0,0,0,0,0,0,NaN,NaN,NaN,NaN
spent,t4-mag-drift,white,106,v7noD1,1,8.5,0.961904761904762,0.961904761904762,0,0,0,0,0,0,0,0,NaN,NaN,NaN,NaN
spent,t4-mag-drift,white,106,v7noD2,1,8.5,0.961904761904762,0.961904761904762,0,0,0,0,0,0,0,0,NaN,NaN,NaN,NaN
spent,t4-mag-drift,white,106,v7,1,8.5,0.904761904761905,0.904761904761905,0,0,0,1,0,0,0,0,NaN,NaN,NaN,NaN
spent,t4-mag-drift,white,107,v6,1,7.5,0.966666666666667,0.966666666666667,0,0,0,0,0,0,0,0,NaN,NaN,NaN,NaN
spent,t4-mag-drift,white,107,v7noD1,1,7.5,0.966666666666667,0.966666666666667,0,0,0,0,0,0,0,0,NaN,NaN,NaN,NaN
spent,t4-mag-drift,white,107,v7noD2,1,7.5,0.966666666666667,0.966666666666667,0,0,0,0,0,0,0,0,NaN,NaN,NaN,NaN
spent,t4-mag-drift,white,107,v7,1,7.5,0.914285714285714,0.914285714285714,0,0,0,1,0,0,0,0,NaN,NaN,NaN,NaN
spent,t4-mag-drift,white,108,v6,1,9.5,0.957142857142857,0.957142857142857,0,0,0,0,0,0,0,0,NaN,NaN,NaN,NaN
spent,t4-mag-drift,white,108,v7noD1,1,9.5,0.957142857142857,0.957142857142857,0,0,0,0,0,0,0,0,NaN,NaN,NaN,NaN
spent,t4-mag-drift,white,108,v7noD2,1,9.5,0.957142857142857,0.957142857142857,0,0,0,0,0,0,0,0,NaN,NaN,NaN,NaN
spent,t4-mag-drift,white,108,v7,1,9.5,0.904761904761905,0.904761904761905,0,0,0,1,0,0,0,0,NaN,NaN,NaN,NaN
spent,t4-mag-drift,white,109,v6,1,7.5,0.966666666666667,0.966666666666667,0,0,0,0,0,0,0,0,NaN,NaN,NaN,NaN
spent,t4-mag-drift,white,109,v7noD1,1,7.5,0.966666666666667,0.966666666666667,0,0,0,0,0,0,0,0,NaN,NaN,NaN,NaN
spent,t4-mag-drift,white,109,v7noD2,1,7.5,0.966666666666667,0.966666666666667,0,0,0,0,0,0,0,0,NaN,NaN,NaN,NaN
spent,t4-mag-drift,white,109,v7,1,7.5,0.919047619047619,0.919047619047619,0,0,0,1,0,0,0,0,NaN,NaN,NaN,NaN
spent,t4-mag-drift,colored,100,v6,1,15.5,0.928571428571429,0.928571428571429,0,0,0,0,0,0,0,0,NaN,NaN,NaN,NaN
spent,t4-mag-drift,colored,100,v7noD1,1,15.5,0.766666666666667,0.766666666666667,0,0,0,1,0,0,0,0,NaN,NaN,NaN,NaN
spent,t4-mag-drift,colored,100,v7noD2,1,15.5,0.928571428571429,0.928571428571429,0,0,0,0,0,0,0,0,NaN,NaN,NaN,NaN
spent,t4-mag-drift,colored,100,v7,1,15.5,0.728571428571429,0.728571428571429,0,0,0,2,0,0,0,0,NaN,NaN,NaN,NaN
spent,t4-mag-drift,colored,101,v6,1,13.5,0.928571428571429,0.928571428571429,0,0,0,0,0.00263157894736842,0.00476190476190476,0,0,NaN,NaN,NaN,NaN
spent,t4-mag-drift,colored,101,v7noD1,1,13.5,0.785714285714286,0.785714285714286,0,0,0,1,0.00263157894736842,0.00476190476190476,0,0,NaN,NaN,NaN,NaN
spent,t4-mag-drift,colored,101,v7noD2,1,13.5,0.933333333333333,0.933333333333333,0,0,0,0,0,0,0,0,NaN,NaN,NaN,NaN
spent,t4-mag-drift,colored,101,v7,1,13.5,0.719047619047619,0.719047619047619,0,0,0,2,0.00263157894736842,0.00476190476190476,0,0,NaN,NaN,NaN,NaN
spent,t4-mag-drift,colored,102,v6,1,18.5,0.914285714285714,0.914285714285714,0,0,0,0,0,0,0,0,NaN,NaN,NaN,NaN
spent,t4-mag-drift,colored,102,v7noD1,1,18.5,0.804761904761905,0.804761904761905,0,0,0,1,0,0,0,0,NaN,NaN,NaN,NaN
spent,t4-mag-drift,colored,102,v7noD2,1,18.5,0.914285714285714,0.914285714285714,0,0,0,0,0,0,0,0,NaN,NaN,NaN,NaN
spent,t4-mag-drift,colored,102,v7,1,18.5,0.852380952380952,0.852380952380952,0,0,0,1,0,0,0,0,NaN,NaN,NaN,NaN
spent,t4-mag-drift,colored,103,v6,1,16.5,0.847619047619048,0.847619047619048,5.68421052631579,0.473684210526316,1,0,0.0289473684210526,0.0523809523809524,0,0,NaN,NaN,NaN,NaN
spent,t4-mag-drift,colored,103,v7noD1,1,16.5,0.847619047619048,0.847619047619048,5.68421052631579,0.473684210526316,1,0,0.0289473684210526,0.0523809523809524,0,0,NaN,NaN,NaN,NaN
spent,t4-mag-drift,colored,103,v7noD2,1,16.5,0.861904761904762,0.861904761904762,5.52631578947368,0.473684210526316,1,0,0.0289473684210526,0.0523809523809524,0,0,NaN,NaN,NaN,NaN
spent,t4-mag-drift,colored,103,v7,1,16.5,0.761904761904762,0.761904761904762,5.52631578947368,0.473684210526316,1,1,0.0289473684210526,0.0523809523809524,0,0,NaN,NaN,NaN,NaN
spent,t4-mag-drift,colored,104,v6,1,21.5,0.9,0.9,0,0,0,0,0,0,0,0,NaN,NaN,NaN,NaN
spent,t4-mag-drift,colored,104,v7noD1,1,21.5,0.752380952380952,0.752380952380952,0,0,0,1,0,0,0,0,NaN,NaN,NaN,NaN
spent,t4-mag-drift,colored,104,v7noD2,1,21.5,0.9,0.9,0,0,0,0,0,0,0,0,NaN,NaN,NaN,NaN
spent,t4-mag-drift,colored,104,v7,1,21.5,0.695238095238095,0.695238095238095,0,0,0,2,0,0,0,0,NaN,NaN,NaN,NaN
spent,t4-mag-drift,colored,105,v6,1,17.5,0.919047619047619,0.919047619047619,0,0,0,0,0,0,0,0,NaN,NaN,NaN,NaN
spent,t4-mag-drift,colored,105,v7noD1,1,17.5,0.919047619047619,0.919047619047619,0,0,0,0,0,0,0,0,NaN,NaN,NaN,NaN
spent,t4-mag-drift,colored,105,v7noD2,1,17.5,0.919047619047619,0.919047619047619,0,0,0,0,0,0,0,0,NaN,NaN,NaN,NaN
spent,t4-mag-drift,colored,105,v7,1,17.5,0.819047619047619,0.819047619047619,0,0,0,1,0,0,0,0,NaN,NaN,NaN,NaN
spent,t4-mag-drift,colored,106,v6,1,15.5,0.928571428571429,0.928571428571429,0.315789473684211,0.157894736842105,0,0,0,0,0,0,NaN,NaN,NaN,NaN
spent,t4-mag-drift,colored,106,v7noD1,1,15.5,0.928571428571429,0.928571428571429,0.315789473684211,0.157894736842105,0,0,0,0,0,0,NaN,NaN,NaN,NaN
spent,t4-mag-drift,colored,106,v7noD2,1,15.5,0.928571428571429,0.928571428571429,0.315789473684211,0.157894736842105,0,0,0,0,0,0,NaN,NaN,NaN,NaN
spent,t4-mag-drift,colored,106,v7,1,15.5,0.819047619047619,0.819047619047619,0.315789473684211,0.157894736842105,0,1,0,0,0,0,NaN,NaN,NaN,NaN
spent,t4-mag-drift,colored,107,v6,1,11.5,0.947619047619048,0.947619047619048,0,0,0,0,0,0,0,0,NaN,NaN,NaN,NaN
spent,t4-mag-drift,colored,107,v7noD1,1,11.5,0.828571428571429,0.828571428571429,0,0,0,1,0,0,0,0,NaN,NaN,NaN,NaN
spent,t4-mag-drift,colored,107,v7noD2,1,11.5,0.947619047619048,0.947619047619048,0,0,0,0,0,0,0,0,NaN,NaN,NaN,NaN
spent,t4-mag-drift,colored,107,v7,1,11.5,0.761904761904762,0.761904761904762,0,0,0,2,0,0,0,0,NaN,NaN,NaN,NaN
spent,t4-mag-drift,colored,108,v6,1,17.5,0.919047619047619,0.919047619047619,0,0,0,0,0,0,0,0,NaN,NaN,NaN,NaN
spent,t4-mag-drift,colored,108,v7noD1,1,17.5,0.919047619047619,0.919047619047619,0,0,0,0,0,0,0,0,NaN,NaN,NaN,NaN
spent,t4-mag-drift,colored,108,v7noD2,1,17.5,0.919047619047619,0.919047619047619,0,0,0,0,0,0,0,0,NaN,NaN,NaN,NaN
spent,t4-mag-drift,colored,108,v7,1,17.5,0.823809523809524,0.823809523809524,0,0,0,1,0,0,0,0,NaN,NaN,NaN,NaN
spent,t4-mag-drift,colored,109,v6,1,16.5,0.923809523809524,0.923809523809524,4.57894736842105,0.315789473684211,1,0,0,0,0,0,NaN,NaN,NaN,NaN
spent,t4-mag-drift,colored,109,v7noD1,1,16.5,0.823809523809524,0.823809523809524,4.57894736842105,0.315789473684211,1,1,0,0,0,0,NaN,NaN,NaN,NaN
spent,t4-mag-drift,colored,109,v7noD2,1,16.5,0.923809523809524,0.923809523809524,4.57894736842105,0.315789473684211,1,0,0,0,0,0,NaN,NaN,NaN,NaN
spent,t4-mag-drift,colored,109,v7,1,16.5,0.747619047619048,0.747619047619048,4.57894736842105,0.315789473684211,1,2,0,0,0,0,NaN,NaN,NaN,NaN
spent,t5-two-heaters,white,100,v6,NaN,NaN,NaN,NaN,0,0,0,0,0,NaN,0,0,NaN,NaN,NaN,NaN
spent,t5-two-heaters,white,100,v7noD1,NaN,NaN,NaN,NaN,0,0,0,0,0,NaN,0,0,NaN,NaN,NaN,NaN
spent,t5-two-heaters,white,100,v7noD2,NaN,NaN,NaN,NaN,0,0,0,0,0,NaN,0,0,NaN,NaN,NaN,NaN
spent,t5-two-heaters,white,100,v7,NaN,NaN,NaN,NaN,0,0,0,0,0,NaN,0,0,NaN,NaN,NaN,NaN
spent,t5-two-heaters,white,101,v6,NaN,NaN,NaN,NaN,0,0,0,0,0,NaN,0,0,NaN,NaN,NaN,NaN
spent,t5-two-heaters,white,101,v7noD1,NaN,NaN,NaN,NaN,0,0,0,0,0,NaN,0,0,NaN,NaN,NaN,NaN
spent,t5-two-heaters,white,101,v7noD2,NaN,NaN,NaN,NaN,0,0,0,0,0,NaN,0,0,NaN,NaN,NaN,NaN
spent,t5-two-heaters,white,101,v7,NaN,NaN,NaN,NaN,0,0,0,0,0,NaN,0,0,NaN,NaN,NaN,NaN
spent,t5-two-heaters,white,102,v6,NaN,NaN,NaN,NaN,0,0,0,0,0,NaN,0,0,NaN,NaN,NaN,NaN
spent,t5-two-heaters,white,102,v7noD1,NaN,NaN,NaN,NaN,0,0,0,0,0,NaN,0,0,NaN,NaN,NaN,NaN
spent,t5-two-heaters,white,102,v7noD2,NaN,NaN,NaN,NaN,0,0,0,0,0,NaN,0,0,NaN,NaN,NaN,NaN
spent,t5-two-heaters,white,102,v7,NaN,NaN,NaN,NaN,0,0,0,0,0,NaN,0,0,NaN,NaN,NaN,NaN
spent,t5-two-heaters,white,103,v6,NaN,NaN,NaN,NaN,0,0,0,0,0,NaN,0,0,NaN,NaN,NaN,NaN
spent,t5-two-heaters,white,103,v7noD1,NaN,NaN,NaN,NaN,0,0,0,0,0,NaN,0,0,NaN,NaN,NaN,NaN
spent,t5-two-heaters,white,103,v7noD2,NaN,NaN,NaN,NaN,0,0,0,0,0,NaN,0,0,NaN,NaN,NaN,NaN
spent,t5-two-heaters,white,103,v7,NaN,NaN,NaN,NaN,0,0,0,0,0,NaN,0,0,NaN,NaN,NaN,NaN
spent,t5-two-heaters,white,104,v6,NaN,NaN,NaN,NaN,8.05263157894737,0.631578947368421,0,0,0,NaN,23,0,NaN,NaN,NaN,NaN
spent,t5-two-heaters,white,104,v7noD1,NaN,NaN,NaN,NaN,8.05263157894737,0.631578947368421,0,0,0,NaN,23,0,NaN,NaN,NaN,NaN
spent,t5-two-heaters,white,104,v7noD2,NaN,NaN,NaN,NaN,3.31578947368421,0.315789473684211,0,0,0,NaN,0,0,NaN,NaN,NaN,NaN
spent,t5-two-heaters,white,104,v7,NaN,NaN,NaN,NaN,3.31578947368421,0.315789473684211,0,0,0,NaN,0,0,NaN,NaN,NaN,NaN
spent,t5-two-heaters,white,105,v6,NaN,NaN,NaN,NaN,0,0,0,0,0,NaN,0,0,NaN,NaN,NaN,NaN
spent,t5-two-heaters,white,105,v7noD1,NaN,NaN,NaN,NaN,0,0,0,0,0,NaN,0,0,NaN,NaN,NaN,NaN
spent,t5-two-heaters,white,105,v7noD2,NaN,NaN,NaN,NaN,0,0,0,0,0,NaN,0,0,NaN,NaN,NaN,NaN
spent,t5-two-heaters,white,105,v7,NaN,NaN,NaN,NaN,0,0,0,0,0,NaN,0,0,NaN,NaN,NaN,NaN
spent,t5-two-heaters,white,106,v6,NaN,NaN,NaN,NaN,0,0,0,0,0,NaN,0,0,NaN,NaN,NaN,NaN
spent,t5-two-heaters,white,106,v7noD1,NaN,NaN,NaN,NaN,0,0,0,0,0,NaN,0,0,NaN,NaN,NaN,NaN
spent,t5-two-heaters,white,106,v7noD2,NaN,NaN,NaN,NaN,0,0,0,0,0,NaN,0,0,NaN,NaN,NaN,NaN
spent,t5-two-heaters,white,106,v7,NaN,NaN,NaN,NaN,0,0,0,0,0,NaN,0,0,NaN,NaN,NaN,NaN
spent,t5-two-heaters,white,107,v6,NaN,NaN,NaN,NaN,0,0,0,0,0,NaN,0,0,NaN,NaN,NaN,NaN
spent,t5-two-heaters,white,107,v7noD1,NaN,NaN,NaN,NaN,0,0,0,0,0,NaN,0,0,NaN,NaN,NaN,NaN
spent,t5-two-heaters,white,107,v7noD2,NaN,NaN,NaN,NaN,0,0,0,0,0,NaN,0,0,NaN,NaN,NaN,NaN
spent,t5-two-heaters,white,107,v7,NaN,NaN,NaN,NaN,0,0,0,0,0,NaN,0,0,NaN,NaN,NaN,NaN
spent,t5-two-heaters,white,108,v6,NaN,NaN,NaN,NaN,0.473684210526316,0.157894736842105,0,0,0,NaN,0,0,NaN,NaN,NaN,NaN
spent,t5-two-heaters,white,108,v7noD1,NaN,NaN,NaN,NaN,0.473684210526316,0.157894736842105,0,0,0,NaN,0,0,NaN,NaN,NaN,NaN
spent,t5-two-heaters,white,108,v7noD2,NaN,NaN,NaN,NaN,0.473684210526316,0.157894736842105,0,0,0,NaN,0,0,NaN,NaN,NaN,NaN
spent,t5-two-heaters,white,108,v7,NaN,NaN,NaN,NaN,0.473684210526316,0.157894736842105,0,0,0,NaN,0,0,NaN,NaN,NaN,NaN
spent,t5-two-heaters,white,109,v6,NaN,NaN,NaN,NaN,0,0,0,0,0,NaN,0,0,NaN,NaN,NaN,NaN
spent,t5-two-heaters,white,109,v7noD1,NaN,NaN,NaN,NaN,0,0,0,0,0,NaN,0,0,NaN,NaN,NaN,NaN
spent,t5-two-heaters,white,109,v7noD2,NaN,NaN,NaN,NaN,0,0,0,0,0,NaN,0,0,NaN,NaN,NaN,NaN
spent,t5-two-heaters,white,109,v7,NaN,NaN,NaN,NaN,0,0,0,0,0,NaN,0,0,NaN,NaN,NaN,NaN
spent,t5-two-heaters,colored,100,v6,NaN,NaN,NaN,NaN,0,0,0,0,0,NaN,0,0,NaN,NaN,NaN,NaN
spent,t5-two-heaters,colored,100,v7noD1,NaN,NaN,NaN,NaN,0,0,0,0,0,NaN,0,0,NaN,NaN,NaN,NaN
spent,t5-two-heaters,colored,100,v7noD2,NaN,NaN,NaN,NaN,0,0,0,0,0,NaN,0,0,NaN,NaN,NaN,NaN
spent,t5-two-heaters,colored,100,v7,NaN,NaN,NaN,NaN,0,0,0,0,0,NaN,0,0,NaN,NaN,NaN,NaN
spent,t5-two-heaters,colored,101,v6,NaN,NaN,NaN,NaN,0,0,0,0,0,NaN,0,0,NaN,NaN,NaN,NaN
spent,t5-two-heaters,colored,101,v7noD1,NaN,NaN,NaN,NaN,0,0,0,0,0,NaN,0,0,NaN,NaN,NaN,NaN
spent,t5-two-heaters,colored,101,v7noD2,NaN,NaN,NaN,NaN,0,0,0,0,0,NaN,0,0,NaN,NaN,NaN,NaN
spent,t5-two-heaters,colored,101,v7,NaN,NaN,NaN,NaN,0,0,0,0,0,NaN,0,0,NaN,NaN,NaN,NaN
spent,t5-two-heaters,colored,102,v6,NaN,NaN,NaN,NaN,0,0,0,0,0,NaN,0,0,NaN,NaN,NaN,NaN
spent,t5-two-heaters,colored,102,v7noD1,NaN,NaN,NaN,NaN,0,0,0,0,0,NaN,0,0,NaN,NaN,NaN,NaN
spent,t5-two-heaters,colored,102,v7noD2,NaN,NaN,NaN,NaN,0,0,0,0,0,NaN,0,0,NaN,NaN,NaN,NaN
spent,t5-two-heaters,colored,102,v7,NaN,NaN,NaN,NaN,0,0,0,0,0,NaN,0,0,NaN,NaN,NaN,NaN
spent,t5-two-heaters,colored,103,v6,NaN,NaN,NaN,NaN,4.57894736842105,0.315789473684211,1,0,0,NaN,0,0,NaN,NaN,NaN,NaN
spent,t5-two-heaters,colored,103,v7noD1,NaN,NaN,NaN,NaN,4.57894736842105,0.315789473684211,1,0,0,NaN,0,0,NaN,NaN,NaN,NaN
spent,t5-two-heaters,colored,103,v7noD2,NaN,NaN,NaN,NaN,4.89473684210526,0.315789473684211,1,0,0,NaN,0,0,NaN,NaN,NaN,NaN
spent,t5-two-heaters,colored,103,v7,NaN,NaN,NaN,NaN,4.89473684210526,0.315789473684211,1,0,0,NaN,0,0,NaN,NaN,NaN,NaN
spent,t5-two-heaters,colored,104,v6,NaN,NaN,NaN,NaN,0,0,0,0,0,NaN,0,0,NaN,NaN,NaN,NaN
spent,t5-two-heaters,colored,104,v7noD1,NaN,NaN,NaN,NaN,0,0,0,0,0,NaN,0,0,NaN,NaN,NaN,NaN
spent,t5-two-heaters,colored,104,v7noD2,NaN,NaN,NaN,NaN,0,0,0,0,0,NaN,0,0,NaN,NaN,NaN,NaN
spent,t5-two-heaters,colored,104,v7,NaN,NaN,NaN,NaN,0,0,0,0,0,NaN,0,0,NaN,NaN,NaN,NaN
spent,t5-two-heaters,colored,105,v6,NaN,NaN,NaN,NaN,0,0,0,0,0,NaN,0,0,NaN,NaN,NaN,NaN
spent,t5-two-heaters,colored,105,v7noD1,NaN,NaN,NaN,NaN,0,0,0,0,0,NaN,0,0,NaN,NaN,NaN,NaN
spent,t5-two-heaters,colored,105,v7noD2,NaN,NaN,NaN,NaN,0,0,0,0,0,NaN,0,0,NaN,NaN,NaN,NaN
spent,t5-two-heaters,colored,105,v7,NaN,NaN,NaN,NaN,0,0,0,0,0,NaN,0,0,NaN,NaN,NaN,NaN
spent,t5-two-heaters,colored,106,v6,NaN,NaN,NaN,NaN,0.631578947368421,0.157894736842105,0,0,0,NaN,0,0,NaN,NaN,NaN,NaN
spent,t5-two-heaters,colored,106,v7noD1,NaN,NaN,NaN,NaN,0.631578947368421,0.157894736842105,0,0,0,NaN,0,0,NaN,NaN,NaN,NaN
spent,t5-two-heaters,colored,106,v7noD2,NaN,NaN,NaN,NaN,0.631578947368421,0.157894736842105,0,0,0,NaN,0,0,NaN,NaN,NaN,NaN
spent,t5-two-heaters,colored,106,v7,NaN,NaN,NaN,NaN,0.631578947368421,0.157894736842105,0,0,0,NaN,0,0,NaN,NaN,NaN,NaN
spent,t5-two-heaters,colored,107,v6,NaN,NaN,NaN,NaN,0,0,0,0,0,NaN,0,0,NaN,NaN,NaN,NaN
spent,t5-two-heaters,colored,107,v7noD1,NaN,NaN,NaN,NaN,0,0,0,0,0,NaN,0,0,NaN,NaN,NaN,NaN
spent,t5-two-heaters,colored,107,v7noD2,NaN,NaN,NaN,NaN,0,0,0,0,0,NaN,0,0,NaN,NaN,NaN,NaN
spent,t5-two-heaters,colored,107,v7,NaN,NaN,NaN,NaN,0,0,0,0,0,NaN,0,0,NaN,NaN,NaN,NaN
spent,t5-two-heaters,colored,108,v6,NaN,NaN,NaN,NaN,0,0,0,0,0,NaN,0,0,NaN,NaN,NaN,NaN
spent,t5-two-heaters,colored,108,v7noD1,NaN,NaN,NaN,NaN,0,0,0,0,0,NaN,0,0,NaN,NaN,NaN,NaN
spent,t5-two-heaters,colored,108,v7noD2,NaN,NaN,NaN,NaN,0,0,0,0,0,NaN,0,0,NaN,NaN,NaN,NaN
spent,t5-two-heaters,colored,108,v7,NaN,NaN,NaN,NaN,0,0,0,0,0,NaN,0,0,NaN,NaN,NaN,NaN
spent,t5-two-heaters,colored,109,v6,NaN,NaN,NaN,NaN,0,0,0,0,0,NaN,0,0,NaN,NaN,NaN,NaN
spent,t5-two-heaters,colored,109,v7noD1,NaN,NaN,NaN,NaN,0,0,0,0,0,NaN,0,0,NaN,NaN,NaN,NaN
spent,t5-two-heaters,colored,109,v7noD2,NaN,NaN,NaN,NaN,0,0,0,0,0,NaN,0,0,NaN,NaN,NaN,NaN
spent,t5-two-heaters,colored,109,v7,NaN,NaN,NaN,NaN,0,0,0,0,0,NaN,0,0,NaN,NaN,NaN,NaN
spent,t6-emi-plateau,white,100,v6,NaN,NaN,NaN,NaN,0,0,0,0,0,NaN,0,0,0,NaN,NaN,NaN
spent,t6-emi-plateau,white,100,v7noD1,NaN,NaN,NaN,NaN,0,0,0,0,0,NaN,0,0,0,NaN,NaN,NaN
spent,t6-emi-plateau,white,100,v7noD2,NaN,NaN,NaN,NaN,0,0,0,0,0,NaN,0,0,0,NaN,NaN,NaN
spent,t6-emi-plateau,white,100,v7,NaN,NaN,NaN,NaN,0,0,0,0,0,NaN,0,0,0,NaN,NaN,NaN
spent,t6-emi-plateau,white,101,v6,NaN,NaN,NaN,NaN,0,0,0,0,0,NaN,0,0,0,NaN,NaN,NaN
spent,t6-emi-plateau,white,101,v7noD1,NaN,NaN,NaN,NaN,0,0,0,0,0,NaN,0,0,0,NaN,NaN,NaN
spent,t6-emi-plateau,white,101,v7noD2,NaN,NaN,NaN,NaN,0,0,0,0,0,NaN,0,0,0,NaN,NaN,NaN
spent,t6-emi-plateau,white,101,v7,NaN,NaN,NaN,NaN,0,0,0,0,0,NaN,0,0,0,NaN,NaN,NaN
spent,t6-emi-plateau,white,102,v6,NaN,NaN,NaN,NaN,0,0,0,0,0,NaN,0,0,0,NaN,NaN,NaN
spent,t6-emi-plateau,white,102,v7noD1,NaN,NaN,NaN,NaN,0,0,0,0,0,NaN,0,0,0,NaN,NaN,NaN
spent,t6-emi-plateau,white,102,v7noD2,NaN,NaN,NaN,NaN,0,0,0,0,0,NaN,0,0,0,NaN,NaN,NaN
spent,t6-emi-plateau,white,102,v7,NaN,NaN,NaN,NaN,0,0,0,0,0,NaN,0,0,0,NaN,NaN,NaN
spent,t6-emi-plateau,white,103,v6,NaN,NaN,NaN,NaN,0.315789473684211,0.315789473684211,1,0,0,NaN,0,0,0,NaN,NaN,NaN
spent,t6-emi-plateau,white,103,v7noD1,NaN,NaN,NaN,NaN,0.315789473684211,0.315789473684211,1,0,0,NaN,0,0,0,NaN,NaN,NaN
spent,t6-emi-plateau,white,103,v7noD2,NaN,NaN,NaN,NaN,0.315789473684211,0.315789473684211,1,0,0,NaN,0,0,0,NaN,NaN,NaN
spent,t6-emi-plateau,white,103,v7,NaN,NaN,NaN,NaN,0.315789473684211,0.315789473684211,1,0,0,NaN,0,0,0,NaN,NaN,NaN
spent,t6-emi-plateau,white,104,v6,NaN,NaN,NaN,NaN,4.26315789473684,0.789473684210526,0,0,0,NaN,0,0,0,NaN,NaN,NaN
spent,t6-emi-plateau,white,104,v7noD1,NaN,NaN,NaN,NaN,4.26315789473684,0.789473684210526,0,0,0,NaN,0,0,0,NaN,NaN,NaN
spent,t6-emi-plateau,white,104,v7noD2,NaN,NaN,NaN,NaN,3.78947368421053,0.315789473684211,0,0,0,NaN,0,0,0,NaN,NaN,NaN
spent,t6-emi-plateau,white,104,v7,NaN,NaN,NaN,NaN,3.78947368421053,0.315789473684211,0,0,0,NaN,0,0,0,NaN,NaN,NaN
spent,t6-emi-plateau,white,105,v6,NaN,NaN,NaN,NaN,0,0,0,0,0,NaN,0,0,0,NaN,NaN,NaN
spent,t6-emi-plateau,white,105,v7noD1,NaN,NaN,NaN,NaN,0,0,0,0,0,NaN,0,0,0,NaN,NaN,NaN
spent,t6-emi-plateau,white,105,v7noD2,NaN,NaN,NaN,NaN,0,0,0,0,0,NaN,0,0,0,NaN,NaN,NaN
spent,t6-emi-plateau,white,105,v7,NaN,NaN,NaN,NaN,0,0,0,0,0,NaN,0,0,0,NaN,NaN,NaN
spent,t6-emi-plateau,white,106,v6,NaN,NaN,NaN,NaN,0,0,0,0,0,NaN,0,0,0,NaN,NaN,NaN
spent,t6-emi-plateau,white,106,v7noD1,NaN,NaN,NaN,NaN,0,0,0,0,0,NaN,0,0,0,NaN,NaN,NaN
spent,t6-emi-plateau,white,106,v7noD2,NaN,NaN,NaN,NaN,0,0,0,0,0,NaN,0,0,0,NaN,NaN,NaN
spent,t6-emi-plateau,white,106,v7,NaN,NaN,NaN,NaN,0,0,0,0,0,NaN,0,0,0,NaN,NaN,NaN
spent,t6-emi-plateau,white,107,v6,NaN,NaN,NaN,NaN,0,0,0,0,0,NaN,0,0,0,NaN,NaN,NaN
spent,t6-emi-plateau,white,107,v7noD1,NaN,NaN,NaN,NaN,0,0,0,0,0,NaN,0,0,0,NaN,NaN,NaN
spent,t6-emi-plateau,white,107,v7noD2,NaN,NaN,NaN,NaN,0,0,0,0,0,NaN,0,0,0,NaN,NaN,NaN
spent,t6-emi-plateau,white,107,v7,NaN,NaN,NaN,NaN,0,0,0,0,0,NaN,0,0,0,NaN,NaN,NaN
spent,t6-emi-plateau,white,108,v6,NaN,NaN,NaN,NaN,0.315789473684211,0.315789473684211,0,0,0,NaN,0,0,0.00819672131147541,NaN,NaN,NaN
spent,t6-emi-plateau,white,108,v7noD1,NaN,NaN,NaN,NaN,0.315789473684211,0.315789473684211,0,0,0,NaN,0,0,0.00819672131147541,NaN,NaN,NaN
spent,t6-emi-plateau,white,108,v7noD2,NaN,NaN,NaN,NaN,0.473684210526316,0.157894736842105,0,0,0,NaN,0,0,0.0122950819672131,NaN,NaN,NaN
spent,t6-emi-plateau,white,108,v7,NaN,NaN,NaN,NaN,0.473684210526316,0.157894736842105,0,0,0,NaN,0,0,0.0122950819672131,NaN,NaN,NaN
spent,t6-emi-plateau,white,109,v6,NaN,NaN,NaN,NaN,0,0,0,0,0,NaN,0,0,0,NaN,NaN,NaN
spent,t6-emi-plateau,white,109,v7noD1,NaN,NaN,NaN,NaN,0,0,0,0,0,NaN,0,0,0,NaN,NaN,NaN
spent,t6-emi-plateau,white,109,v7noD2,NaN,NaN,NaN,NaN,0,0,0,0,0,NaN,0,0,0,NaN,NaN,NaN
spent,t6-emi-plateau,white,109,v7,NaN,NaN,NaN,NaN,0,0,0,0,0,NaN,0,0,0,NaN,NaN,NaN
spent,t6-emi-plateau,colored,100,v6,NaN,NaN,NaN,NaN,0,0,0,0,0,NaN,0,0,0,NaN,NaN,NaN
spent,t6-emi-plateau,colored,100,v7noD1,NaN,NaN,NaN,NaN,0,0,0,0,0,NaN,0,0,0,NaN,NaN,NaN
spent,t6-emi-plateau,colored,100,v7noD2,NaN,NaN,NaN,NaN,0,0,0,0,0,NaN,0,0,0,NaN,NaN,NaN
spent,t6-emi-plateau,colored,100,v7,NaN,NaN,NaN,NaN,0,0,0,0,0,NaN,0,0,0,NaN,NaN,NaN
spent,t6-emi-plateau,colored,101,v6,NaN,NaN,NaN,NaN,0,0,0,0,0,NaN,0,0,0,NaN,NaN,NaN
spent,t6-emi-plateau,colored,101,v7noD1,NaN,NaN,NaN,NaN,0,0,0,0,0,NaN,0,0,0,NaN,NaN,NaN
spent,t6-emi-plateau,colored,101,v7noD2,NaN,NaN,NaN,NaN,0,0,0,0,0,NaN,0,0,0,NaN,NaN,NaN
spent,t6-emi-plateau,colored,101,v7,NaN,NaN,NaN,NaN,0,0,0,0,0,NaN,0,0,0,NaN,NaN,NaN
spent,t6-emi-plateau,colored,102,v6,NaN,NaN,NaN,NaN,0,0,0,0,0,NaN,0,0,0,NaN,NaN,NaN
spent,t6-emi-plateau,colored,102,v7noD1,NaN,NaN,NaN,NaN,0,0,0,0,0,NaN,0,0,0,NaN,NaN,NaN
spent,t6-emi-plateau,colored,102,v7noD2,NaN,NaN,NaN,NaN,0,0,0,0,0,NaN,0,0,0,NaN,NaN,NaN
spent,t6-emi-plateau,colored,102,v7,NaN,NaN,NaN,NaN,0,0,0,0,0,NaN,0,0,0,NaN,NaN,NaN
spent,t6-emi-plateau,colored,103,v6,NaN,NaN,NaN,NaN,4.57894736842105,0.315789473684211,1,0,0,NaN,13,0,0,NaN,NaN,NaN
spent,t6-emi-plateau,colored,103,v7noD1,NaN,NaN,NaN,NaN,4.57894736842105,0.315789473684211,1,0,0,NaN,13,0,0,NaN,NaN,NaN
spent,t6-emi-plateau,colored,103,v7noD2,NaN,NaN,NaN,NaN,5.05263157894737,0.315789473684211,1,0,0,NaN,16,0,0,NaN,NaN,NaN
spent,t6-emi-plateau,colored,103,v7,NaN,NaN,NaN,NaN,5.05263157894737,0.315789473684211,1,0,0,NaN,16,0,0,NaN,NaN,NaN
spent,t6-emi-plateau,colored,104,v6,NaN,NaN,NaN,NaN,0,0,0,0,0,NaN,0,0,0,NaN,NaN,NaN
spent,t6-emi-plateau,colored,104,v7noD1,NaN,NaN,NaN,NaN,0,0,0,0,0,NaN,0,0,0,NaN,NaN,NaN
spent,t6-emi-plateau,colored,104,v7noD2,NaN,NaN,NaN,NaN,0,0,0,0,0,NaN,0,0,0,NaN,NaN,NaN
spent,t6-emi-plateau,colored,104,v7,NaN,NaN,NaN,NaN,0,0,0,0,0,NaN,0,0,0,NaN,NaN,NaN
spent,t6-emi-plateau,colored,105,v6,NaN,NaN,NaN,NaN,0.157894736842105,0.157894736842105,0,0,0,NaN,0,0,0.00409836065573771,NaN,NaN,NaN
spent,t6-emi-plateau,colored,105,v7noD1,NaN,NaN,NaN,NaN,0.157894736842105,0.157894736842105,0,0,0,NaN,0,0,0.00409836065573771,NaN,NaN,NaN
spent,t6-emi-plateau,colored,105,v7noD2,NaN,NaN,NaN,NaN,0.157894736842105,0.157894736842105,0,0,0,NaN,0,0,0.00409836065573771,NaN,NaN,NaN
spent,t6-emi-plateau,colored,105,v7,NaN,NaN,NaN,NaN,0.157894736842105,0.157894736842105,0,0,0,NaN,0,0,0.00409836065573771,NaN,NaN,NaN
spent,t6-emi-plateau,colored,106,v6,NaN,NaN,NaN,NaN,0.789473684210526,0.157894736842105,0,0,0,NaN,0,0,0,NaN,NaN,NaN
spent,t6-emi-plateau,colored,106,v7noD1,NaN,NaN,NaN,NaN,0.789473684210526,0.157894736842105,0,0,0,NaN,0,0,0,NaN,NaN,NaN
spent,t6-emi-plateau,colored,106,v7noD2,NaN,NaN,NaN,NaN,0.789473684210526,0.157894736842105,0,0,0,NaN,0,0,0,NaN,NaN,NaN
spent,t6-emi-plateau,colored,106,v7,NaN,NaN,NaN,NaN,0.789473684210526,0.157894736842105,0,0,0,NaN,0,0,0,NaN,NaN,NaN
spent,t6-emi-plateau,colored,107,v6,NaN,NaN,NaN,NaN,0,0,0,0,0,NaN,0,0,0,NaN,NaN,NaN
spent,t6-emi-plateau,colored,107,v7noD1,NaN,NaN,NaN,NaN,0,0,0,0,0,NaN,0,0,0,NaN,NaN,NaN
spent,t6-emi-plateau,colored,107,v7noD2,NaN,NaN,NaN,NaN,0,0,0,0,0,NaN,0,0,0,NaN,NaN,NaN
spent,t6-emi-plateau,colored,107,v7,NaN,NaN,NaN,NaN,0,0,0,0,0,NaN,0,0,0,NaN,NaN,NaN
spent,t6-emi-plateau,colored,108,v6,NaN,NaN,NaN,NaN,0,0,0,0,0,NaN,0,0,0,NaN,NaN,NaN
spent,t6-emi-plateau,colored,108,v7noD1,NaN,NaN,NaN,NaN,0,0,0,0,0,NaN,0,0,0,NaN,NaN,NaN
spent,t6-emi-plateau,colored,108,v7noD2,NaN,NaN,NaN,NaN,0,0,0,0,0,NaN,0,0,0,NaN,NaN,NaN
spent,t6-emi-plateau,colored,108,v7,NaN,NaN,NaN,NaN,0,0,0,0,0,NaN,0,0,0,NaN,NaN,NaN
spent,t6-emi-plateau,colored,109,v6,NaN,NaN,NaN,NaN,0,0,0,0,0,NaN,0,0,0,NaN,NaN,NaN
spent,t6-emi-plateau,colored,109,v7noD1,NaN,NaN,NaN,NaN,0,0,0,0,0,NaN,0,0,0,NaN,NaN,NaN
spent,t6-emi-plateau,colored,109,v7noD2,NaN,NaN,NaN,NaN,0,0,0,0,0,NaN,0,0,0,NaN,NaN,NaN
spent,t6-emi-plateau,colored,109,v7,NaN,NaN,NaN,NaN,0,0,0,0,0,NaN,0,0,0,NaN,NaN,NaN
spent,t7-bme-step,white,100,v6,NaN,NaN,NaN,NaN,0,0,0,0,0,NaN,0,0,NaN,0,0,1
spent,t7-bme-step,white,100,v7noD1,NaN,NaN,NaN,NaN,0,0,0,0,0,NaN,0,0,NaN,0,0,1
spent,t7-bme-step,white,100,v7noD2,NaN,NaN,NaN,NaN,0,0,0,0,0,NaN,0,0,NaN,0,0,1
spent,t7-bme-step,white,100,v7,NaN,NaN,NaN,NaN,0,0,0,0,0,NaN,0,0,NaN,0,0,1
spent,t7-bme-step,white,101,v6,NaN,NaN,NaN,NaN,0,0,0,0,0,NaN,0,0,NaN,0,0,1
spent,t7-bme-step,white,101,v7noD1,NaN,NaN,NaN,NaN,0,0,0,0,0,NaN,0,0,NaN,0,0,1
spent,t7-bme-step,white,101,v7noD2,NaN,NaN,NaN,NaN,0,0,0,0,0,NaN,0,0,NaN,0,0,1
spent,t7-bme-step,white,101,v7,NaN,NaN,NaN,NaN,0,0,0,0,0,NaN,0,0,NaN,0,0,1
spent,t7-bme-step,white,102,v6,NaN,NaN,NaN,NaN,0,0,0,0,0,NaN,0,0,NaN,0,0,1
spent,t7-bme-step,white,102,v7noD1,NaN,NaN,NaN,NaN,0,0,0,0,0,NaN,0,0,NaN,0,0,1
spent,t7-bme-step,white,102,v7noD2,NaN,NaN,NaN,NaN,0,0,0,0,0,NaN,0,0,NaN,0,0,1
spent,t7-bme-step,white,102,v7,NaN,NaN,NaN,NaN,0,0,0,0,0,NaN,0,0,NaN,0,0,1
spent,t7-bme-step,white,103,v6,NaN,NaN,NaN,NaN,0,0,0,0,0,NaN,0,0,NaN,0,0,1
spent,t7-bme-step,white,103,v7noD1,NaN,NaN,NaN,NaN,0,0,0,0,0,NaN,0,0,NaN,0,0,1
spent,t7-bme-step,white,103,v7noD2,NaN,NaN,NaN,NaN,0,0,0,0,0,NaN,0,0,NaN,0,0,1
spent,t7-bme-step,white,103,v7,NaN,NaN,NaN,NaN,0,0,0,0,0,NaN,0,0,NaN,0,0,1
spent,t7-bme-step,white,104,v6,NaN,NaN,NaN,NaN,2.68421052631579,0.315789473684211,0,0,0,NaN,0,0,NaN,0.080952380952381,0,1
spent,t7-bme-step,white,104,v7noD1,NaN,NaN,NaN,NaN,2.68421052631579,0.315789473684211,0,0,0,NaN,0,0,NaN,0.080952380952381,0,1
spent,t7-bme-step,white,104,v7noD2,NaN,NaN,NaN,NaN,3,0.157894736842105,0,0,0,NaN,0,0,NaN,0.0904761904761905,0,1
spent,t7-bme-step,white,104,v7,NaN,NaN,NaN,NaN,3,0.157894736842105,0,0,0,NaN,0,0,NaN,0.0904761904761905,0,1
spent,t7-bme-step,white,105,v6,NaN,NaN,NaN,NaN,0,0,0,0,0,NaN,0,0,NaN,0,0,1
spent,t7-bme-step,white,105,v7noD1,NaN,NaN,NaN,NaN,0,0,0,0,0,NaN,0,0,NaN,0,0,1
spent,t7-bme-step,white,105,v7noD2,NaN,NaN,NaN,NaN,0,0,0,0,0,NaN,0,0,NaN,0,0,1
spent,t7-bme-step,white,105,v7,NaN,NaN,NaN,NaN,0,0,0,0,0,NaN,0,0,NaN,0,0,1
spent,t7-bme-step,white,106,v6,NaN,NaN,NaN,NaN,0,0,0,0,0,NaN,0,0,NaN,0,0,1
spent,t7-bme-step,white,106,v7noD1,NaN,NaN,NaN,NaN,0,0,0,0,0,NaN,0,0,NaN,0,0,1
spent,t7-bme-step,white,106,v7noD2,NaN,NaN,NaN,NaN,0,0,0,0,0,NaN,0,0,NaN,0,0,1
spent,t7-bme-step,white,106,v7,NaN,NaN,NaN,NaN,0,0,0,0,0,NaN,0,0,NaN,0,0,1
spent,t7-bme-step,white,107,v6,NaN,NaN,NaN,NaN,0,0,0,0,0,NaN,0,0,NaN,0,0,1
spent,t7-bme-step,white,107,v7noD1,NaN,NaN,NaN,NaN,0,0,0,0,0,NaN,0,0,NaN,0,0,1
spent,t7-bme-step,white,107,v7noD2,NaN,NaN,NaN,NaN,0,0,0,0,0,NaN,0,0,NaN,0,0,1
spent,t7-bme-step,white,107,v7,NaN,NaN,NaN,NaN,0,0,0,0,0,NaN,0,0,NaN,0,0,1
spent,t7-bme-step,white,108,v6,NaN,NaN,NaN,NaN,0.315789473684211,0.315789473684211,0,0,0,NaN,0,0,NaN,0.00952380952380952,0,1
spent,t7-bme-step,white,108,v7noD1,NaN,NaN,NaN,NaN,0.315789473684211,0.315789473684211,0,0,0,NaN,0,0,NaN,0.00952380952380952,0,1
spent,t7-bme-step,white,108,v7noD2,NaN,NaN,NaN,NaN,0.315789473684211,0.315789473684211,0,0,0,NaN,0,0,NaN,0.00952380952380952,0,1
spent,t7-bme-step,white,108,v7,NaN,NaN,NaN,NaN,0.315789473684211,0.315789473684211,0,0,0,NaN,0,0,NaN,0.00952380952380952,0,1
spent,t7-bme-step,white,109,v6,NaN,NaN,NaN,NaN,0,0,0,0,0,NaN,0,0,NaN,0,0,1
spent,t7-bme-step,white,109,v7noD1,NaN,NaN,NaN,NaN,0,0,0,0,0,NaN,0,0,NaN,0,0,1
spent,t7-bme-step,white,109,v7noD2,NaN,NaN,NaN,NaN,0,0,0,0,0,NaN,0,0,NaN,0,0,1
spent,t7-bme-step,white,109,v7,NaN,NaN,NaN,NaN,0,0,0,0,0,NaN,0,0,NaN,0,0,1
spent,t7-bme-step,colored,100,v6,NaN,NaN,NaN,NaN,0,0,0,0,0,NaN,0,0,NaN,0,0,1
spent,t7-bme-step,colored,100,v7noD1,NaN,NaN,NaN,NaN,0,0,0,0,0,NaN,0,0,NaN,0,0,1
spent,t7-bme-step,colored,100,v7noD2,NaN,NaN,NaN,NaN,0,0,0,0,0,NaN,0,0,NaN,0,0,1
spent,t7-bme-step,colored,100,v7,NaN,NaN,NaN,NaN,0,0,0,0,0,NaN,0,0,NaN,0,0,1
spent,t7-bme-step,colored,101,v6,NaN,NaN,NaN,NaN,0,0,0,0,0,NaN,0,0,NaN,0,0,1
spent,t7-bme-step,colored,101,v7noD1,NaN,NaN,NaN,NaN,0,0,0,0,0,NaN,0,0,NaN,0,0,1
spent,t7-bme-step,colored,101,v7noD2,NaN,NaN,NaN,NaN,0,0,0,0,0,NaN,0,0,NaN,0,0,1
spent,t7-bme-step,colored,101,v7,NaN,NaN,NaN,NaN,0,0,0,0,0,NaN,0,0,NaN,0,0,1
spent,t7-bme-step,colored,102,v6,NaN,NaN,NaN,NaN,0,0,0,0,0,NaN,0,0,NaN,0,0,1
spent,t7-bme-step,colored,102,v7noD1,NaN,NaN,NaN,NaN,0,0,0,0,0,NaN,0,0,NaN,0,0,1
spent,t7-bme-step,colored,102,v7noD2,NaN,NaN,NaN,NaN,0,0,0,0,0,NaN,0,0,NaN,0,0,1
spent,t7-bme-step,colored,102,v7,NaN,NaN,NaN,NaN,0,0,0,0,0,NaN,0,0,NaN,0,0,1
spent,t7-bme-step,colored,103,v6,NaN,NaN,NaN,NaN,4.57894736842105,0.315789473684211,1,0,0,NaN,0,0,NaN,0.138095238095238,0,1
spent,t7-bme-step,colored,103,v7noD1,NaN,NaN,NaN,NaN,4.57894736842105,0.315789473684211,1,0,0,NaN,0,0,NaN,0.138095238095238,0,1
spent,t7-bme-step,colored,103,v7noD2,NaN,NaN,NaN,NaN,5.05263157894737,0.315789473684211,1,0,0,NaN,0,0,NaN,0.152380952380952,0.00476190476190476,0.995238095238095
spent,t7-bme-step,colored,103,v7,NaN,NaN,NaN,NaN,5.05263157894737,0.315789473684211,1,0,0,NaN,0,0,NaN,0.152380952380952,0.00476190476190476,0.995238095238095
spent,t7-bme-step,colored,104,v6,NaN,NaN,NaN,NaN,0,0,0,0,0,NaN,0,0,NaN,0,0,1
spent,t7-bme-step,colored,104,v7noD1,NaN,NaN,NaN,NaN,0,0,0,0,0,NaN,0,0,NaN,0,0,1
spent,t7-bme-step,colored,104,v7noD2,NaN,NaN,NaN,NaN,0,0,0,0,0,NaN,0,0,NaN,0,0,1
spent,t7-bme-step,colored,104,v7,NaN,NaN,NaN,NaN,0,0,0,0,0,NaN,0,0,NaN,0,0,1
spent,t7-bme-step,colored,105,v6,NaN,NaN,NaN,NaN,0,0,0,0,0,NaN,0,0,NaN,0,0,1
spent,t7-bme-step,colored,105,v7noD1,NaN,NaN,NaN,NaN,0,0,0,0,0,NaN,0,0,NaN,0,0,1
spent,t7-bme-step,colored,105,v7noD2,NaN,NaN,NaN,NaN,0,0,0,0,0,NaN,0,0,NaN,0,0,1
spent,t7-bme-step,colored,105,v7,NaN,NaN,NaN,NaN,0,0,0,0,0,NaN,0,0,NaN,0,0,1
spent,t7-bme-step,colored,106,v6,NaN,NaN,NaN,NaN,0.789473684210526,0.157894736842105,0,0,0,NaN,0,0,NaN,0.0238095238095238,0,1
spent,t7-bme-step,colored,106,v7noD1,NaN,NaN,NaN,NaN,0.789473684210526,0.157894736842105,0,0,0,NaN,0,0,NaN,0.0238095238095238,0,1
spent,t7-bme-step,colored,106,v7noD2,NaN,NaN,NaN,NaN,0.789473684210526,0.157894736842105,0,0,0,NaN,0,0,NaN,0.0238095238095238,0,1
spent,t7-bme-step,colored,106,v7,NaN,NaN,NaN,NaN,0.789473684210526,0.157894736842105,0,0,0,NaN,0,0,NaN,0.0238095238095238,0,1
spent,t7-bme-step,colored,107,v6,NaN,NaN,NaN,NaN,0,0,0,0,0,NaN,0,0,NaN,0,0,1
spent,t7-bme-step,colored,107,v7noD1,NaN,NaN,NaN,NaN,0,0,0,0,0,NaN,0,0,NaN,0,0,1
spent,t7-bme-step,colored,107,v7noD2,NaN,NaN,NaN,NaN,0,0,0,0,0,NaN,0,0,NaN,0,0,1
spent,t7-bme-step,colored,107,v7,NaN,NaN,NaN,NaN,0,0,0,0,0,NaN,0,0,NaN,0,0,1
spent,t7-bme-step,colored,108,v6,NaN,NaN,NaN,NaN,0,0,0,0,0,NaN,0,0,NaN,0,0.00476190476190476,0.995238095238095
spent,t7-bme-step,colored,108,v7noD1,NaN,NaN,NaN,NaN,0,0,0,0,0,NaN,0,0,NaN,0,0.00476190476190476,0.995238095238095
spent,t7-bme-step,colored,108,v7noD2,NaN,NaN,NaN,NaN,0,0,0,0,0,NaN,0,0,NaN,0,0.00476190476190476,0.995238095238095
spent,t7-bme-step,colored,108,v7,NaN,NaN,NaN,NaN,0,0,0,0,0,NaN,0,0,NaN,0,0.00476190476190476,0.995238095238095
spent,t7-bme-step,colored,109,v6,NaN,NaN,NaN,NaN,4.57894736842105,0.315789473684211,1,0,0,NaN,0,0,NaN,0.138095238095238,0,1
spent,t7-bme-step,colored,109,v7noD1,NaN,NaN,NaN,NaN,4.57894736842105,0.315789473684211,1,0,0,NaN,0,0,NaN,0.138095238095238,0,1
spent,t7-bme-step,colored,109,v7noD2,NaN,NaN,NaN,NaN,4.57894736842105,0.315789473684211,1,0,0,NaN,0,0,NaN,0.138095238095238,0,1
spent,t7-bme-step,colored,109,v7,NaN,NaN,NaN,NaN,4.57894736842105,0.315789473684211,1,0,0,NaN,0,0,NaN,0.138095238095238,0,1
spent,t8-cycle-clean,white,100,v6,NaN,NaN,NaN,NaN,0,0,0,0,0,NaN,0,0,NaN,NaN,NaN,NaN
spent,t8-cycle-clean,white,100,v7noD1,NaN,NaN,NaN,NaN,0,0,0,0,0,NaN,0,0,NaN,NaN,NaN,NaN
spent,t8-cycle-clean,white,100,v7noD2,NaN,NaN,NaN,NaN,0,0,0,0,0,NaN,0,0,NaN,NaN,NaN,NaN
spent,t8-cycle-clean,white,100,v7,NaN,NaN,NaN,NaN,0,0,0,0,0,NaN,0,0,NaN,NaN,NaN,NaN
spent,t8-cycle-clean,white,101,v6,NaN,NaN,NaN,NaN,0,0,0,0,0,NaN,0,0,NaN,NaN,NaN,NaN
spent,t8-cycle-clean,white,101,v7noD1,NaN,NaN,NaN,NaN,0,0,0,0,0,NaN,0,0,NaN,NaN,NaN,NaN
spent,t8-cycle-clean,white,101,v7noD2,NaN,NaN,NaN,NaN,0,0,0,0,0,NaN,0,0,NaN,NaN,NaN,NaN
spent,t8-cycle-clean,white,101,v7,NaN,NaN,NaN,NaN,0,0,0,0,0,NaN,0,0,NaN,NaN,NaN,NaN
spent,t8-cycle-clean,white,102,v6,NaN,NaN,NaN,NaN,0,0,0,0,0,NaN,0,0,NaN,NaN,NaN,NaN
spent,t8-cycle-clean,white,102,v7noD1,NaN,NaN,NaN,NaN,0,0,0,0,0,NaN,0,0,NaN,NaN,NaN,NaN
spent,t8-cycle-clean,white,102,v7noD2,NaN,NaN,NaN,NaN,0,0,0,0,0,NaN,0,0,NaN,NaN,NaN,NaN
spent,t8-cycle-clean,white,102,v7,NaN,NaN,NaN,NaN,0,0,0,0,0,NaN,0,0,NaN,NaN,NaN,NaN
spent,t8-cycle-clean,white,103,v6,NaN,NaN,NaN,NaN,1.26315789473684,0.473684210526316,0,0,0,NaN,0,0,NaN,NaN,NaN,NaN
spent,t8-cycle-clean,white,103,v7noD1,NaN,NaN,NaN,NaN,1.26315789473684,0.473684210526316,0,0,0,NaN,0,0,NaN,NaN,NaN,NaN
spent,t8-cycle-clean,white,103,v7noD2,NaN,NaN,NaN,NaN,1.73684210526316,0.473684210526316,0,0,0,NaN,0,0,NaN,NaN,NaN,NaN
spent,t8-cycle-clean,white,103,v7,NaN,NaN,NaN,NaN,1.73684210526316,0.473684210526316,0,0,0,NaN,0,0,NaN,NaN,NaN,NaN
spent,t8-cycle-clean,white,104,v6,NaN,NaN,NaN,NaN,1.89473684210526,0.631578947368421,0,0,0,NaN,0,0,NaN,NaN,NaN,NaN
spent,t8-cycle-clean,white,104,v7noD1,NaN,NaN,NaN,NaN,1.89473684210526,0.631578947368421,0,0,0,NaN,0,0,NaN,NaN,NaN,NaN
spent,t8-cycle-clean,white,104,v7noD2,NaN,NaN,NaN,NaN,1.57894736842105,0.631578947368421,0,0,0,NaN,0,0,NaN,NaN,NaN,NaN
spent,t8-cycle-clean,white,104,v7,NaN,NaN,NaN,NaN,1.57894736842105,0.631578947368421,0,0,0,NaN,0,0,NaN,NaN,NaN,NaN
spent,t8-cycle-clean,white,105,v6,NaN,NaN,NaN,NaN,0,0,0,0,0,NaN,0,0,NaN,NaN,NaN,NaN
spent,t8-cycle-clean,white,105,v7noD1,NaN,NaN,NaN,NaN,0,0,0,0,0,NaN,0,0,NaN,NaN,NaN,NaN
spent,t8-cycle-clean,white,105,v7noD2,NaN,NaN,NaN,NaN,0,0,0,0,0,NaN,0,0,NaN,NaN,NaN,NaN
spent,t8-cycle-clean,white,105,v7,NaN,NaN,NaN,NaN,0,0,0,0,0,NaN,0,0,NaN,NaN,NaN,NaN
spent,t8-cycle-clean,white,106,v6,NaN,NaN,NaN,NaN,0,0,0,0,0,NaN,0,0,NaN,NaN,NaN,NaN
spent,t8-cycle-clean,white,106,v7noD1,NaN,NaN,NaN,NaN,0,0,0,0,0,NaN,0,0,NaN,NaN,NaN,NaN
spent,t8-cycle-clean,white,106,v7noD2,NaN,NaN,NaN,NaN,0,0,0,0,0,NaN,0,0,NaN,NaN,NaN,NaN
spent,t8-cycle-clean,white,106,v7,NaN,NaN,NaN,NaN,0,0,0,0,0,NaN,0,0,NaN,NaN,NaN,NaN
spent,t8-cycle-clean,white,107,v6,NaN,NaN,NaN,NaN,0,0,0,0,0,NaN,0,0,NaN,NaN,NaN,NaN
spent,t8-cycle-clean,white,107,v7noD1,NaN,NaN,NaN,NaN,0,0,0,0,0,NaN,0,0,NaN,NaN,NaN,NaN
spent,t8-cycle-clean,white,107,v7noD2,NaN,NaN,NaN,NaN,0,0,0,0,0,NaN,0,0,NaN,NaN,NaN,NaN
spent,t8-cycle-clean,white,107,v7,NaN,NaN,NaN,NaN,0,0,0,0,0,NaN,0,0,NaN,NaN,NaN,NaN
spent,t8-cycle-clean,white,108,v6,NaN,NaN,NaN,NaN,0,0,0,0,0,NaN,0,0,NaN,NaN,NaN,NaN
spent,t8-cycle-clean,white,108,v7noD1,NaN,NaN,NaN,NaN,0,0,0,0,0,NaN,0,0,NaN,NaN,NaN,NaN
spent,t8-cycle-clean,white,108,v7noD2,NaN,NaN,NaN,NaN,0,0,0,0,0,NaN,0,0,NaN,NaN,NaN,NaN
spent,t8-cycle-clean,white,108,v7,NaN,NaN,NaN,NaN,0,0,0,0,0,NaN,0,0,NaN,NaN,NaN,NaN
spent,t8-cycle-clean,white,109,v6,NaN,NaN,NaN,NaN,0,0,0,0,0,NaN,0,0,NaN,NaN,NaN,NaN
spent,t8-cycle-clean,white,109,v7noD1,NaN,NaN,NaN,NaN,0,0,0,0,0,NaN,0,0,NaN,NaN,NaN,NaN
spent,t8-cycle-clean,white,109,v7noD2,NaN,NaN,NaN,NaN,0,0,0,0,0,NaN,0,0,NaN,NaN,NaN,NaN
spent,t8-cycle-clean,white,109,v7,NaN,NaN,NaN,NaN,0,0,0,0,0,NaN,0,0,NaN,NaN,NaN,NaN
spent,t8-cycle-clean,colored,100,v6,NaN,NaN,NaN,NaN,0,0,0,0,0,NaN,0,0,NaN,NaN,NaN,NaN
spent,t8-cycle-clean,colored,100,v7noD1,NaN,NaN,NaN,NaN,0,0,0,0,0,NaN,0,0,NaN,NaN,NaN,NaN
spent,t8-cycle-clean,colored,100,v7noD2,NaN,NaN,NaN,NaN,0,0,0,0,0,NaN,0,0,NaN,NaN,NaN,NaN
spent,t8-cycle-clean,colored,100,v7,NaN,NaN,NaN,NaN,0,0,0,0,0,NaN,0,0,NaN,NaN,NaN,NaN
spent,t8-cycle-clean,colored,101,v6,NaN,NaN,NaN,NaN,0,0,0,0,0,NaN,0,0,NaN,NaN,NaN,NaN
spent,t8-cycle-clean,colored,101,v7noD1,NaN,NaN,NaN,NaN,0,0,0,0,0,NaN,0,0,NaN,NaN,NaN,NaN
spent,t8-cycle-clean,colored,101,v7noD2,NaN,NaN,NaN,NaN,0,0,0,0,0,NaN,0,0,NaN,NaN,NaN,NaN
spent,t8-cycle-clean,colored,101,v7,NaN,NaN,NaN,NaN,0,0,0,0,0,NaN,0,0,NaN,NaN,NaN,NaN
spent,t8-cycle-clean,colored,102,v6,NaN,NaN,NaN,NaN,0,0,0,0,0,NaN,0,0,NaN,NaN,NaN,NaN
spent,t8-cycle-clean,colored,102,v7noD1,NaN,NaN,NaN,NaN,0,0,0,0,0,NaN,0,0,NaN,NaN,NaN,NaN
spent,t8-cycle-clean,colored,102,v7noD2,NaN,NaN,NaN,NaN,0,0,0,0,0,NaN,0,0,NaN,NaN,NaN,NaN
spent,t8-cycle-clean,colored,102,v7,NaN,NaN,NaN,NaN,0,0,0,0,0,NaN,0,0,NaN,NaN,NaN,NaN
spent,t8-cycle-clean,colored,103,v6,NaN,NaN,NaN,NaN,9.31578947368421,0.631578947368421,2,0,0,NaN,0,0,NaN,NaN,NaN,NaN
spent,t8-cycle-clean,colored,103,v7noD1,NaN,NaN,NaN,NaN,9.31578947368421,0.631578947368421,2,0,0,NaN,0,0,NaN,NaN,NaN,NaN
spent,t8-cycle-clean,colored,103,v7noD2,NaN,NaN,NaN,NaN,9.31578947368421,0.631578947368421,2,0,0,NaN,0,0,NaN,NaN,NaN,NaN
spent,t8-cycle-clean,colored,103,v7,NaN,NaN,NaN,NaN,9.31578947368421,0.631578947368421,2,0,0,NaN,0,0,NaN,NaN,NaN,NaN
spent,t8-cycle-clean,colored,104,v6,NaN,NaN,NaN,NaN,0,0,0,0,0,NaN,0,0,NaN,NaN,NaN,NaN
spent,t8-cycle-clean,colored,104,v7noD1,NaN,NaN,NaN,NaN,0,0,0,0,0,NaN,0,0,NaN,NaN,NaN,NaN
spent,t8-cycle-clean,colored,104,v7noD2,NaN,NaN,NaN,NaN,0,0,0,0,0,NaN,0,0,NaN,NaN,NaN,NaN
spent,t8-cycle-clean,colored,104,v7,NaN,NaN,NaN,NaN,0,0,0,0,0,NaN,0,0,NaN,NaN,NaN,NaN
spent,t8-cycle-clean,colored,105,v6,NaN,NaN,NaN,NaN,0,0,0,0,0,NaN,0,0,NaN,NaN,NaN,NaN
spent,t8-cycle-clean,colored,105,v7noD1,NaN,NaN,NaN,NaN,0,0,0,0,0,NaN,0,0,NaN,NaN,NaN,NaN
spent,t8-cycle-clean,colored,105,v7noD2,NaN,NaN,NaN,NaN,0,0,0,0,0,NaN,0,0,NaN,NaN,NaN,NaN
spent,t8-cycle-clean,colored,105,v7,NaN,NaN,NaN,NaN,0,0,0,0,0,NaN,0,0,NaN,NaN,NaN,NaN
spent,t8-cycle-clean,colored,106,v6,NaN,NaN,NaN,NaN,0,0,0,0,0,NaN,0,0,NaN,NaN,NaN,NaN
spent,t8-cycle-clean,colored,106,v7noD1,NaN,NaN,NaN,NaN,0,0,0,0,0,NaN,0,0,NaN,NaN,NaN,NaN
spent,t8-cycle-clean,colored,106,v7noD2,NaN,NaN,NaN,NaN,0,0,0,0,0,NaN,0,0,NaN,NaN,NaN,NaN
spent,t8-cycle-clean,colored,106,v7,NaN,NaN,NaN,NaN,0,0,0,0,0,NaN,0,0,NaN,NaN,NaN,NaN
spent,t8-cycle-clean,colored,107,v6,NaN,NaN,NaN,NaN,0,0,0,0,0,NaN,0,0,NaN,NaN,NaN,NaN
spent,t8-cycle-clean,colored,107,v7noD1,NaN,NaN,NaN,NaN,0,0,0,0,0,NaN,0,0,NaN,NaN,NaN,NaN
spent,t8-cycle-clean,colored,107,v7noD2,NaN,NaN,NaN,NaN,0,0,0,0,0,NaN,0,0,NaN,NaN,NaN,NaN
spent,t8-cycle-clean,colored,107,v7,NaN,NaN,NaN,NaN,0,0,0,0,0,NaN,0,0,NaN,NaN,NaN,NaN
spent,t8-cycle-clean,colored,108,v6,NaN,NaN,NaN,NaN,0,0,0,0,0,NaN,0,0,NaN,NaN,NaN,NaN
spent,t8-cycle-clean,colored,108,v7noD1,NaN,NaN,NaN,NaN,0,0,0,0,0,NaN,0,0,NaN,NaN,NaN,NaN
spent,t8-cycle-clean,colored,108,v7noD2,NaN,NaN,NaN,NaN,0,0,0,0,0,NaN,0,0,NaN,NaN,NaN,NaN
spent,t8-cycle-clean,colored,108,v7,NaN,NaN,NaN,NaN,0,0,0,0,0,NaN,0,0,NaN,NaN,NaN,NaN
spent,t8-cycle-clean,colored,109,v6,NaN,NaN,NaN,NaN,0,0,0,0,0,NaN,0,0,NaN,NaN,NaN,NaN
spent,t8-cycle-clean,colored,109,v7noD1,NaN,NaN,NaN,NaN,0,0,0,0,0,NaN,0,0,NaN,NaN,NaN,NaN
spent,t8-cycle-clean,colored,109,v7noD2,NaN,NaN,NaN,NaN,0,0,0,0,0,NaN,0,0,NaN,NaN,NaN,NaN
spent,t8-cycle-clean,colored,109,v7,NaN,NaN,NaN,NaN,0,0,0,0,0,NaN,0,0,NaN,NaN,NaN,NaN
spent,t9-relax-az,white,100,v6,1,7.5,0.614285714285714,0.614285714285714,32.0526315789474,3,4,1,0.0447368421052632,0.0571428571428571,0,0,NaN,NaN,NaN,NaN
spent,t9-relax-az,white,100,v7noD1,1,7.5,0.561904761904762,0.561904761904762,32.0526315789474,3,4,2,0.0447368421052632,0.0571428571428571,0,0,NaN,NaN,NaN,NaN
spent,t9-relax-az,white,100,v7noD2,1,6.5,0.823809523809524,0.823809523809524,104.368421052632,3.15789473684211,1,1,0.15,0.1,0,0,NaN,NaN,NaN,NaN
spent,t9-relax-az,white,100,v7,1,8.5,0.8,0.8,98.3684210526316,3.47368421052632,4,2,0.152631578947368,0.104761904761905,0,0,NaN,NaN,NaN,NaN
spent,t9-relax-az,white,101,v6,1,6.5,0.861904761904762,0.861904761904762,49.2631578947368,4.10526315789474,4,0,0.0763157894736842,0.10952380952381,0,0,NaN,NaN,NaN,NaN
spent,t9-relax-az,white,101,v7noD1,1,6.5,0.80952380952381,0.80952380952381,49.2631578947368,4.10526315789474,4,1,0.0763157894736842,0.10952380952381,0,0,NaN,NaN,NaN,NaN
spent,t9-relax-az,white,101,v7noD2,1,13.5,0.780952380952381,0.780952380952381,127.105263157895,4.10526315789474,1,1,0.202631578947368,0.133333333333333,0,0,NaN,NaN,NaN,NaN
spent,t9-relax-az,white,101,v7,1,26.5,0.69047619047619,0.69047619047619,106.105263157895,4.89473684210526,8,2,0.255263157894737,0.171428571428571,0,0,NaN,NaN,NaN,NaN
spent,t9-relax-az,white,102,v6,1,6.5,0.628571428571429,0.628571428571429,33.7894736842105,3.94736842105263,2,1,0.0210526315789474,0.0380952380952381,0,0,NaN,NaN,NaN,NaN
spent,t9-relax-az,white,102,v7noD1,1,6.5,0.576190476190476,0.576190476190476,33.7894736842105,3.94736842105263,2,2,0.0210526315789474,0.0380952380952381,0,0,NaN,NaN,NaN,NaN
spent,t9-relax-az,white,102,v7noD2,1,11.5,0.866666666666667,0.866666666666667,76.5789473684211,3.47368421052632,4,1,0.160526315789474,0.0619047619047619,0,0,NaN,NaN,NaN,NaN
spent,t9-relax-az,white,102,v7,1,6.5,0.766666666666667,0.766666666666667,76.8947368421053,5.68421052631579,10,3,0.202631578947368,0.0857142857142857,0,0,NaN,NaN,NaN,NaN
spent,t9-relax-az,white,103,v6,1,7.5,0.957142857142857,0.957142857142857,41.3684210526316,4.73684210526316,3,0,0.00526315789473684,0.00952380952380952,0,0,NaN,NaN,NaN,NaN
spent,t9-relax-az,white,103,v7noD1,1,7.5,0.914285714285714,0.914285714285714,41.3684210526316,4.73684210526316,3,1,0.00526315789473684,0.00952380952380952,0,0,NaN,NaN,NaN,NaN
spent,t9-relax-az,white,103,v7noD2,1,8.5,0.852380952380952,0.852380952380952,106.578947368421,3.15789473684211,2,1,0.136842105263158,0.0857142857142857,0,0,NaN,NaN,NaN,NaN
spent,t9-relax-az,white,103,v7,1,14.5,0.814285714285714,0.814285714285714,94.1052631578947,4.73684210526316,9,1,0.168421052631579,0.114285714285714,0,0,NaN,NaN,NaN,NaN
spent,t9-relax-az,white,104,v6,1,8.5,0.866666666666667,0.866666666666667,44.2105263157895,5.84210526315789,4,0,0.0526315789473684,0.0952380952380952,0,0,NaN,NaN,NaN,NaN
spent,t9-relax-az,white,104,v7noD1,1,8.5,0.828571428571429,0.828571428571429,44.2105263157895,5.84210526315789,4,1,0.0526315789473684,0.0952380952380952,0,0,NaN,NaN,NaN,NaN
spent,t9-relax-az,white,104,v7noD2,1,8.5,0.80952380952381,0.80952380952381,93,3.63157894736842,4,1,0.165789473684211,0.104761904761905,0,0,NaN,NaN,NaN,NaN
spent,t9-relax-az,white,104,v7,1,8.5,0.9,0.9,93.4736842105263,4.57894736842105,9,1,0.147368421052632,0.0285714285714286,0,0,NaN,NaN,NaN,NaN
spent,t9-relax-az,white,105,v6,1,7.5,0.661904761904762,0.661904761904762,18.6315789473684,3.31578947368421,1,1,0,0,0,0,NaN,NaN,NaN,NaN
spent,t9-relax-az,white,105,v7noD1,1,7.5,0.661904761904762,0.661904761904762,18.6315789473684,3.31578947368421,1,1,0,0,0,0,NaN,NaN,NaN,NaN
spent,t9-relax-az,white,105,v7noD2,1,7.5,0.919047619047619,0.919047619047619,87.4736842105263,2.52631578947368,2,1,0.00526315789473684,0,0,0,NaN,NaN,NaN,NaN
spent,t9-relax-az,white,105,v7,1,7.5,0.866666666666667,0.866666666666667,82.8947368421053,2.68421052631579,3,2,0.00526315789473684,0,0,0,NaN,NaN,NaN,NaN
spent,t9-relax-az,white,106,v6,1,12.5,0.580952380952381,0.580952380952381,29.5263157894737,2.68421052631579,4,1,0.0210526315789474,0.0380952380952381,0,0,NaN,NaN,NaN,NaN
spent,t9-relax-az,white,106,v7noD1,1,12.5,0.580952380952381,0.580952380952381,29.5263157894737,2.68421052631579,4,1,0.0210526315789474,0.0380952380952381,0,0,NaN,NaN,NaN,NaN
spent,t9-relax-az,white,106,v7noD2,1,11.5,0.852380952380952,0.852380952380952,66,3,4,0,0.168421052631579,0.133333333333333,0,0,NaN,NaN,NaN,NaN
spent,t9-relax-az,white,106,v7,1,15.5,0.59047619047619,0.59047619047619,61.1052631578947,3.78947368421053,7,2,0.278947368421053,0.29047619047619,0,0,NaN,NaN,NaN,NaN
spent,t9-relax-az,white,107,v6,1,8.5,0.880952380952381,0.880952380952381,51.6315789473684,5.36842105263158,4,0,0.0526315789473684,0.080952380952381,0,0,NaN,NaN,NaN,NaN
spent,t9-relax-az,white,107,v7noD1,1,8.5,0.838095238095238,0.838095238095238,51.6315789473684,5.36842105263158,4,1,0.0526315789473684,0.080952380952381,0,0,NaN,NaN,NaN,NaN
spent,t9-relax-az,white,107,v7noD2,1,8.5,0.876190476190476,0.876190476190476,107.526315789474,5.36842105263158,7,0,0.168421052631579,0.104761904761905,0,0,NaN,NaN,NaN,NaN
spent,t9-relax-az,white,107,v7,1,16.5,0.738095238095238,0.738095238095238,103.894736842105,6.47368421052632,11,2,0.186842105263158,0.123809523809524,0,0,NaN,NaN,NaN,NaN
spent,t9-relax-az,white,108,v6,1,7.5,0.966666666666667,0.966666666666667,48.7894736842105,3.78947368421053,5,0,0.0131578947368421,0,0,0,NaN,NaN,NaN,NaN
spent,t9-relax-az,white,108,v7noD1,1,7.5,0.966666666666667,0.966666666666667,48.7894736842105,3.78947368421053,5,0,0.0131578947368421,0,0,0,NaN,NaN,NaN,NaN
spent,t9-relax-az,white,108,v7noD2,1,8.5,0.866666666666667,0.866666666666667,106.578947368421,4.57894736842105,3,1,0.144736842105263,0.0619047619047619,0,0,NaN,NaN,NaN,NaN
spent,t9-relax-az,white,108,v7,1,17.5,0.771428571428571,0.771428571428571,93,5.36842105263158,10,2,0.144736842105263,0.0952380952380952,0,0,NaN,NaN,NaN,NaN
spent,t9-relax-az,white,109,v6,1,7.5,0.966666666666667,0.966666666666667,23.2105263157895,2.68421052631579,3,0,0,0,0,0,NaN,NaN,NaN,NaN
spent,t9-relax-az,white,109,v7noD1,1,7.5,0.966666666666667,0.966666666666667,23.2105263157895,2.68421052631579,3,0,0,0,0,0,NaN,NaN,NaN,NaN
spent,t9-relax-az,white,109,v7noD2,1,10.5,0.914285714285714,0.914285714285714,93.7894736842105,2.52631578947368,3,1,0.0894736842105263,0,0,0,NaN,NaN,NaN,NaN
spent,t9-relax-az,white,109,v7,1,10.5,0.861904761904762,0.861904761904762,93.7894736842105,2.52631578947368,3,2,0.0894736842105263,0,0,0,NaN,NaN,NaN,NaN
spent,t9-relax-az,colored,100,v6,1,30.5,0.857142857142857,0.857142857142857,0,0,0,0,0,0,0,0,NaN,NaN,NaN,NaN
spent,t9-relax-az,colored,100,v7noD1,1,30.5,0.604761904761905,0.604761904761905,0,0,0,1,0,0,0,0,NaN,NaN,NaN,NaN
spent,t9-relax-az,colored,100,v7noD2,1,30.5,0.623809523809524,0.623809523809524,0,0,0,1,0,0,0,0,NaN,NaN,NaN,NaN
spent,t9-relax-az,colored,100,v7,1,30.5,0.614285714285714,0.614285714285714,0,0,0,2,0,0,0,0,NaN,NaN,NaN,NaN
spent,t9-relax-az,colored,101,v6,1,96.5,0.542857142857143,0.542857142857143,0,0,0,0,0,0,0,0,NaN,NaN,NaN,NaN
spent,t9-relax-az,colored,101,v7noD1,1,96.5,0.485714285714286,0.485714285714286,0,0,0,1,0,0,0,0,NaN,NaN,NaN,NaN
spent,t9-relax-az,colored,101,v7noD2,1,96.5,0.542857142857143,0.542857142857143,0,0,0,0,0,0,0,0,NaN,NaN,NaN,NaN
spent,t9-relax-az,colored,101,v7,1,96.5,0.49047619047619,0.49047619047619,0,0,0,1,0,0,0,0,NaN,NaN,NaN,NaN
spent,t9-relax-az,colored,102,v6,1,46.5,0.604761904761905,0.604761904761905,0,0,0,1,0,0,0,0,NaN,NaN,NaN,NaN
spent,t9-relax-az,colored,102,v7noD1,1,46.5,0.566666666666667,0.566666666666667,0,0,0,2,0,0,0,0,NaN,NaN,NaN,NaN
spent,t9-relax-az,colored,102,v7noD2,1,46.5,0.647619047619048,0.647619047619048,0,0,0,1,0,0,0,0,NaN,NaN,NaN,NaN
spent,t9-relax-az,colored,102,v7,1,46.5,0.614285714285714,0.614285714285714,0,0,0,2,0,0,0,0,NaN,NaN,NaN,NaN
spent,t9-relax-az,colored,103,v6,1,39.5,0.195238095238095,0.195238095238095,13.5789473684211,0.789473684210526,2,1,0,0,0,0,NaN,NaN,NaN,NaN
spent,t9-relax-az,colored,103,v7noD1,1,39.5,0.195238095238095,0.195238095238095,13.5789473684211,0.789473684210526,2,1,0,0,0,0,NaN,NaN,NaN,NaN
spent,t9-relax-az,colored,103,v7noD2,1,39.5,0.147619047619048,0.147619047619048,14.3684210526316,0.947368421052632,3,1,0,0,0,0,NaN,NaN,NaN,NaN
spent,t9-relax-az,colored,103,v7,1,39.5,0.147619047619048,0.147619047619048,14.3684210526316,0.947368421052632,3,1,0,0,0,0,NaN,NaN,NaN,NaN
spent,t9-relax-az,colored,104,v6,1,59.5,0.719047619047619,0.719047619047619,0,0,0,0,0,0,0,0,NaN,NaN,NaN,NaN
spent,t9-relax-az,colored,104,v7noD1,1,59.5,0.5,0.5,0,0,0,1,0,0,0,0,NaN,NaN,NaN,NaN
spent,t9-relax-az,colored,104,v7noD2,1,59.5,0.576190476190476,0.576190476190476,0,0,0,1,0,0,0,0,NaN,NaN,NaN,NaN
spent,t9-relax-az,colored,104,v7,1,59.5,0.576190476190476,0.576190476190476,0,0,0,1,0,0,0,0,NaN,NaN,NaN,NaN
spent,t9-relax-az,colored,105,v6,1,22.5,0.395238095238095,0.395238095238095,0,0,0,1,0,0,0,0,NaN,NaN,NaN,NaN
spent,t9-relax-az,colored,105,v7noD1,1,22.5,0.395238095238095,0.395238095238095,0,0,0,1,0,0,0,0,NaN,NaN,NaN,NaN
spent,t9-relax-az,colored,105,v7noD2,1,22.5,0.757142857142857,0.757142857142857,0,0,0,1,0,0,0,0,NaN,NaN,NaN,NaN
spent,t9-relax-az,colored,105,v7,1,22.5,0.671428571428571,0.671428571428571,0,0,0,2,0,0,0,0,NaN,NaN,NaN,NaN
spent,t9-relax-az,colored,106,v6,1,41.5,0.804761904761905,0.804761904761905,3.15789473684211,0.631578947368421,0,0,0,0,0,0,NaN,NaN,NaN,NaN
spent,t9-relax-az,colored,106,v7noD1,1,41.5,0.685714285714286,0.685714285714286,3.15789473684211,0.631578947368421,0,1,0,0,0,0,NaN,NaN,NaN,NaN
spent,t9-relax-az,colored,106,v7noD2,1,41.5,0.447619047619048,0.447619047619048,1.73684210526316,0.315789473684211,0,1,0,0,0,0,NaN,NaN,NaN,NaN
spent,t9-relax-az,colored,106,v7,1,41.5,0.447619047619048,0.447619047619048,1.73684210526316,0.315789473684211,0,1,0,0,0,0,NaN,NaN,NaN,NaN
spent,t9-relax-az,colored,107,v6,1,70.5,0.666666666666667,0.666666666666667,0,0,0,0,0,0,0,0,NaN,NaN,NaN,NaN
spent,t9-relax-az,colored,107,v7noD1,1,70.5,0.652380952380952,0.652380952380952,0,0,0,1,0,0,0,0,NaN,NaN,NaN,NaN
spent,t9-relax-az,colored,107,v7noD2,1,70.5,0.523809523809524,0.523809523809524,0,0,0,1,0,0,0,0,NaN,NaN,NaN,NaN
spent,t9-relax-az,colored,107,v7,1,70.5,0.523809523809524,0.523809523809524,0,0,0,1,0,0,0,0,NaN,NaN,NaN,NaN
spent,t9-relax-az,colored,108,v6,1,77.5,0.557142857142857,0.557142857142857,0.157894736842105,0.157894736842105,0,0,0.0105263157894737,0.019047619047619,0,0,NaN,NaN,NaN,NaN
spent,t9-relax-az,colored,108,v7noD1,1,77.5,0.557142857142857,0.557142857142857,0.157894736842105,0.157894736842105,0,0,0.0105263157894737,0.019047619047619,0,0,NaN,NaN,NaN,NaN
spent,t9-relax-az,colored,108,v7noD2,1,77.5,0.552380952380952,0.552380952380952,0.157894736842105,0.157894736842105,0,0,0.00263157894736842,0.00476190476190476,0,0,NaN,NaN,NaN,NaN
spent,t9-relax-az,colored,108,v7,1,77.5,0.552380952380952,0.552380952380952,0.157894736842105,0.157894736842105,0,0,0.00263157894736842,0.00476190476190476,0,0,NaN,NaN,NaN,NaN
spent,t9-relax-az,colored,109,v6,1,30.5,0.857142857142857,0.857142857142857,0,0,0,0,0,0,0,0,NaN,NaN,NaN,NaN
spent,t9-relax-az,colored,109,v7noD1,1,30.5,0.657142857142857,0.657142857142857,0,0,0,1,0,0,0,0,NaN,NaN,NaN,NaN
spent,t9-relax-az,colored,109,v7noD2,1,30.5,0.552380952380952,0.552380952380952,0,0,0,1,0,0,0,0,NaN,NaN,NaN,NaN
spent,t9-relax-az,colored,109,v7,1,30.5,0.552380952380952,0.552380952380952,0,0,0,1,0,0,0,0,NaN,NaN,NaN,NaN
spent,t10-slow-drift,white,100,v6,1,5.5,0.986111111111111,0.986111111111111,0,0,0,0,0,0,0,0,NaN,NaN,NaN,NaN
spent,t10-slow-drift,white,100,v7noD1,1,5.5,0.916666666666667,0.916666666666667,0,0,0,1,0,0,0,0,NaN,NaN,NaN,NaN
spent,t10-slow-drift,white,100,v7noD2,1,5.5,0.986111111111111,0.986111111111111,0,0,0,0,0,0,0,0,NaN,NaN,NaN,NaN
spent,t10-slow-drift,white,100,v7,1,5.5,0.916666666666667,0.916666666666667,0,0,0,1,0,0,0,0,NaN,NaN,NaN,NaN
spent,t10-slow-drift,white,101,v6,1,5.5,0.986111111111111,0.986111111111111,0,0,0,0,0,0,0,0,NaN,NaN,NaN,NaN
spent,t10-slow-drift,white,101,v7noD1,1,5.5,0.938888888888889,0.938888888888889,0,0,0,1,0,0,0,0,NaN,NaN,NaN,NaN
spent,t10-slow-drift,white,101,v7noD2,1,5.5,0.986111111111111,0.986111111111111,0,0,0,0,0,0,0,0,NaN,NaN,NaN,NaN
spent,t10-slow-drift,white,101,v7,1,5.5,0.938888888888889,0.938888888888889,0,0,0,1,0,0,0,0,NaN,NaN,NaN,NaN
spent,t10-slow-drift,white,102,v6,1,5.5,0.986111111111111,0.986111111111111,0,0,0,0,0,0,0,0,NaN,NaN,NaN,NaN
spent,t10-slow-drift,white,102,v7noD1,1,5.5,0.916666666666667,0.916666666666667,0,0,0,1,0,0,0,0,NaN,NaN,NaN,NaN
spent,t10-slow-drift,white,102,v7noD2,1,5.5,0.986111111111111,0.986111111111111,0,0,0,0,0,0,0,0,NaN,NaN,NaN,NaN
spent,t10-slow-drift,white,102,v7,1,5.5,0.916666666666667,0.916666666666667,0,0,0,1,0,0,0,0,NaN,NaN,NaN,NaN
spent,t10-slow-drift,white,103,v6,1,5.5,0.986111111111111,0.986111111111111,0,0,0,0,0,0,0,0,NaN,NaN,NaN,NaN
spent,t10-slow-drift,white,103,v7noD1,1,5.5,0.916666666666667,0.916666666666667,0,0,0,1,0,0,0,0,NaN,NaN,NaN,NaN
spent,t10-slow-drift,white,103,v7noD2,1,5.5,0.986111111111111,0.986111111111111,0,0,0,0,0,0,0,0,NaN,NaN,NaN,NaN
spent,t10-slow-drift,white,103,v7,1,5.5,0.916666666666667,0.916666666666667,0,0,0,1,0,0,0,0,NaN,NaN,NaN,NaN
spent,t10-slow-drift,white,104,v6,1,6.5,0.983333333333333,0.983333333333333,0,0,0,0,0,0,0,0,NaN,NaN,NaN,NaN
spent,t10-slow-drift,white,104,v7noD1,1,6.5,0.919444444444444,0.919444444444444,0,0,0,1,0,0,0,0,NaN,NaN,NaN,NaN
spent,t10-slow-drift,white,104,v7noD2,1,6.5,0.983333333333333,0.983333333333333,0,0,0,0,0,0,0,0,NaN,NaN,NaN,NaN
spent,t10-slow-drift,white,104,v7,1,6.5,0.919444444444444,0.919444444444444,0,0,0,1,0,0,0,0,NaN,NaN,NaN,NaN
spent,t10-slow-drift,white,105,v6,1,5.5,0.986111111111111,0.986111111111111,0,0,0,0,0,0,0,0,NaN,NaN,NaN,NaN
spent,t10-slow-drift,white,105,v7noD1,1,5.5,0.916666666666667,0.916666666666667,0,0,0,1,0,0,0,0,NaN,NaN,NaN,NaN
spent,t10-slow-drift,white,105,v7noD2,1,5.5,0.986111111111111,0.986111111111111,0,0,0,0,0,0,0,0,NaN,NaN,NaN,NaN
spent,t10-slow-drift,white,105,v7,1,5.5,0.916666666666667,0.916666666666667,0,0,0,1,0,0,0,0,NaN,NaN,NaN,NaN
spent,t10-slow-drift,white,106,v6,1,6.5,0.983333333333333,0.983333333333333,0,0,0,0,0,0,0,0,NaN,NaN,NaN,NaN
spent,t10-slow-drift,white,106,v7noD1,1,6.5,0.908333333333333,0.908333333333333,0,0,0,1,0,0,0,0,NaN,NaN,NaN,NaN
spent,t10-slow-drift,white,106,v7noD2,1,6.5,0.983333333333333,0.983333333333333,0,0,0,0,0,0,0,0,NaN,NaN,NaN,NaN
spent,t10-slow-drift,white,106,v7,1,6.5,0.908333333333333,0.908333333333333,0,0,0,1,0,0,0,0,NaN,NaN,NaN,NaN
spent,t10-slow-drift,white,107,v6,1,6.5,0.983333333333333,0.983333333333333,0,0,0,0,0,0,0,0,NaN,NaN,NaN,NaN
spent,t10-slow-drift,white,107,v7noD1,1,6.5,0.916666666666667,0.916666666666667,0,0,0,1,0,0,0,0,NaN,NaN,NaN,NaN
spent,t10-slow-drift,white,107,v7noD2,1,6.5,0.983333333333333,0.983333333333333,0,0,0,0,0,0,0,0,NaN,NaN,NaN,NaN
spent,t10-slow-drift,white,107,v7,1,6.5,0.916666666666667,0.916666666666667,0,0,0,1,0,0,0,0,NaN,NaN,NaN,NaN
spent,t10-slow-drift,white,108,v6,1,4.5,0.988888888888889,0.988888888888889,0,0,0,0,0,0,0,0,NaN,NaN,NaN,NaN
spent,t10-slow-drift,white,108,v7noD1,1,4.5,0.886111111111111,0.886111111111111,0,0,0,2,0,0,0,0,NaN,NaN,NaN,NaN
spent,t10-slow-drift,white,108,v7noD2,1,4.5,0.988888888888889,0.988888888888889,0,0,0,0,0,0,0,0,NaN,NaN,NaN,NaN
spent,t10-slow-drift,white,108,v7,1,4.5,0.913888888888889,0.913888888888889,0,0,0,1,0,0,0,0,NaN,NaN,NaN,NaN
spent,t10-slow-drift,white,109,v6,1,5.5,0.986111111111111,0.986111111111111,0,0,0,0,0,0,0,0,NaN,NaN,NaN,NaN
spent,t10-slow-drift,white,109,v7noD1,1,5.5,0.913888888888889,0.913888888888889,0,0,0,1,0,0,0,0,NaN,NaN,NaN,NaN
spent,t10-slow-drift,white,109,v7noD2,1,5.5,0.986111111111111,0.986111111111111,0,0,0,0,0,0,0,0,NaN,NaN,NaN,NaN
spent,t10-slow-drift,white,109,v7,1,5.5,0.913888888888889,0.913888888888889,0,0,0,1,0,0,0,0,NaN,NaN,NaN,NaN
spent,t10-slow-drift,colored,100,v6,1,47.5,0.869444444444444,0.869444444444444,0,0,0,0,0,0,0,0,NaN,NaN,NaN,NaN
spent,t10-slow-drift,colored,100,v7noD1,1,47.5,0.630555555555556,0.630555555555556,0,0,0,1,0,0,0,0,NaN,NaN,NaN,NaN
spent,t10-slow-drift,colored,100,v7noD2,1,47.5,0.869444444444444,0.869444444444444,0,0,0,0,0,0,0,0,NaN,NaN,NaN,NaN
spent,t10-slow-drift,colored,100,v7,1,47.5,0.630555555555556,0.630555555555556,0,0,0,1,0,0,0,0,NaN,NaN,NaN,NaN
spent,t10-slow-drift,colored,101,v6,1,32.5,0.911111111111111,0.911111111111111,0,0,0,0,0,0,0,0,NaN,NaN,NaN,NaN
spent,t10-slow-drift,colored,101,v7noD1,1,32.5,0.705555555555556,0.705555555555556,0,0,0,1,0,0,0,0,NaN,NaN,NaN,NaN
spent,t10-slow-drift,colored,101,v7noD2,1,32.5,0.911111111111111,0.911111111111111,0,0,0,0,0,0,0,0,NaN,NaN,NaN,NaN
spent,t10-slow-drift,colored,101,v7,1,32.5,0.705555555555556,0.705555555555556,0,0,0,1,0,0,0,0,NaN,NaN,NaN,NaN
spent,t10-slow-drift,colored,102,v6,1,26.5,0.927777777777778,0.927777777777778,0,0,0,0,0,0,0,0,NaN,NaN,NaN,NaN
spent,t10-slow-drift,colored,102,v7noD1,1,26.5,0.769444444444444,0.769444444444444,0,0,0,1,0,0,0,0,NaN,NaN,NaN,NaN
spent,t10-slow-drift,colored,102,v7noD2,1,26.5,0.927777777777778,0.927777777777778,0,0,0,0,0,0,0,0,NaN,NaN,NaN,NaN
spent,t10-slow-drift,colored,102,v7,1,26.5,0.711111111111111,0.711111111111111,0,0,0,2,0,0,0,0,NaN,NaN,NaN,NaN
spent,t10-slow-drift,colored,103,v6,1,39.5,0.888888888888889,0.888888888888889,11.8421052631579,0.631578947368421,2,0,0,0,0,0,NaN,NaN,NaN,NaN
spent,t10-slow-drift,colored,103,v7noD1,1,39.5,0.575,0.575,11.8421052631579,0.631578947368421,2,3,0,0,0,0,NaN,NaN,NaN,NaN
spent,t10-slow-drift,colored,103,v7noD2,1,39.5,0.888888888888889,0.888888888888889,11.8421052631579,0.631578947368421,2,0,0,0,0,0,NaN,NaN,NaN,NaN
spent,t10-slow-drift,colored,103,v7,1,39.5,0.577777777777778,0.577777777777778,11.8421052631579,0.631578947368421,2,3,0,0,0,0,NaN,NaN,NaN,NaN
spent,t10-slow-drift,colored,104,v6,1,25.5,0.930555555555556,0.930555555555556,0,0,0,0,0,0,0,0,NaN,NaN,NaN,NaN
spent,t10-slow-drift,colored,104,v7noD1,1,25.5,0.844444444444444,0.844444444444444,0,0,0,1,0,0,0,0,NaN,NaN,NaN,NaN
spent,t10-slow-drift,colored,104,v7noD2,1,25.5,0.930555555555556,0.930555555555556,0,0,0,0,0,0,0,0,NaN,NaN,NaN,NaN
spent,t10-slow-drift,colored,104,v7,1,25.5,0.844444444444444,0.844444444444444,0,0,0,1,0,0,0,0,NaN,NaN,NaN,NaN
spent,t10-slow-drift,colored,105,v6,1,18.5,0.95,0.95,0,0,0,0,0,0,0,0,NaN,NaN,NaN,NaN
spent,t10-slow-drift,colored,105,v7noD1,1,18.5,0.511111111111111,0.511111111111111,0,0,0,2,0,0,0,0,NaN,NaN,NaN,NaN
spent,t10-slow-drift,colored,105,v7noD2,1,18.5,0.95,0.95,0,0,0,0,0,0,0,0,NaN,NaN,NaN,NaN
spent,t10-slow-drift,colored,105,v7,1,18.5,0.511111111111111,0.511111111111111,0,0,0,2,0,0,0,0,NaN,NaN,NaN,NaN
spent,t10-slow-drift,colored,106,v6,1,36.5,0.9,0.9,0,0,0,0,0,0,0,0,NaN,NaN,NaN,NaN
spent,t10-slow-drift,colored,106,v7noD1,1,36.5,0.611111111111111,0.611111111111111,0,0,0,2,0,0,0,0,NaN,NaN,NaN,NaN
spent,t10-slow-drift,colored,106,v7noD2,1,36.5,0.9,0.9,0,0,0,0,0,0,0,0,NaN,NaN,NaN,NaN
spent,t10-slow-drift,colored,106,v7,1,36.5,0.611111111111111,0.611111111111111,0,0,0,2,0,0,0,0,NaN,NaN,NaN,NaN
spent,t10-slow-drift,colored,107,v6,1,33.5,0.908333333333333,0.908333333333333,0,0,0,0,0,0,0,0,NaN,NaN,NaN,NaN
spent,t10-slow-drift,colored,107,v7noD1,1,33.5,0.697222222222222,0.697222222222222,0,0,0,2,0,0,0,0,NaN,NaN,NaN,NaN
spent,t10-slow-drift,colored,107,v7noD2,1,33.5,0.908333333333333,0.908333333333333,0,0,0,0,0,0,0,0,NaN,NaN,NaN,NaN
spent,t10-slow-drift,colored,107,v7,1,33.5,0.697222222222222,0.697222222222222,0,0,0,2,0,0,0,0,NaN,NaN,NaN,NaN
spent,t10-slow-drift,colored,108,v6,1,34.5,0.905555555555556,0.905555555555556,0,0,0,0,0,0,0,0,NaN,NaN,NaN,NaN
spent,t10-slow-drift,colored,108,v7noD1,1,34.5,0.7,0.7,0,0,0,2,0,0,0,0,NaN,NaN,NaN,NaN
spent,t10-slow-drift,colored,108,v7noD2,1,34.5,0.905555555555556,0.905555555555556,0,0,0,0,0,0,0,0,NaN,NaN,NaN,NaN
spent,t10-slow-drift,colored,108,v7,1,34.5,0.7,0.7,0,0,0,2,0,0,0,0,NaN,NaN,NaN,NaN
spent,t10-slow-drift,colored,109,v6,1,43.5,0.880555555555556,0.880555555555556,0,0,0,0,0,0,0,0,NaN,NaN,NaN,NaN
spent,t10-slow-drift,colored,109,v7noD1,1,43.5,0.702777777777778,0.702777777777778,0,0,0,2,0,0,0,0,NaN,NaN,NaN,NaN
spent,t10-slow-drift,colored,109,v7noD2,1,43.5,0.880555555555556,0.880555555555556,0,0,0,0,0,0,0,0,NaN,NaN,NaN,NaN
spent,t10-slow-drift,colored,109,v7,1,43.5,0.702777777777778,0.702777777777778,0,0,0,2,0,0,0,0,NaN,NaN,NaN,NaN
