set,scenario,noise,seed,detector,detected,delayMin,coverage,coverageFlag,falsePerH,episodesPerH,offsetHealthy,offsetFault,unrelShare,unrelOnFault,heaterSensorFlags,tSrcFlagsOutside,emiAfterMagShare,bmeSensorShare,bmeIcmShare,bmeOrAmbigShare
dev,base,white,0,v5,1,4.5,0.980952380952381,0.980952380952381,0,0,0,0,0,0,0,0,NaN,NaN,NaN,NaN
dev,base,white,0,v6noA,1,4.5,0.980952380952381,0.980952380952381,0,0,0,0,0,0,0,0,NaN,NaN,NaN,NaN
dev,base,white,0,v6noB,1,4.5,0.980952380952381,0.980952380952381,0,0,0,0,0,0,0,0,NaN,NaN,NaN,NaN
dev,base,white,0,v6noC1,1,4.5,0.980952380952381,0.980952380952381,0,0,0,0,0,0,0,0,NaN,NaN,NaN,NaN
dev,base,white,0,v6noC2,1,4.5,0.980952380952381,0.980952380952381,0,0,0,0,0,0,0,0,NaN,NaN,NaN,NaN
dev,base,white,0,v6,1,4.5,0.980952380952381,0.980952380952381,0,0,0,0,0,0,0,0,NaN,NaN,NaN,NaN
dev,base,white,1,v5,1,3.5,0.985714285714286,0.985714285714286,0,0,0,0,0,0,0,1,NaN,NaN,NaN,NaN
dev,base,white,1,v6noA,1,3.5,0.985714285714286,0.985714285714286,0,0,0,0,0,0,0,1,NaN,NaN,NaN,NaN
dev,base,white,1,v6noB,1,3.5,0.985714285714286,0.985714285714286,0,0,0,0,0,0,0,0,NaN,NaN,NaN,NaN
dev,base,white,1,v6noC1,1,3.5,0.985714285714286,0.985714285714286,0,0,0,0,0,0,0,0,NaN,NaN,NaN,NaN
dev,base,white,1,v6noC2,1,3.5,0.985714285714286,0.985714285714286,0,0,0,0,0,0,0,0,NaN,NaN,NaN,NaN
dev,base,white,1,v6,1,3.5,0.985714285714286,0.985714285714286,0,0,0,0,0,0,0,0,NaN,NaN,NaN,NaN
dev,base,white,2,v5,1,4.5,0.980952380952381,0.980952380952381,0,0,0,0,0,0,0,1,NaN,NaN,NaN,NaN
dev,base,white,2,v6noA,1,4.5,0.980952380952381,0.980952380952381,0,0,0,0,0,0,0,1,NaN,NaN,NaN,NaN
dev,base,white,2,v6noB,1,4.5,0.980952380952381,0.980952380952381,0,0,0,0,0,0,0,0,NaN,NaN,NaN,NaN
dev,base,white,2,v6noC1,1,4.5,0.980952380952381,0.980952380952381,0,0,0,0,0,0,0,0,NaN,NaN,NaN,NaN
dev,base,white,2,v6noC2,1,4.5,0.980952380952381,0.980952380952381,0,0,0,0,0,0,0,0,NaN,NaN,NaN,NaN
dev,base,white,2,v6,1,4.5,0.980952380952381,0.980952380952381,0,0,0,0,0,0,0,0,NaN,NaN,NaN,NaN
dev,base,white,3,v5,1,4.5,0.980952380952381,0.980952380952381,0,0,0,0,0,0,0,1,NaN,NaN,NaN,NaN
dev,base,white,3,v6noA,1,4.5,0.980952380952381,0.980952380952381,0,0,0,0,0,0,0,1,NaN,NaN,NaN,NaN
dev,base,white,3,v6noB,1,4.5,0.980952380952381,0.980952380952381,0,0,0,0,0,0,0,0,NaN,NaN,NaN,NaN
dev,base,white,3,v6noC1,1,4.5,0.980952380952381,0.980952380952381,0,0,0,0,0,0,0,0,NaN,NaN,NaN,NaN
dev,base,white,3,v6noC2,1,4.5,0.980952380952381,0.980952380952381,0,0,0,0,0,0,0,0,NaN,NaN,NaN,NaN
dev,base,white,3,v6,1,4.5,0.980952380952381,0.980952380952381,0,0,0,0,0,0,0,0,NaN,NaN,NaN,NaN
dev,base,white,4,v5,1,4.5,0.980952380952381,0.980952380952381,0,0,0,0,0,0,0,1,NaN,NaN,NaN,NaN
dev,base,white,4,v6noA,1,4.5,0.980952380952381,0.980952380952381,0,0,0,0,0,0,0,1,NaN,NaN,NaN,NaN
dev,base,white,4,v6noB,1,4.5,0.980952380952381,0.980952380952381,0,0,0,0,0,0,0,0,NaN,NaN,NaN,NaN
dev,base,white,4,v6noC1,1,4.5,0.980952380952381,0.980952380952381,0,0,0,0,0,0,0,0,NaN,NaN,NaN,NaN
dev,base,white,4,v6noC2,1,4.5,0.980952380952381,0.980952380952381,0,0,0,0,0,0,0,0,NaN,NaN,NaN,NaN
dev,base,white,4,v6,1,4.5,0.980952380952381,0.980952380952381,0,0,0,0,0,0,0,0,NaN,NaN,NaN,NaN
dev,base,white,5,v5,1,4.5,0.980952380952381,0.980952380952381,0,0,0,0,0,0,0,0,NaN,NaN,NaN,NaN
dev,base,white,5,v6noA,1,4.5,0.980952380952381,0.980952380952381,0,0,0,0,0,0,0,0,NaN,NaN,NaN,NaN
dev,base,white,5,v6noB,1,4.5,0.980952380952381,0.980952380952381,0,0,0,0,0,0,0,0,NaN,NaN,NaN,NaN
dev,base,white,5,v6noC1,1,4.5,0.980952380952381,0.980952380952381,0,0,0,0,0,0,0,0,NaN,NaN,NaN,NaN
dev,base,white,5,v6noC2,1,4.5,0.980952380952381,0.980952380952381,0,0,0,0,0,0,0,0,NaN,NaN,NaN,NaN
dev,base,white,5,v6,1,4.5,0.980952380952381,0.980952380952381,0,0,0,0,0,0,0,0,NaN,NaN,NaN,NaN
dev,base,white,6,v5,1,4.5,0.980952380952381,0.980952380952381,0.157894736842105,0.157894736842105,0,0,0,0,0,0,NaN,NaN,NaN,NaN
dev,base,white,6,v6noA,1,4.5,0.980952380952381,0.980952380952381,0.157894736842105,0.157894736842105,0,0,0,0,0,0,NaN,NaN,NaN,NaN
dev,base,white,6,v6noB,1,4.5,0.980952380952381,0.980952380952381,0.157894736842105,0.157894736842105,0,0,0,0,0,0,NaN,NaN,NaN,NaN
dev,base,white,6,v6noC1,1,4.5,0.980952380952381,0.980952380952381,0.157894736842105,0.157894736842105,0,0,0,0,0,0,NaN,NaN,NaN,NaN
dev,base,white,6,v6noC2,1,4.5,0.980952380952381,0.980952380952381,0.157894736842105,0.157894736842105,0,0,0,0,0,0,NaN,NaN,NaN,NaN
dev,base,white,6,v6,1,4.5,0.980952380952381,0.980952380952381,0.157894736842105,0.157894736842105,0,0,0,0,0,0,NaN,NaN,NaN,NaN
dev,base,white,7,v5,1,5.5,0.976190476190476,0.976190476190476,0,0,0,0,0,0,0,0,NaN,NaN,NaN,NaN
dev,base,white,7,v6noA,1,5.5,0.976190476190476,0.976190476190476,0,0,0,0,0,0,0,0,NaN,NaN,NaN,NaN
dev,base,white,7,v6noB,1,5.5,0.976190476190476,0.976190476190476,0,0,0,0,0,0,0,0,NaN,NaN,NaN,NaN
dev,base,white,7,v6noC1,1,5.5,0.976190476190476,0.976190476190476,0,0,0,0,0,0,0,0,NaN,NaN,NaN,NaN
dev,base,white,7,v6noC2,1,5.5,0.976190476190476,0.976190476190476,0,0,0,0,0,0,0,0,NaN,NaN,NaN,NaN
dev,base,white,7,v6,1,5.5,0.976190476190476,0.976190476190476,0,0,0,0,0,0,0,0,NaN,NaN,NaN,NaN
dev,base,white,8,v5,1,4.5,0.980952380952381,0.980952380952381,0,0,0,0,0,0,0,1,NaN,NaN,NaN,NaN
dev,base,white,8,v6noA,1,4.5,0.976190476190476,0.976190476190476,0,0,0,0,0.00263157894736842,0.00476190476190476,0,1,NaN,NaN,NaN,NaN
dev,base,white,8,v6noB,1,4.5,0.976190476190476,0.976190476190476,0,0,0,0,0.00263157894736842,0.00476190476190476,0,0,NaN,NaN,NaN,NaN
dev,base,white,8,v6noC1,1,4.5,0.976190476190476,0.976190476190476,0,0,0,0,0.00263157894736842,0.00476190476190476,0,0,NaN,NaN,NaN,NaN
dev,base,white,8,v6noC2,1,4.5,0.980952380952381,0.980952380952381,0,0,0,0,0,0,0,0,NaN,NaN,NaN,NaN
dev,base,white,8,v6,1,4.5,0.976190476190476,0.976190476190476,0,0,0,0,0.00263157894736842,0.00476190476190476,0,0,NaN,NaN,NaN,NaN
dev,base,white,9,v5,1,3.5,0.985714285714286,0.985714285714286,1.89473684210526,0.157894736842105,0,0,0,0,0,0,NaN,NaN,NaN,NaN
dev,base,white,9,v6noA,1,3.5,0.985714285714286,0.985714285714286,1.89473684210526,0.315789473684211,1,0,0,0,0,0,NaN,NaN,NaN,NaN
dev,base,white,9,v6noB,1,3.5,0.985714285714286,0.985714285714286,1.89473684210526,0.315789473684211,1,0,0,0,0,0,NaN,NaN,NaN,NaN
dev,base,white,9,v6noC1,1,3.5,0.985714285714286,0.985714285714286,1.89473684210526,0.157894736842105,0,0,0,0,0,0,NaN,NaN,NaN,NaN
dev,base,white,9,v6noC2,1,3.5,0.985714285714286,0.985714285714286,1.89473684210526,0.315789473684211,1,0,0,0,0,0,NaN,NaN,NaN,NaN
dev,base,white,9,v6,1,3.5,0.985714285714286,0.985714285714286,1.89473684210526,0.315789473684211,1,0,0,0,0,0,NaN,NaN,NaN,NaN
dev,base,colored,0,v5,1,25.5,0.880952380952381,0.880952380952381,6.47368421052632,0.631578947368421,0,0,0,0,0,0,NaN,NaN,NaN,NaN
dev,base,colored,0,v6noA,1,25.5,0.880952380952381,0.880952380952381,6.47368421052632,0.789473684210526,1,0,0,0,0,0,NaN,NaN,NaN,NaN
dev,base,colored,0,v6noB,1,25.5,0.880952380952381,0.880952380952381,6.47368421052632,0.789473684210526,1,0,0,0,0,0,NaN,NaN,NaN,NaN
dev,base,colored,0,v6noC1,1,25.5,0.880952380952381,0.880952380952381,6.47368421052632,0.631578947368421,0,0,0,0,0,0,NaN,NaN,NaN,NaN
dev,base,colored,0,v6noC2,1,25.5,0.880952380952381,0.880952380952381,6.47368421052632,0.789473684210526,1,0,0,0,0,0,NaN,NaN,NaN,NaN
dev,base,colored,0,v6,1,25.5,0.880952380952381,0.880952380952381,6.47368421052632,0.789473684210526,1,0,0,0,0,0,NaN,NaN,NaN,NaN
dev,base,colored,1,v5,1,13.5,0.938095238095238,0.938095238095238,0,0,0,0,0,0,0,1,NaN,NaN,NaN,NaN
dev,base,colored,1,v6noA,1,13.5,0.923809523809524,0.923809523809524,0,0,0,0,0.00526315789473684,0.00952380952380952,0,1,NaN,NaN,NaN,NaN
dev,base,colored,1,v6noB,1,13.5,0.923809523809524,0.923809523809524,0,0,0,0,0.00526315789473684,0.00952380952380952,0,0,NaN,NaN,NaN,NaN
dev,base,colored,1,v6noC1,1,13.5,0.923809523809524,0.923809523809524,0,0,0,0,0.00526315789473684,0.00952380952380952,0,0,NaN,NaN,NaN,NaN
dev,base,colored,1,v6noC2,1,13.5,0.938095238095238,0.938095238095238,0,0,0,0,0,0,0,0,NaN,NaN,NaN,NaN
dev,base,colored,1,v6,1,13.5,0.923809523809524,0.923809523809524,0,0,0,0,0.00526315789473684,0.00952380952380952,0,0,NaN,NaN,NaN,NaN
dev,base,colored,2,v5,1,19.5,0.90952380952381,0.90952380952381,0,0,0,0,0,0,0,1,NaN,NaN,NaN,NaN
dev,base,colored,2,v6noA,1,19.5,0.90952380952381,0.90952380952381,0,0,0,0,0,0,0,1,NaN,NaN,NaN,NaN
dev,base,colored,2,v6noB,1,19.5,0.90952380952381,0.90952380952381,0,0,0,0,0,0,0,0,NaN,NaN,NaN,NaN
dev,base,colored,2,v6noC1,1,19.5,0.90952380952381,0.90952380952381,0,0,0,0,0,0,0,0,NaN,NaN,NaN,NaN
dev,base,colored,2,v6noC2,1,19.5,0.90952380952381,0.90952380952381,0,0,0,0,0,0,0,0,NaN,NaN,NaN,NaN
dev,base,colored,2,v6,1,19.5,0.90952380952381,0.90952380952381,0,0,0,0,0,0,0,0,NaN,NaN,NaN,NaN
dev,base,colored,3,v5,1,16.5,0.923809523809524,0.923809523809524,0,0,0,0,0,0,0,1,NaN,NaN,NaN,NaN
dev,base,colored,3,v6noA,1,16.5,0.861904761904762,0.861904761904762,0,0,0,0,0.0131578947368421,0.0238095238095238,0,1,NaN,NaN,NaN,NaN
dev,base,colored,3,v6noB,1,16.5,0.861904761904762,0.861904761904762,0,0,0,0,0.0105263157894737,0.019047619047619,0,0,NaN,NaN,NaN,NaN
dev,base,colored,3,v6noC1,1,16.5,0.861904761904762,0.861904761904762,0,0,0,0,0.0105263157894737,0.019047619047619,0,0,NaN,NaN,NaN,NaN
dev,base,colored,3,v6noC2,1,16.5,0.923809523809524,0.923809523809524,0,0,0,0,0,0,0,0,NaN,NaN,NaN,NaN
dev,base,colored,3,v6,1,16.5,0.861904761904762,0.861904761904762,0,0,0,0,0.0105263157894737,0.019047619047619,0,0,NaN,NaN,NaN,NaN
dev,base,colored,4,v5,1,13.5,0.938095238095238,0.938095238095238,5.68421052631579,0.473684210526316,0,0,0,0,0,1,NaN,NaN,NaN,NaN
dev,base,colored,4,v6noA,1,13.5,0.938095238095238,0.938095238095238,5.68421052631579,0.473684210526316,0,0,0,0,0,1,NaN,NaN,NaN,NaN
dev,base,colored,4,v6noB,1,13.5,0.938095238095238,0.938095238095238,0,0,0,0,0,0,0,0,NaN,NaN,NaN,NaN
dev,base,colored,4,v6noC1,1,13.5,0.938095238095238,0.938095238095238,0,0,0,0,0,0,0,0,NaN,NaN,NaN,NaN
dev,base,colored,4,v6noC2,1,13.5,0.938095238095238,0.938095238095238,0,0,0,0,0,0,0,0,NaN,NaN,NaN,NaN
dev,base,colored,4,v6,1,13.5,0.938095238095238,0.938095238095238,0,0,0,0,0,0,0,0,NaN,NaN,NaN,NaN
dev,base,colored,5,v5,1,10.5,0.895238095238095,0.895238095238095,5.68421052631579,0.315789473684211,0,0,0,0,0,0,NaN,NaN,NaN,NaN
dev,base,colored,5,v6noA,1,10.5,0.757142857142857,0.757142857142857,5.68421052631579,0.315789473684211,0,1,0,0,0,0,NaN,NaN,NaN,NaN
dev,base,colored,5,v6noB,1,10.5,0.757142857142857,0.757142857142857,5.68421052631579,0.315789473684211,0,1,0,0,0,0,NaN,NaN,NaN,NaN
dev,base,colored,5,v6noC1,1,10.5,0.833333333333333,0.833333333333333,5.68421052631579,0.315789473684211,0,0,0.0289473684210526,0.0523809523809524,0,0,NaN,NaN,NaN,NaN
dev,base,colored,5,v6noC2,1,10.5,0.757142857142857,0.757142857142857,5.68421052631579,0.315789473684211,0,1,0,0,0,0,NaN,NaN,NaN,NaN
dev,base,colored,5,v6,1,10.5,0.757142857142857,0.757142857142857,5.68421052631579,0.315789473684211,0,1,0,0,0,0,NaN,NaN,NaN,NaN
dev,base,colored,6,v5,1,22.5,0.895238095238095,0.895238095238095,2.68421052631579,0.157894736842105,0,0,0,0,0,0,NaN,NaN,NaN,NaN
dev,base,colored,6,v6noA,1,22.5,0.876190476190476,0.876190476190476,2.68421052631579,0.157894736842105,0,0,0.0105263157894737,0.019047619047619,0,0,NaN,NaN,NaN,NaN
dev,base,colored,6,v6noB,1,22.5,0.876190476190476,0.876190476190476,2.68421052631579,0.157894736842105,0,0,0.0105263157894737,0.019047619047619,0,0,NaN,NaN,NaN,NaN
dev,base,colored,6,v6noC1,1,22.5,0.876190476190476,0.876190476190476,2.68421052631579,0.157894736842105,0,0,0.0105263157894737,0.019047619047619,0,0,NaN,NaN,NaN,NaN
dev,base,colored,6,v6noC2,1,22.5,0.895238095238095,0.895238095238095,2.68421052631579,0.157894736842105,0,0,0,0,0,0,NaN,NaN,NaN,NaN
dev,base,colored,6,v6,1,22.5,0.876190476190476,0.876190476190476,2.68421052631579,0.157894736842105,0,0,0.0105263157894737,0.019047619047619,0,0,NaN,NaN,NaN,NaN
dev,base,colored,7,v5,1,12.5,0.942857142857143,0.942857142857143,0,0,0,0,0,0,0,0,NaN,NaN,NaN,NaN
dev,base,colored,7,v6noA,1,12.5,0.942857142857143,0.942857142857143,0,0,0,0,0,0,0,0,NaN,NaN,NaN,NaN
dev,base,colored,7,v6noB,1,12.5,0.942857142857143,0.942857142857143,0,0,0,0,0,0,0,0,NaN,NaN,NaN,NaN
dev,base,colored,7,v6noC1,1,12.5,0.942857142857143,0.942857142857143,0,0,0,0,0,0,0,0,NaN,NaN,NaN,NaN
dev,base,colored,7,v6noC2,1,12.5,0.942857142857143,0.942857142857143,0,0,0,0,0,0,0,0,NaN,NaN,NaN,NaN
dev,base,colored,7,v6,1,12.5,0.942857142857143,0.942857142857143,0,0,0,0,0,0,0,0,NaN,NaN,NaN,NaN
dev,base,colored,8,v5,1,22.5,0.895238095238095,0.895238095238095,0.157894736842105,0.157894736842105,0,0,0,0,0,1,NaN,NaN,NaN,NaN
dev,base,colored,8,v6noA,1,22.5,0.895238095238095,0.895238095238095,0.157894736842105,0.157894736842105,0,0,0,0,0,1,NaN,NaN,NaN,NaN
dev,base,colored,8,v6noB,1,22.5,0.895238095238095,0.895238095238095,0.157894736842105,0.157894736842105,0,0,0,0,0,0,NaN,NaN,NaN,NaN
dev,base,colored,8,v6noC1,1,22.5,0.895238095238095,0.895238095238095,0.157894736842105,0.157894736842105,0,0,0,0,0,0,NaN,NaN,NaN,NaN
dev,base,colored,8,v6noC2,1,22.5,0.895238095238095,0.895238095238095,0.157894736842105,0.157894736842105,0,0,0,0,0,0,NaN,NaN,NaN,NaN
dev,base,colored,8,v6,1,22.5,0.895238095238095,0.895238095238095,0.157894736842105,0.157894736842105,0,0,0,0,0,0,NaN,NaN,NaN,NaN
dev,base,colored,9,v5,1,13.5,0.938095238095238,0.938095238095238,0,0,0,0,0,0,0,0,NaN,NaN,NaN,NaN
dev,base,colored,9,v6noA,1,13.5,0.938095238095238,0.938095238095238,0,0,0,0,0,0,0,0,NaN,NaN,NaN,NaN
dev,base,colored,9,v6noB,1,13.5,0.938095238095238,0.938095238095238,0,0,0,0,0,0,0,0,NaN,NaN,NaN,NaN
dev,base,colored,9,v6noC1,1,13.5,0.938095238095238,0.938095238095238,0,0,0,0,0,0,0,0,NaN,NaN,NaN,NaN
dev,base,colored,9,v6noC2,1,13.5,0.938095238095238,0.938095238095238,0,0,0,0,0,0,0,0,NaN,NaN,NaN,NaN
dev,base,colored,9,v6,1,13.5,0.938095238095238,0.938095238095238,0,0,0,0,0,0,0,0,NaN,NaN,NaN,NaN
dev,hold-fault,white,0,v5,1,7.5,0.933333333333333,0.933333333333333,0,0,0,0,0,0,0,0,NaN,NaN,NaN,NaN
dev,hold-fault,white,0,v6noA,1,7.5,0.933333333333333,0.933333333333333,0,0,0,0,0,0,0,0,NaN,NaN,NaN,NaN
dev,hold-fault,white,0,v6noB,1,7.5,0.933333333333333,0.933333333333333,0,0,0,0,0,0,0,0,NaN,NaN,NaN,NaN
dev,hold-fault,white,0,v6noC1,1,7.5,0.933333333333333,0.933333333333333,0,0,0,0,0,0,0,0,NaN,NaN,NaN,NaN
dev,hold-fault,white,0,v6noC2,1,7.5,0.933333333333333,0.933333333333333,0,0,0,0,0,0,0,0,NaN,NaN,NaN,NaN
dev,hold-fault,white,0,v6,1,7.5,0.933333333333333,0.933333333333333,0,0,0,0,0,0,0,0,NaN,NaN,NaN,NaN
dev,hold-fault,white,1,v5,1,7.5,0.933333333333333,0.933333333333333,0,0,0,0,0,0,0,1,NaN,NaN,NaN,NaN
dev,hold-fault,white,1,v6noA,1,7.5,0.933333333333333,0.933333333333333,0,0,0,0,0,0,0,1,NaN,NaN,NaN,NaN
dev,hold-fault,white,1,v6noB,1,7.5,0.933333333333333,0.933333333333333,0,0,0,0,0,0,0,0,NaN,NaN,NaN,NaN
dev,hold-fault,white,1,v6noC1,1,7.5,0.933333333333333,0.933333333333333,0,0,0,0,0,0,0,0,NaN,NaN,NaN,NaN
dev,hold-fault,white,1,v6noC2,1,7.5,0.933333333333333,0.933333333333333,0,0,0,0,0,0,0,0,NaN,NaN,NaN,NaN
dev,hold-fault,white,1,v6,1,7.5,0.933333333333333,0.933333333333333,0,0,0,0,0,0,0,0,NaN,NaN,NaN,NaN
dev,hold-fault,white,2,v5,1,7.5,0.933333333333333,0.933333333333333,0,0,0,0,0,0,0,1,NaN,NaN,NaN,NaN
dev,hold-fault,white,2,v6noA,1,7.5,0.933333333333333,0.933333333333333,0,0,0,0,0,0,0,1,NaN,NaN,NaN,NaN
dev,hold-fault,white,2,v6noB,1,7.5,0.933333333333333,0.933333333333333,0,0,0,0,0,0,0,0,NaN,NaN,NaN,NaN
dev,hold-fault,white,2,v6noC1,1,7.5,0.933333333333333,0.933333333333333,0,0,0,0,0,0,0,0,NaN,NaN,NaN,NaN
dev,hold-fault,white,2,v6noC2,1,7.5,0.933333333333333,0.933333333333333,0,0,0,0,0,0,0,0,NaN,NaN,NaN,NaN
dev,hold-fault,white,2,v6,1,7.5,0.933333333333333,0.933333333333333,0,0,0,0,0,0,0,0,NaN,NaN,NaN,NaN
dev,hold-fault,white,3,v5,1,9.5,0.914285714285714,0.914285714285714,0,0,0,0,0,0,0,1,NaN,NaN,NaN,NaN
dev,hold-fault,white,3,v6noA,1,9.5,0.914285714285714,0.914285714285714,0,0,0,0,0,0,0,1,NaN,NaN,NaN,NaN
dev,hold-fault,white,3,v6noB,1,9.5,0.914285714285714,0.914285714285714,0,0,0,0,0,0,0,0,NaN,NaN,NaN,NaN
dev,hold-fault,white,3,v6noC1,1,9.5,0.914285714285714,0.914285714285714,0,0,0,0,0,0,0,0,NaN,NaN,NaN,NaN
dev,hold-fault,white,3,v6noC2,1,9.5,0.914285714285714,0.914285714285714,0,0,0,0,0,0,0,0,NaN,NaN,NaN,NaN
dev,hold-fault,white,3,v6,1,9.5,0.914285714285714,0.914285714285714,0,0,0,0,0,0,0,0,NaN,NaN,NaN,NaN
dev,hold-fault,white,4,v5,1,9.5,0.914285714285714,0.914285714285714,0,0,0,0,0,0,0,1,NaN,NaN,NaN,NaN
dev,hold-fault,white,4,v6noA,1,9.5,0.914285714285714,0.914285714285714,0,0,0,0,0,0,0,1,NaN,NaN,NaN,NaN
dev,hold-fault,white,4,v6noB,1,9.5,0.914285714285714,0.914285714285714,0,0,0,0,0,0,0,0,NaN,NaN,NaN,NaN
dev,hold-fault,white,4,v6noC1,1,9.5,0.914285714285714,0.914285714285714,0,0,0,0,0,0,0,0,NaN,NaN,NaN,NaN
dev,hold-fault,white,4,v6noC2,1,9.5,0.914285714285714,0.914285714285714,0,0,0,0,0,0,0,0,NaN,NaN,NaN,NaN
dev,hold-fault,white,4,v6,1,9.5,0.914285714285714,0.914285714285714,0,0,0,0,0,0,0,0,NaN,NaN,NaN,NaN
dev,hold-fault,white,5,v5,1,7.5,0.933333333333333,0.933333333333333,0,0,0,0,0,0,0,0,NaN,NaN,NaN,NaN
dev,hold-fault,white,5,v6noA,1,7.5,0.933333333333333,0.933333333333333,0,0,0,0,0,0,0,0,NaN,NaN,NaN,NaN
dev,hold-fault,white,5,v6noB,1,7.5,0.933333333333333,0.933333333333333,0,0,0,0,0,0,0,0,NaN,NaN,NaN,NaN
dev,hold-fault,white,5,v6noC1,1,7.5,0.933333333333333,0.933333333333333,0,0,0,0,0,0,0,0,NaN,NaN,NaN,NaN
dev,hold-fault,white,5,v6noC2,1,7.5,0.933333333333333,0.933333333333333,0,0,0,0,0,0,0,0,NaN,NaN,NaN,NaN
dev,hold-fault,white,5,v6,1,7.5,0.933333333333333,0.933333333333333,0,0,0,0,0,0,0,0,NaN,NaN,NaN,NaN
dev,hold-fault,white,6,v5,1,10.5,0.904761904761905,0.904761904761905,0.157894736842105,0.157894736842105,0,0,0,0,0,0,NaN,NaN,NaN,NaN
dev,hold-fault,white,6,v6noA,1,10.5,0.904761904761905,0.904761904761905,0.157894736842105,0.157894736842105,0,0,0,0,0,0,NaN,NaN,NaN,NaN
dev,hold-fault,white,6,v6noB,1,10.5,0.904761904761905,0.904761904761905,0.157894736842105,0.157894736842105,0,0,0,0,0,0,NaN,NaN,NaN,NaN
dev,hold-fault,white,6,v6noC1,1,10.5,0.904761904761905,0.904761904761905,0.157894736842105,0.157894736842105,0,0,0,0,0,0,NaN,NaN,NaN,NaN
dev,hold-fault,white,6,v6noC2,1,10.5,0.904761904761905,0.904761904761905,0.157894736842105,0.157894736842105,0,0,0,0,0,0,NaN,NaN,NaN,NaN
dev,hold-fault,white,6,v6,1,10.5,0.904761904761905,0.904761904761905,0.157894736842105,0.157894736842105,0,0,0,0,0,0,NaN,NaN,NaN,NaN
dev,hold-fault,white,7,v5,1,9.5,0.914285714285714,0.914285714285714,0,0,0,0,0,0,0,0,NaN,NaN,NaN,NaN
dev,hold-fault,white,7,v6noA,1,9.5,0.914285714285714,0.914285714285714,0,0,0,0,0,0,0,0,NaN,NaN,NaN,NaN
dev,hold-fault,white,7,v6noB,1,9.5,0.914285714285714,0.914285714285714,0,0,0,0,0,0,0,0,NaN,NaN,NaN,NaN
dev,hold-fault,white,7,v6noC1,1,9.5,0.914285714285714,0.914285714285714,0,0,0,0,0,0,0,0,NaN,NaN,NaN,NaN
dev,hold-fault,white,7,v6noC2,1,9.5,0.914285714285714,0.914285714285714,0,0,0,0,0,0,0,0,NaN,NaN,NaN,NaN
dev,hold-fault,white,7,v6,1,9.5,0.914285714285714,0.914285714285714,0,0,0,0,0,0,0,0,NaN,NaN,NaN,NaN
dev,hold-fault,white,8,v5,1,7.5,0.933333333333333,0.933333333333333,0,0,0,0,0,0,0,1,NaN,NaN,NaN,NaN
dev,hold-fault,white,8,v6noA,1,7.5,0.914285714285714,0.914285714285714,0,0,0,0,0.00263157894736842,0.00952380952380952,0,1,NaN,NaN,NaN,NaN
dev,hold-fault,white,8,v6noB,1,7.5,0.914285714285714,0.914285714285714,0,0,0,0,0.00263157894736842,0.00952380952380952,0,0,NaN,NaN,NaN,NaN
dev,hold-fault,white,8,v6noC1,1,7.5,0.914285714285714,0.914285714285714,0,0,0,0,0.00263157894736842,0.00952380952380952,0,0,NaN,NaN,NaN,NaN
dev,hold-fault,white,8,v6noC2,1,7.5,0.933333333333333,0.933333333333333,0,0,0,0,0,0,0,0,NaN,NaN,NaN,NaN
dev,hold-fault,white,8,v6,1,7.5,0.914285714285714,0.914285714285714,0,0,0,0,0.00263157894736842,0.00952380952380952,0,0,NaN,NaN,NaN,NaN
dev,hold-fault,white,9,v5,1,8.5,0.923809523809524,0.923809523809524,1.89473684210526,0.157894736842105,0,0,0,0,0,0,NaN,NaN,NaN,NaN
dev,hold-fault,white,9,v6noA,1,8.5,0.923809523809524,0.923809523809524,1.89473684210526,0.315789473684211,1,0,0,0,0,0,NaN,NaN,NaN,NaN
dev,hold-fault,white,9,v6noB,1,8.5,0.923809523809524,0.923809523809524,1.89473684210526,0.315789473684211,1,0,0,0,0,0,NaN,NaN,NaN,NaN
dev,hold-fault,white,9,v6noC1,1,8.5,0.923809523809524,0.923809523809524,1.89473684210526,0.157894736842105,0,0,0,0,0,0,NaN,NaN,NaN,NaN
dev,hold-fault,white,9,v6noC2,1,8.5,0.923809523809524,0.923809523809524,1.89473684210526,0.315789473684211,1,0,0,0,0,0,NaN,NaN,NaN,NaN
dev,hold-fault,white,9,v6,1,8.5,0.923809523809524,0.923809523809524,1.89473684210526,0.315789473684211,1,0,0,0,0,0,NaN,NaN,NaN,NaN
dev,hold-fault,colored,0,v5,1,67.5,0.361904761904762,0.361904761904762,6.47368421052632,0.631578947368421,0,0,0,0,0,0,NaN,NaN,NaN,NaN
dev,hold-fault,colored,0,v6noA,1,67.5,0.361904761904762,0.361904761904762,6.47368421052632,0.789473684210526,1,0,0,0,0,0,NaN,NaN,NaN,NaN
dev,hold-fault,colored,0,v6noB,1,67.5,0.361904761904762,0.361904761904762,6.47368421052632,0.789473684210526,1,0,0,0,0,0,NaN,NaN,NaN,NaN
dev,hold-fault,colored,0,v6noC1,1,67.5,0.361904761904762,0.361904761904762,6.47368421052632,0.631578947368421,0,0,0,0,0,0,NaN,NaN,NaN,NaN
dev,hold-fault,colored,0,v6noC2,1,67.5,0.361904761904762,0.361904761904762,6.47368421052632,0.789473684210526,1,0,0,0,0,0,NaN,NaN,NaN,NaN
dev,hold-fault,colored,0,v6,1,67.5,0.361904761904762,0.361904761904762,6.47368421052632,0.789473684210526,1,0,0,0,0,0,NaN,NaN,NaN,NaN
dev,hold-fault,colored,1,v5,1,60.5,0.428571428571429,0.428571428571429,0,0,0,0,0,0,0,1,NaN,NaN,NaN,NaN
dev,hold-fault,colored,1,v6noA,1,60.5,0.428571428571429,0.428571428571429,0,0,0,0,0,0,0,1,NaN,NaN,NaN,NaN
dev,hold-fault,colored,1,v6noB,1,60.5,0.428571428571429,0.428571428571429,0,0,0,0,0,0,0,0,NaN,NaN,NaN,NaN
dev,hold-fault,colored,1,v6noC1,1,60.5,0.428571428571429,0.428571428571429,0,0,0,0,0,0,0,0,NaN,NaN,NaN,NaN
dev,hold-fault,colored,1,v6noC2,1,60.5,0.428571428571429,0.428571428571429,0,0,0,0,0,0,0,0,NaN,NaN,NaN,NaN
dev,hold-fault,colored,1,v6,1,60.5,0.428571428571429,0.428571428571429,0,0,0,0,0,0,0,0,NaN,NaN,NaN,NaN
dev,hold-fault,colored,2,v5,1,56.5,0.285714285714286,0.285714285714286,0,0,0,0,0,0,0,1,NaN,NaN,NaN,NaN
dev,hold-fault,colored,2,v6noA,1,56.5,0.285714285714286,0.285714285714286,0,0,0,1,0,0,0,1,NaN,NaN,NaN,NaN
dev,hold-fault,colored,2,v6noB,1,56.5,0.285714285714286,0.285714285714286,0,0,0,1,0,0,0,0,NaN,NaN,NaN,NaN
dev,hold-fault,colored,2,v6noC1,1,56.5,0.285714285714286,0.285714285714286,0,0,0,0,0,0,0,0,NaN,NaN,NaN,NaN
dev,hold-fault,colored,2,v6noC2,1,56.5,0.285714285714286,0.285714285714286,0,0,0,1,0,0,0,0,NaN,NaN,NaN,NaN
dev,hold-fault,colored,2,v6,1,56.5,0.285714285714286,0.285714285714286,0,0,0,1,0,0,0,0,NaN,NaN,NaN,NaN
dev,hold-fault,colored,3,v5,1,52.5,0.285714285714286,0.285714285714286,0,0,0,0,0,0,0,1,NaN,NaN,NaN,NaN
dev,hold-fault,colored,3,v6noA,1,52.5,0.285714285714286,0.285714285714286,0,0,0,1,0,0,0,1,NaN,NaN,NaN,NaN
dev,hold-fault,colored,3,v6noB,1,52.5,0.285714285714286,0.285714285714286,0,0,0,1,0,0,0,0,NaN,NaN,NaN,NaN
dev,hold-fault,colored,3,v6noC1,1,52.5,0.285714285714286,0.285714285714286,0,0,0,0,0,0,0,0,NaN,NaN,NaN,NaN
dev,hold-fault,colored,3,v6noC2,1,52.5,0.285714285714286,0.285714285714286,0,0,0,1,0,0,0,0,NaN,NaN,NaN,NaN
dev,hold-fault,colored,3,v6,1,52.5,0.285714285714286,0.285714285714286,0,0,0,1,0,0,0,0,NaN,NaN,NaN,NaN
dev,hold-fault,colored,4,v5,1,63.5,0.4,0.4,5.68421052631579,0.473684210526316,0,0,0,0,0,1,NaN,NaN,NaN,NaN
dev,hold-fault,colored,4,v6noA,1,63.5,0.4,0.4,5.68421052631579,0.473684210526316,0,0,0,0,0,1,NaN,NaN,NaN,NaN
dev,hold-fault,colored,4,v6noB,1,63.5,0.4,0.4,0,0,0,0,0,0,0,0,NaN,NaN,NaN,NaN
dev,hold-fault,colored,4,v6noC1,1,63.5,0.4,0.4,0,0,0,0,0,0,0,0,NaN,NaN,NaN,NaN
dev,hold-fault,colored,4,v6noC2,1,63.5,0.4,0.4,0,0,0,0,0,0,0,0,NaN,NaN,NaN,NaN
dev,hold-fault,colored,4,v6,1,63.5,0.4,0.4,0,0,0,0,0,0,0,0,NaN,NaN,NaN,NaN
dev,hold-fault,colored,5,v5,1,48.5,0.276190476190476,0.276190476190476,5.68421052631579,0.315789473684211,0,0,0,0,0,0,NaN,NaN,NaN,NaN
dev,hold-fault,colored,5,v6noA,1,48.5,0.276190476190476,0.276190476190476,5.68421052631579,0.315789473684211,0,1,0,0,0,0,NaN,NaN,NaN,NaN
dev,hold-fault,colored,5,v6noB,1,48.5,0.276190476190476,0.276190476190476,5.68421052631579,0.315789473684211,0,1,0,0,0,0,NaN,NaN,NaN,NaN
dev,hold-fault,colored,5,v6noC1,1,48.5,0.276190476190476,0.276190476190476,5.68421052631579,0.315789473684211,0,0,0,0,0,0,NaN,NaN,NaN,NaN
dev,hold-fault,colored,5,v6noC2,1,48.5,0.276190476190476,0.276190476190476,5.68421052631579,0.315789473684211,0,1,0,0,0,0,NaN,NaN,NaN,NaN
dev,hold-fault,colored,5,v6,1,48.5,0.276190476190476,0.276190476190476,5.68421052631579,0.315789473684211,0,1,0,0,0,0,NaN,NaN,NaN,NaN
dev,hold-fault,colored,6,v5,0,NaN,0,0,2.68421052631579,0.157894736842105,0,0,0,0,0,0,NaN,NaN,NaN,NaN
dev,hold-fault,colored,6,v6noA,0,NaN,0,0,2.68421052631579,0.157894736842105,0,0,0,0,0,0,NaN,NaN,NaN,NaN
dev,hold-fault,colored,6,v6noB,0,NaN,0,0,2.68421052631579,0.157894736842105,0,0,0,0,0,0,NaN,NaN,NaN,NaN
dev,hold-fault,colored,6,v6noC1,0,NaN,0,0,2.68421052631579,0.157894736842105,0,0,0,0,0,0,NaN,NaN,NaN,NaN
dev,hold-fault,colored,6,v6noC2,0,NaN,0,0,2.68421052631579,0.157894736842105,0,0,0,0,0,0,NaN,NaN,NaN,NaN
dev,hold-fault,colored,6,v6,0,NaN,0,0,2.68421052631579,0.157894736842105,0,0,0,0,0,0,NaN,NaN,NaN,NaN
dev,hold-fault,colored,7,v5,1,24.5,0.771428571428571,0.771428571428571,0,0,0,0,0,0,0,0,NaN,NaN,NaN,NaN
dev,hold-fault,colored,7,v6noA,1,24.5,0.771428571428571,0.771428571428571,0,0,0,0,0,0,0,0,NaN,NaN,NaN,NaN
dev,hold-fault,colored,7,v6noB,1,24.5,0.771428571428571,0.771428571428571,0,0,0,0,0,0,0,0,NaN,NaN,NaN,NaN
dev,hold-fault,colored,7,v6noC1,1,24.5,0.771428571428571,0.771428571428571,0,0,0,0,0,0,0,0,NaN,NaN,NaN,NaN
dev,hold-fault,colored,7,v6noC2,1,24.5,0.771428571428571,0.771428571428571,0,0,0,0,0,0,0,0,NaN,NaN,NaN,NaN
dev,hold-fault,colored,7,v6,1,24.5,0.771428571428571,0.771428571428571,0,0,0,0,0,0,0,0,NaN,NaN,NaN,NaN
dev,hold-fault,colored,8,v5,1,17.5,0.838095238095238,0.838095238095238,0.157894736842105,0.157894736842105,0,0,0,0,0,1,NaN,NaN,NaN,NaN
dev,hold-fault,colored,8,v6noA,1,17.5,0.838095238095238,0.838095238095238,0.157894736842105,0.157894736842105,0,0,0,0,0,1,NaN,NaN,NaN,NaN
dev,hold-fault,colored,8,v6noB,1,17.5,0.838095238095238,0.838095238095238,0.157894736842105,0.157894736842105,0,0,0,0,0,0,NaN,NaN,NaN,NaN
dev,hold-fault,colored,8,v6noC1,1,17.5,0.838095238095238,0.838095238095238,0.157894736842105,0.157894736842105,0,0,0,0,0,0,NaN,NaN,NaN,NaN
dev,hold-fault,colored,8,v6noC2,1,17.5,0.838095238095238,0.838095238095238,0.157894736842105,0.157894736842105,0,0,0,0,0,0,NaN,NaN,NaN,NaN
dev,hold-fault,colored,8,v6,1,17.5,0.838095238095238,0.838095238095238,0.157894736842105,0.157894736842105,0,0,0,0,0,0,NaN,NaN,NaN,NaN
dev,hold-fault,colored,9,v5,1,92.5,0.123809523809524,0.123809523809524,0,0,0,0,0,0,0,0,NaN,NaN,NaN,NaN
dev,hold-fault,colored,9,v6noA,1,92.5,0.123809523809524,0.123809523809524,0,0,0,0,0,0,0,0,NaN,NaN,NaN,NaN
dev,hold-fault,colored,9,v6noB,1,92.5,0.123809523809524,0.123809523809524,0,0,0,0,0,0,0,0,NaN,NaN,NaN,NaN
dev,hold-fault,colored,9,v6noC1,1,92.5,0.123809523809524,0.123809523809524,0,0,0,0,0,0,0,0,NaN,NaN,NaN,NaN
dev,hold-fault,colored,9,v6noC2,1,92.5,0.123809523809524,0.123809523809524,0,0,0,0,0,0,0,0,NaN,NaN,NaN,NaN
dev,hold-fault,colored,9,v6,1,92.5,0.123809523809524,0.123809523809524,0,0,0,0,0,0,0,0,NaN,NaN,NaN,NaN
dev,accel-step,white,0,v5,1,0.5,1,1,0,0,0,0,0,0,0,0,NaN,NaN,NaN,NaN
dev,accel-step,white,0,v6noA,1,0.5,1,1,0,0,0,0,0,0,0,0,NaN,NaN,NaN,NaN
dev,accel-step,white,0,v6noB,1,0.5,1,1,0,0,0,0,0,0,0,0,NaN,NaN,NaN,NaN
dev,accel-step,white,0,v6noC1,1,0.5,1,1,0,0,0,0,0,0,0,0,NaN,NaN,NaN,NaN
dev,accel-step,white,0,v6noC2,1,0.5,1,1,0,0,0,0,0,0,0,0,NaN,NaN,NaN,NaN
dev,accel-step,white,0,v6,1,0.5,1,1,0,0,0,0,0,0,0,0,NaN,NaN,NaN,NaN
dev,accel-step,white,1,v5,1,0.5,1,1,0,0,0,0,0,0,0,1,NaN,NaN,NaN,NaN
dev,accel-step,white,1,v6noA,1,0.5,1,1,0,0,0,0,0,0,0,1,NaN,NaN,NaN,NaN
dev,accel-step,white,1,v6noB,1,0.5,1,1,0,0,0,0,0,0,0,0,NaN,NaN,NaN,NaN
dev,accel-step,white,1,v6noC1,1,0.5,1,1,0,0,0,0,0,0,0,0,NaN,NaN,NaN,NaN
dev,accel-step,white,1,v6noC2,1,0.5,1,1,0,0,0,0,0,0,0,0,NaN,NaN,NaN,NaN
dev,accel-step,white,1,v6,1,0.5,1,1,0,0,0,0,0,0,0,0,NaN,NaN,NaN,NaN
dev,accel-step,white,2,v5,1,0.5,1,1,0,0,0,0,0,0,0,1,NaN,NaN,NaN,NaN
dev,accel-step,white,2,v6noA,1,0.5,1,1,0,0,0,0,0,0,0,1,NaN,NaN,NaN,NaN
dev,accel-step,white,2,v6noB,1,0.5,1,1,0,0,0,0,0,0,0,0,NaN,NaN,NaN,NaN
dev,accel-step,white,2,v6noC1,1,0.5,1,1,0,0,0,0,0,0,0,0,NaN,NaN,NaN,NaN
dev,accel-step,white,2,v6noC2,1,0.5,1,1,0,0,0,0,0,0,0,0,NaN,NaN,NaN,NaN
dev,accel-step,white,2,v6,1,0.5,1,1,0,0,0,0,0,0,0,0,NaN,NaN,NaN,NaN
dev,accel-step,white,3,v5,1,0.5,1,1,0,0,0,0,0,0,0,1,NaN,NaN,NaN,NaN
dev,accel-step,white,3,v6noA,1,0.5,1,1,0,0,0,0,0,0,0,1,NaN,NaN,NaN,NaN
dev,accel-step,white,3,v6noB,1,0.5,1,1,0,0,0,0,0,0,0,0,NaN,NaN,NaN,NaN
dev,accel-step,white,3,v6noC1,1,0.5,1,1,0,0,0,0,0,0,0,0,NaN,NaN,NaN,NaN
dev,accel-step,white,3,v6noC2,1,0.5,1,1,0,0,0,0,0,0,0,0,NaN,NaN,NaN,NaN
dev,accel-step,white,3,v6,1,0.5,1,1,0,0,0,0,0,0,0,0,NaN,NaN,NaN,NaN
dev,accel-step,white,4,v5,1,0.5,1,1,0,0,0,0,0,0,0,1,NaN,NaN,NaN,NaN
dev,accel-step,white,4,v6noA,1,0.5,1,1,0,0,0,0,0,0,0,1,NaN,NaN,NaN,NaN
dev,accel-step,white,4,v6noB,1,0.5,1,1,0,0,0,0,0,0,0,0,NaN,NaN,NaN,NaN
dev,accel-step,white,4,v6noC1,1,0.5,1,1,0,0,0,0,0,0,0,0,NaN,NaN,NaN,NaN
dev,accel-step,white,4,v6noC2,1,0.5,1,1,0,0,0,0,0,0,0,0,NaN,NaN,NaN,NaN
dev,accel-step,white,4,v6,1,0.5,1,1,0,0,0,0,0,0,0,0,NaN,NaN,NaN,NaN
dev,accel-step,white,5,v5,1,0.5,1,1,0,0,0,0,0,0,0,0,NaN,NaN,NaN,NaN
dev,accel-step,white,5,v6noA,1,0.5,1,1,0,0,0,0,0,0,0,0,NaN,NaN,NaN,NaN
dev,accel-step,white,5,v6noB,1,0.5,1,1,0,0,0,0,0,0,0,0,NaN,NaN,NaN,NaN
dev,accel-step,white,5,v6noC1,1,0.5,1,1,0,0,0,0,0,0,0,0,NaN,NaN,NaN,NaN
dev,accel-step,white,5,v6noC2,1,0.5,1,1,0,0,0,0,0,0,0,0,NaN,NaN,NaN,NaN
dev,accel-step,white,5,v6,1,0.5,1,1,0,0,0,0,0,0,0,0,NaN,NaN,NaN,NaN
dev,accel-step,white,6,v5,1,0.5,1,1,0.157894736842105,0.157894736842105,0,0,0,0,0,0,NaN,NaN,NaN,NaN
dev,accel-step,white,6,v6noA,1,0.5,1,1,0.157894736842105,0.157894736842105,0,0,0,0,0,0,NaN,NaN,NaN,NaN
dev,accel-step,white,6,v6noB,1,0.5,1,1,0.157894736842105,0.157894736842105,0,0,0,0,0,0,NaN,NaN,NaN,NaN
dev,accel-step,white,6,v6noC1,1,0.5,1,1,0.157894736842105,0.157894736842105,0,0,0,0,0,0,NaN,NaN,NaN,NaN
dev,accel-step,white,6,v6noC2,1,0.5,1,1,0.157894736842105,0.157894736842105,0,0,0,0,0,0,NaN,NaN,NaN,NaN
dev,accel-step,white,6,v6,1,0.5,1,1,0.157894736842105,0.157894736842105,0,0,0,0,0,0,NaN,NaN,NaN,NaN
dev,accel-step,white,7,v5,1,0.5,1,1,0,0,0,0,0,0,0,0,NaN,NaN,NaN,NaN
dev,accel-step,white,7,v6noA,1,0.5,1,1,0,0,0,0,0,0,0,0,NaN,NaN,NaN,NaN
dev,accel-step,white,7,v6noB,1,0.5,1,1,0,0,0,0,0,0,0,0,NaN,NaN,NaN,NaN
dev,accel-step,white,7,v6noC1,1,0.5,1,1,0,0,0,0,0,0,0,0,NaN,NaN,NaN,NaN
dev,accel-step,white,7,v6noC2,1,0.5,1,1,0,0,0,0,0,0,0,0,NaN,NaN,NaN,NaN
dev,accel-step,white,7,v6,1,0.5,1,1,0,0,0,0,0,0,0,0,NaN,NaN,NaN,NaN
dev,accel-step,white,8,v5,1,0.5,1,1,0,0,0,0,0,0,0,1,NaN,NaN,NaN,NaN
dev,accel-step,white,8,v6noA,1,0.5,1,1,0,0,0,0,0,0,0,1,NaN,NaN,NaN,NaN
dev,accel-step,white,8,v6noB,1,0.5,1,1,0,0,0,0,0,0,0,0,NaN,NaN,NaN,NaN
dev,accel-step,white,8,v6noC1,1,0.5,1,1,0,0,0,0,0,0,0,0,NaN,NaN,NaN,NaN
dev,accel-step,white,8,v6noC2,1,0.5,1,1,0,0,0,0,0,0,0,0,NaN,NaN,NaN,NaN
dev,accel-step,white,8,v6,1,0.5,1,1,0,0,0,0,0,0,0,0,NaN,NaN,NaN,NaN
dev,accel-step,white,9,v5,1,0.5,1,1,1.89473684210526,0.157894736842105,0,0,0,0,0,0,NaN,NaN,NaN,NaN
dev,accel-step,white,9,v6noA,1,0.5,1,1,1.89473684210526,0.315789473684211,1,0,0,0,0,0,NaN,NaN,NaN,NaN
dev,accel-step,white,9,v6noB,1,0.5,1,1,1.89473684210526,0.315789473684211,1,0,0,0,0,0,NaN,NaN,NaN,NaN
dev,accel-step,white,9,v6noC1,1,0.5,1,1,1.89473684210526,0.157894736842105,0,0,0,0,0,0,NaN,NaN,NaN,NaN
dev,accel-step,white,9,v6noC2,1,0.5,1,1,1.89473684210526,0.315789473684211,1,0,0,0,0,0,NaN,NaN,NaN,NaN
dev,accel-step,white,9,v6,1,0.5,1,1,1.89473684210526,0.315789473684211,1,0,0,0,0,0,NaN,NaN,NaN,NaN
dev,accel-step,colored,0,v5,1,1.5,0.372222222222222,0.372222222222222,6.47368421052632,0.631578947368421,0,0,0,0,0,0,NaN,NaN,NaN,NaN
dev,accel-step,colored,0,v6noA,1,1.5,0.994444444444444,0.216666666666667,6.47368421052632,0.789473684210526,1,1,0,0,0,0,NaN,NaN,NaN,NaN
dev,accel-step,colored,0,v6noB,1,1.5,0.994444444444444,0.216666666666667,6.47368421052632,0.789473684210526,1,1,0,0,0,0,NaN,NaN,NaN,NaN
dev,accel-step,colored,0,v6noC1,1,1.5,0.372222222222222,0.372222222222222,6.47368421052632,0.631578947368421,0,0,0,0,0,0,NaN,NaN,NaN,NaN
dev,accel-step,colored,0,v6noC2,1,1.5,0.994444444444444,0.216666666666667,6.47368421052632,0.789473684210526,1,1,0,0,0,0,NaN,NaN,NaN,NaN
dev,accel-step,colored,0,v6,1,1.5,0.994444444444444,0.216666666666667,6.47368421052632,0.789473684210526,1,1,0,0,0,0,NaN,NaN,NaN,NaN
dev,accel-step,colored,1,v5,1,1.5,0.216666666666667,0.216666666666667,0,0,0,0,0,0,0,1,NaN,NaN,NaN,NaN
dev,accel-step,colored,1,v6noA,1,1.5,0.994444444444444,0.216666666666667,0,0,0,1,0,0,0,1,NaN,NaN,NaN,NaN
dev,accel-step,colored,1,v6noB,1,1.5,0.994444444444444,0.216666666666667,0,0,0,1,0,0,0,0,NaN,NaN,NaN,NaN
dev,accel-step,colored,1,v6noC1,1,1.5,0.216666666666667,0.216666666666667,0,0,0,0,0,0,0,0,NaN,NaN,NaN,NaN
dev,accel-step,colored,1,v6noC2,1,1.5,0.994444444444444,0.216666666666667,0,0,0,1,0,0,0,0,NaN,NaN,NaN,NaN
dev,accel-step,colored,1,v6,1,1.5,0.994444444444444,0.216666666666667,0,0,0,1,0,0,0,0,NaN,NaN,NaN,NaN
dev,accel-step,colored,2,v5,1,1.5,0.994444444444444,0.994444444444444,0,0,0,0,0,0,0,1,NaN,NaN,NaN,NaN
dev,accel-step,colored,2,v6noA,1,1.5,0.994444444444444,0.994444444444444,0,0,0,0,0,0,0,1,NaN,NaN,NaN,NaN
dev,accel-step,colored,2,v6noB,1,1.5,0.994444444444444,0.994444444444444,0,0,0,0,0,0,0,0,NaN,NaN,NaN,NaN
dev,accel-step,colored,2,v6noC1,1,1.5,0.994444444444444,0.994444444444444,0,0,0,0,0,0,0,0,NaN,NaN,NaN,NaN
dev,accel-step,colored,2,v6noC2,1,1.5,0.994444444444444,0.994444444444444,0,0,0,0,0,0,0,0,NaN,NaN,NaN,NaN
dev,accel-step,colored,2,v6,1,1.5,0.994444444444444,0.994444444444444,0,0,0,0,0,0,0,0,NaN,NaN,NaN,NaN
dev,accel-step,colored,3,v5,1,1.5,0.994444444444444,0.994444444444444,0,0,0,0,0,0,0,1,NaN,NaN,NaN,NaN
dev,accel-step,colored,3,v6noA,1,1.5,0.994444444444444,0.994444444444444,0,0,0,0,0,0,0,1,NaN,NaN,NaN,NaN
dev,accel-step,colored,3,v6noB,1,1.5,0.994444444444444,0.994444444444444,0,0,0,0,0,0,0,0,NaN,NaN,NaN,NaN
dev,accel-step,colored,3,v6noC1,1,1.5,0.994444444444444,0.994444444444444,0,0,0,0,0,0,0,0,NaN,NaN,NaN,NaN
dev,accel-step,colored,3,v6noC2,1,1.5,0.994444444444444,0.994444444444444,0,0,0,0,0,0,0,0,NaN,NaN,NaN,NaN
dev,accel-step,colored,3,v6,1,1.5,0.994444444444444,0.994444444444444,0,0,0,0,0,0,0,0,NaN,NaN,NaN,NaN
dev,accel-step,colored,4,v5,1,1.5,0.994444444444444,0.994444444444444,5.68421052631579,0.473684210526316,0,0,0,0,0,1,NaN,NaN,NaN,NaN
dev,accel-step,colored,4,v6noA,1,1.5,0.994444444444444,0.994444444444444,5.68421052631579,0.473684210526316,0,0,0,0,0,1,NaN,NaN,NaN,NaN
dev,accel-step,colored,4,v6noB,1,1.5,0.994444444444444,0.994444444444444,0,0,0,0,0,0,0,0,NaN,NaN,NaN,NaN
dev,accel-step,colored,4,v6noC1,1,1.5,0.994444444444444,0.994444444444444,0,0,0,0,0,0,0,0,NaN,NaN,NaN,NaN
dev,accel-step,colored,4,v6noC2,1,1.5,0.994444444444444,0.994444444444444,0,0,0,0,0,0,0,0,NaN,NaN,NaN,NaN
dev,accel-step,colored,4,v6,1,1.5,0.994444444444444,0.994444444444444,0,0,0,0,0,0,0,0,NaN,NaN,NaN,NaN
dev,accel-step,colored,5,v5,1,1.5,0.816666666666667,0.816666666666667,5.68421052631579,0.315789473684211,0,0,0,0,0,0,NaN,NaN,NaN,NaN
dev,accel-step,colored,5,v6noA,1,1.5,0.994444444444444,0.816666666666667,5.68421052631579,0.315789473684211,0,1,0,0,0,0,NaN,NaN,NaN,NaN
dev,accel-step,colored,5,v6noB,1,1.5,0.994444444444444,0.816666666666667,5.68421052631579,0.315789473684211,0,1,0,0,0,0,NaN,NaN,NaN,NaN
dev,accel-step,colored,5,v6noC1,1,1.5,0.816666666666667,0.816666666666667,5.68421052631579,0.315789473684211,0,0,0,0,0,0,NaN,NaN,NaN,NaN
dev,accel-step,colored,5,v6noC2,1,1.5,0.994444444444444,0.816666666666667,5.68421052631579,0.315789473684211,0,1,0,0,0,0,NaN,NaN,NaN,NaN
dev,accel-step,colored,5,v6,1,1.5,0.994444444444444,0.816666666666667,5.68421052631579,0.315789473684211,0,1,0,0,0,0,NaN,NaN,NaN,NaN
dev,accel-step,colored,6,v5,1,1.5,0.994444444444444,0.994444444444444,2.68421052631579,0.157894736842105,0,0,0,0,0,0,NaN,NaN,NaN,NaN
dev,accel-step,colored,6,v6noA,1,1.5,0.994444444444444,0.994444444444444,2.68421052631579,0.157894736842105,0,0,0,0,0,0,NaN,NaN,NaN,NaN
dev,accel-step,colored,6,v6noB,1,1.5,0.994444444444444,0.994444444444444,2.68421052631579,0.157894736842105,0,0,0,0,0,0,NaN,NaN,NaN,NaN
dev,accel-step,colored,6,v6noC1,1,1.5,0.994444444444444,0.994444444444444,2.68421052631579,0.157894736842105,0,0,0,0,0,0,NaN,NaN,NaN,NaN
dev,accel-step,colored,6,v6noC2,1,1.5,0.994444444444444,0.994444444444444,2.68421052631579,0.157894736842105,0,0,0,0,0,0,NaN,NaN,NaN,NaN
dev,accel-step,colored,6,v6,1,1.5,0.994444444444444,0.994444444444444,2.68421052631579,0.157894736842105,0,0,0,0,0,0,NaN,NaN,NaN,NaN
dev,accel-step,colored,7,v5,1,0.5,1,1,0,0,0,0,0,0,0,0,NaN,NaN,NaN,NaN
dev,accel-step,colored,7,v6noA,1,0.5,1,1,0,0,0,0,0,0,0,0,NaN,NaN,NaN,NaN
dev,accel-step,colored,7,v6noB,1,0.5,1,1,0,0,0,0,0,0,0,0,NaN,NaN,NaN,NaN
dev,accel-step,colored,7,v6noC1,1,0.5,1,1,0,0,0,0,0,0,0,0,NaN,NaN,NaN,NaN
dev,accel-step,colored,7,v6noC2,1,0.5,1,1,0,0,0,0,0,0,0,0,NaN,NaN,NaN,NaN
dev,accel-step,colored,7,v6,1,0.5,1,1,0,0,0,0,0,0,0,0,NaN,NaN,NaN,NaN
dev,accel-step,colored,8,v5,1,1.5,0.994444444444444,0.994444444444444,0.157894736842105,0.157894736842105,0,0,0,0,0,1,NaN,NaN,NaN,NaN
dev,accel-step,colored,8,v6noA,1,1.5,0.994444444444444,0.994444444444444,0.157894736842105,0.157894736842105,0,0,0,0,0,1,NaN,NaN,NaN,NaN
dev,accel-step,colored,8,v6noB,1,1.5,0.994444444444444,0.994444444444444,0.157894736842105,0.157894736842105,0,0,0,0,0,0,NaN,NaN,NaN,NaN
dev,accel-step,colored,8,v6noC1,1,1.5,0.994444444444444,0.994444444444444,0.157894736842105,0.157894736842105,0,0,0,0,0,0,NaN,NaN,NaN,NaN
dev,accel-step,colored,8,v6noC2,1,1.5,0.994444444444444,0.994444444444444,0.157894736842105,0.157894736842105,0,0,0,0,0,0,NaN,NaN,NaN,NaN
dev,accel-step,colored,8,v6,1,1.5,0.994444444444444,0.994444444444444,0.157894736842105,0.157894736842105,0,0,0,0,0,0,NaN,NaN,NaN,NaN
dev,accel-step,colored,9,v5,1,3.5,0.266666666666667,0.266666666666667,0,0,0,0,0,0,0,0,NaN,NaN,NaN,NaN
dev,accel-step,colored,9,v6noA,1,3.5,0.983333333333333,0.266666666666667,0,0,0,1,0,0,0,0,NaN,NaN,NaN,NaN
dev,accel-step,colored,9,v6noB,1,3.5,0.983333333333333,0.266666666666667,0,0,0,1,0,0,0,0,NaN,NaN,NaN,NaN
dev,accel-step,colored,9,v6noC1,1,3.5,0.266666666666667,0.266666666666667,0,0,0,0,0,0,0,0,NaN,NaN,NaN,NaN
dev,accel-step,colored,9,v6noC2,1,3.5,0.983333333333333,0.266666666666667,0,0,0,1,0,0,0,0,NaN,NaN,NaN,NaN
dev,accel-step,colored,9,v6,1,3.5,0.983333333333333,0.266666666666667,0,0,0,1,0,0,0,0,NaN,NaN,NaN,NaN
dev,two-faults,white,0,v5,1,4.5,0.980952380952381,0.980952380952381,0,0,0,0,0,0,0,0,NaN,NaN,NaN,NaN
dev,two-faults,white,0,v6noA,1,4.5,0.542857142857143,0.542857142857143,0,0,0,0,0.236842105263158,0.428571428571429,0,0,NaN,NaN,NaN,NaN
dev,two-faults,white,0,v6noB,1,4.5,0.542857142857143,0.542857142857143,0,0,0,0,0.236842105263158,0.428571428571429,0,0,NaN,NaN,NaN,NaN
dev,two-faults,white,0,v6noC1,1,4.5,0.542857142857143,0.542857142857143,0,0,0,0,0.236842105263158,0.428571428571429,0,0,NaN,NaN,NaN,NaN
dev,two-faults,white,0,v6noC2,1,4.5,0.980952380952381,0.980952380952381,0,0,0,0,0,0,0,0,NaN,NaN,NaN,NaN
dev,two-faults,white,0,v6,1,4.5,0.542857142857143,0.542857142857143,0,0,0,0,0.236842105263158,0.428571428571429,0,0,NaN,NaN,NaN,NaN
dev,two-faults,white,1,v5,1,6.5,0.978571428571429,0.978571428571429,0,0,0,0,0,0,0,1,NaN,NaN,NaN,NaN
dev,two-faults,white,1,v6noA,1,6.5,0.569047619047619,0.569047619047619,0,0,0,0,0.213157894736842,0.385714285714286,0,1,NaN,NaN,NaN,NaN
dev,two-faults,white,1,v6noB,1,6.5,0.569047619047619,0.569047619047619,0,0,0,0,0.213157894736842,0.385714285714286,0,0,NaN,NaN,NaN,NaN
dev,two-faults,white,1,v6noC1,1,6.5,0.569047619047619,0.569047619047619,0,0,0,0,0.213157894736842,0.385714285714286,0,0,NaN,NaN,NaN,NaN
dev,two-faults,white,1,v6noC2,1,6.5,0.978571428571429,0.978571428571429,0,0,0,0,0,0,0,0,NaN,NaN,NaN,NaN
dev,two-faults,white,1,v6,1,6.5,0.569047619047619,0.569047619047619,0,0,0,0,0.213157894736842,0.385714285714286,0,0,NaN,NaN,NaN,NaN
dev,two-faults,white,2,v5,1,6.5,0.976190476190476,0.976190476190476,0,0,0,0,0,0,0,1,NaN,NaN,NaN,NaN
dev,two-faults,white,2,v6noA,1,6.5,0.564285714285714,0.564285714285714,0,0,0,0,0.207894736842105,0.376190476190476,0,1,NaN,NaN,NaN,NaN
dev,two-faults,white,2,v6noB,1,6.5,0.564285714285714,0.564285714285714,0,0,0,0,0.207894736842105,0.376190476190476,0,0,NaN,NaN,NaN,NaN
dev,two-faults,white,2,v6noC1,1,6.5,0.564285714285714,0.564285714285714,0,0,0,0,0.207894736842105,0.376190476190476,0,0,NaN,NaN,NaN,NaN
dev,two-faults,white,2,v6noC2,1,6.5,0.976190476190476,0.976190476190476,0,0,0,0,0,0,0,0,NaN,NaN,NaN,NaN
dev,two-faults,white,2,v6,1,6.5,0.564285714285714,0.564285714285714,0,0,0,0,0.207894736842105,0.376190476190476,0,0,NaN,NaN,NaN,NaN
dev,two-faults,white,3,v5,1,4.5,0.980952380952381,0.980952380952381,0,0,0,0,0,0,0,1,NaN,NaN,NaN,NaN
dev,two-faults,white,3,v6noA,1,4.5,0.445238095238095,0.445238095238095,0,0,0,0,0.289473684210526,0.523809523809524,0,1,NaN,NaN,NaN,NaN
dev,two-faults,white,3,v6noB,1,4.5,0.445238095238095,0.445238095238095,0,0,0,0,0.289473684210526,0.523809523809524,0,0,NaN,NaN,NaN,NaN
dev,two-faults,white,3,v6noC1,1,4.5,0.445238095238095,0.445238095238095,0,0,0,0,0.289473684210526,0.523809523809524,0,0,NaN,NaN,NaN,NaN
dev,two-faults,white,3,v6noC2,1,4.5,0.980952380952381,0.980952380952381,0,0,0,0,0,0,0,0,NaN,NaN,NaN,NaN
dev,two-faults,white,3,v6,1,4.5,0.445238095238095,0.445238095238095,0,0,0,0,0.289473684210526,0.523809523809524,0,0,NaN,NaN,NaN,NaN
dev,two-faults,white,4,v5,1,5.5,0.978571428571429,0.978571428571429,0,0,0,0,0,0,0,1,NaN,NaN,NaN,NaN
dev,two-faults,white,4,v6noA,1,5.5,0.545238095238095,0.545238095238095,0,0,0,0,0.228947368421053,0.414285714285714,0,1,NaN,NaN,NaN,NaN
dev,two-faults,white,4,v6noB,1,5.5,0.545238095238095,0.545238095238095,0,0,0,0,0.231578947368421,0.419047619047619,0,0,NaN,NaN,NaN,NaN
dev,two-faults,white,4,v6noC1,1,5.5,0.545238095238095,0.545238095238095,0,0,0,0,0.231578947368421,0.419047619047619,0,0,NaN,NaN,NaN,NaN
dev,two-faults,white,4,v6noC2,1,5.5,0.978571428571429,0.978571428571429,0,0,0,0,0,0,0,0,NaN,NaN,NaN,NaN
dev,two-faults,white,4,v6,1,5.5,0.545238095238095,0.545238095238095,0,0,0,0,0.231578947368421,0.419047619047619,0,0,NaN,NaN,NaN,NaN
dev,two-faults,white,5,v5,1,5.5,0.978571428571429,0.978571428571429,0,0,0,0,0,0,0,0,NaN,NaN,NaN,NaN
dev,two-faults,white,5,v6noA,1,5.5,0.661904761904762,0.661904761904762,0,0,0,0,0.163157894736842,0.295238095238095,0,0,NaN,NaN,NaN,NaN
dev,two-faults,white,5,v6noB,1,5.5,0.661904761904762,0.661904761904762,0,0,0,0,0.163157894736842,0.295238095238095,0,0,NaN,NaN,NaN,NaN
dev,two-faults,white,5,v6noC1,1,5.5,0.661904761904762,0.661904761904762,0,0,0,0,0.163157894736842,0.295238095238095,0,0,NaN,NaN,NaN,NaN
dev,two-faults,white,5,v6noC2,1,5.5,0.978571428571429,0.978571428571429,0,0,0,0,0,0,0,0,NaN,NaN,NaN,NaN
dev,two-faults,white,5,v6,1,5.5,0.661904761904762,0.661904761904762,0,0,0,0,0.163157894736842,0.295238095238095,0,0,NaN,NaN,NaN,NaN
dev,two-faults,white,6,v5,1,6.5,0.976190476190476,0.976190476190476,0.157894736842105,0.157894736842105,0,0,0,0,0,0,NaN,NaN,NaN,NaN
dev,two-faults,white,6,v6noA,1,6.5,0.419047619047619,0.419047619047619,0,0,0,0,0.305263157894737,0.552380952380952,0,0,NaN,NaN,NaN,NaN
dev,two-faults,white,6,v6noB,1,6.5,0.419047619047619,0.419047619047619,0,0,0,0,0.305263157894737,0.552380952380952,0,0,NaN,NaN,NaN,NaN
dev,two-faults,white,6,v6noC1,1,6.5,0.419047619047619,0.419047619047619,0,0,0,0,0.305263157894737,0.552380952380952,0,0,NaN,NaN,NaN,NaN
dev,two-faults,white,6,v6noC2,1,6.5,0.976190476190476,0.976190476190476,0.157894736842105,0.157894736842105,0,0,0,0,0,0,NaN,NaN,NaN,NaN
dev,two-faults,white,6,v6,1,6.5,0.419047619047619,0.419047619047619,0,0,0,0,0.305263157894737,0.552380952380952,0,0,NaN,NaN,NaN,NaN
dev,two-faults,white,7,v5,1,5.5,0.978571428571429,0.978571428571429,0,0,0,0,0,0,0,0,NaN,NaN,NaN,NaN
dev,two-faults,white,7,v6noA,1,5.5,0.545238095238095,0.545238095238095,0,0,0,0,0.236842105263158,0.428571428571429,0,0,NaN,NaN,NaN,NaN
dev,two-faults,white,7,v6noB,1,5.5,0.545238095238095,0.545238095238095,0,0,0,0,0.236842105263158,0.428571428571429,0,0,NaN,NaN,NaN,NaN
dev,two-faults,white,7,v6noC1,1,5.5,0.545238095238095,0.545238095238095,0,0,0,0,0.236842105263158,0.428571428571429,0,0,NaN,NaN,NaN,NaN
dev,two-faults,white,7,v6noC2,1,5.5,0.978571428571429,0.978571428571429,0,0,0,0,0,0,0,0,NaN,NaN,NaN,NaN
dev,two-faults,white,7,v6,1,5.5,0.545238095238095,0.545238095238095,0,0,0,0,0.236842105263158,0.428571428571429,0,0,NaN,NaN,NaN,NaN
dev,two-faults,white,8,v5,1,4.5,0.971428571428571,0.971428571428571,0,0,0,0,0,0,0,1,NaN,NaN,NaN,NaN
dev,two-faults,white,8,v6noA,1,4.5,0.695238095238095,0.695238095238095,0,0,0,1,0.0763157894736842,0.138095238095238,0,1,NaN,NaN,NaN,NaN
dev,two-faults,white,8,v6noB,1,4.5,0.695238095238095,0.695238095238095,0,0,0,1,0.0763157894736842,0.138095238095238,0,0,NaN,NaN,NaN,NaN
dev,two-faults,white,8,v6noC1,1,4.5,0.680952380952381,0.680952380952381,0,0,0,0,0.160526315789474,0.29047619047619,0,0,NaN,NaN,NaN,NaN
dev,two-faults,white,8,v6noC2,1,4.5,0.833333333333333,0.833333333333333,0,0,0,1,0,0,0,0,NaN,NaN,NaN,NaN
dev,two-faults,white,8,v6,1,4.5,0.695238095238095,0.695238095238095,0,0,0,1,0.0763157894736842,0.138095238095238,0,0,NaN,NaN,NaN,NaN
dev,two-faults,white,9,v5,1,6.5,0.978571428571429,0.978571428571429,1.89473684210526,0.157894736842105,0,0,0,0,0,0,NaN,NaN,NaN,NaN
dev,two-faults,white,9,v6noA,1,6.5,0.55,0.55,1.89473684210526,0.315789473684211,1,0,0.231578947368421,0.419047619047619,0,0,NaN,NaN,NaN,NaN
dev,two-faults,white,9,v6noB,1,6.5,0.55,0.55,1.89473684210526,0.315789473684211,1,0,0.231578947368421,0.419047619047619,0,0,NaN,NaN,NaN,NaN
dev,two-faults,white,9,v6noC1,1,6.5,0.55,0.55,1.89473684210526,0.157894736842105,0,0,0.231578947368421,0.419047619047619,0,0,NaN,NaN,NaN,NaN
dev,two-faults,white,9,v6noC2,1,6.5,0.978571428571429,0.978571428571429,1.89473684210526,0.315789473684211,1,0,0,0,0,0,NaN,NaN,NaN,NaN
dev,two-faults,white,9,v6,1,6.5,0.55,0.55,1.89473684210526,0.315789473684211,1,0,0.231578947368421,0.419047619047619,0,0,NaN,NaN,NaN,NaN
dev,two-faults,colored,0,v5,1,40.5,0.845238095238095,0.845238095238095,6.47368421052632,0.631578947368421,0,0,0,0,0,0,NaN,NaN,NaN,NaN
dev,two-faults,colored,0,v6noA,1,40.5,0.642857142857143,0.642857142857143,6.47368421052632,0.789473684210526,1,0,0.0947368421052632,0.171428571428571,0,0,NaN,NaN,NaN,NaN
dev,two-faults,colored,0,v6noB,1,40.5,0.642857142857143,0.642857142857143,6.47368421052632,0.789473684210526,1,0,0.0947368421052632,0.171428571428571,0,0,NaN,NaN,NaN,NaN
dev,two-faults,colored,0,v6noC1,1,40.5,0.642857142857143,0.642857142857143,6.47368421052632,0.631578947368421,0,0,0.0947368421052632,0.171428571428571,0,0,NaN,NaN,NaN,NaN
dev,two-faults,colored,0,v6noC2,1,40.5,0.845238095238095,0.845238095238095,6.47368421052632,0.789473684210526,1,0,0,0,0,0,NaN,NaN,NaN,NaN
dev,two-faults,colored,0,v6,1,40.5,0.642857142857143,0.642857142857143,6.47368421052632,0.789473684210526,1,0,0.0947368421052632,0.171428571428571,0,0,NaN,NaN,NaN,NaN
dev,two-faults,colored,1,v5,1,43.5,0.866666666666667,0.866666666666667,0,0,0,0,0,0,0,1,NaN,NaN,NaN,NaN
dev,two-faults,colored,1,v6noA,1,43.5,0.626190476190476,0.626190476190476,0,0,0,0,0.0973684210526316,0.176190476190476,0,1,NaN,NaN,NaN,NaN
dev,two-faults,colored,1,v6noB,1,43.5,0.626190476190476,0.626190476190476,0,0,0,0,0.0973684210526316,0.176190476190476,0,0,NaN,NaN,NaN,NaN
dev,two-faults,colored,1,v6noC1,1,43.5,0.626190476190476,0.626190476190476,0,0,0,0,0.0973684210526316,0.176190476190476,0,0,NaN,NaN,NaN,NaN
dev,two-faults,colored,1,v6noC2,1,43.5,0.866666666666667,0.866666666666667,0,0,0,0,0,0,0,0,NaN,NaN,NaN,NaN
dev,two-faults,colored,1,v6,1,43.5,0.626190476190476,0.626190476190476,0,0,0,0,0.0973684210526316,0.176190476190476,0,0,NaN,NaN,NaN,NaN
dev,two-faults,colored,2,v5,1,25.5,0.895238095238095,0.895238095238095,0,0,0,0,0,0,0,1,NaN,NaN,NaN,NaN
dev,two-faults,colored,2,v6noA,1,25.5,0.530952380952381,0.530952380952381,0,0,0,0,0.194736842105263,0.352380952380952,0,1,NaN,NaN,NaN,NaN
dev,two-faults,colored,2,v6noB,1,25.5,0.530952380952381,0.530952380952381,0,0,0,0,0.194736842105263,0.352380952380952,0,0,NaN,NaN,NaN,NaN
dev,two-faults,colored,2,v6noC1,1,25.5,0.530952380952381,0.530952380952381,0,0,0,0,0.194736842105263,0.352380952380952,0,0,NaN,NaN,NaN,NaN
dev,two-faults,colored,2,v6noC2,1,25.5,0.895238095238095,0.895238095238095,0,0,0,0,0,0,0,0,NaN,NaN,NaN,NaN
dev,two-faults,colored,2,v6,1,25.5,0.530952380952381,0.530952380952381,0,0,0,0,0.194736842105263,0.352380952380952,0,0,NaN,NaN,NaN,NaN
dev,two-faults,colored,3,v5,1,25.5,0.902380952380952,0.902380952380952,0,0,0,0,0,0,0,1,NaN,NaN,NaN,NaN
dev,two-faults,colored,3,v6noA,1,25.5,0.604761904761905,0.604761904761905,0,0,0,0,0.107894736842105,0.185714285714286,0,1,NaN,NaN,NaN,NaN
dev,two-faults,colored,3,v6noB,1,25.5,0.607142857142857,0.607142857142857,0,0,0,0,0.105263157894737,0.183333333333333,0,0,NaN,NaN,NaN,NaN
dev,two-faults,colored,3,v6noC1,1,25.5,0.607142857142857,0.607142857142857,0,0,0,0,0.105263157894737,0.183333333333333,0,0,NaN,NaN,NaN,NaN
dev,two-faults,colored,3,v6noC2,1,25.5,0.902380952380952,0.902380952380952,0,0,0,0,0,0,0,0,NaN,NaN,NaN,NaN
dev,two-faults,colored,3,v6,1,25.5,0.607142857142857,0.607142857142857,0,0,0,0,0.105263157894737,0.183333333333333,0,0,NaN,NaN,NaN,NaN
dev,two-faults,colored,4,v5,1,31.5,0.880952380952381,0.880952380952381,5.68421052631579,0.473684210526316,0,0,0,0,0,1,NaN,NaN,NaN,NaN
dev,two-faults,colored,4,v6noA,1,31.5,0.580952380952381,0.580952380952381,5.68421052631579,0.473684210526316,0,0,0.144736842105263,0.261904761904762,0,1,NaN,NaN,NaN,NaN
dev,two-faults,colored,4,v6noB,1,31.5,0.580952380952381,0.580952380952381,0,0,0,0,0.144736842105263,0.261904761904762,0,0,NaN,NaN,NaN,NaN
dev,two-faults,colored,4,v6noC1,1,31.5,0.580952380952381,0.580952380952381,0,0,0,0,0.144736842105263,0.261904761904762,0,0,NaN,NaN,NaN,NaN
dev,two-faults,colored,4,v6noC2,1,31.5,0.880952380952381,0.880952380952381,0,0,0,0,0,0,0,0,NaN,NaN,NaN,NaN
dev,two-faults,colored,4,v6,1,31.5,0.580952380952381,0.580952380952381,0,0,0,0,0.144736842105263,0.261904761904762,0,0,NaN,NaN,NaN,NaN
dev,two-faults,colored,5,v5,1,30.5,0.876190476190476,0.876190476190476,5.68421052631579,0.315789473684211,0,0,0,0,0,0,NaN,NaN,NaN,NaN
dev,two-faults,colored,5,v6noA,1,30.5,0.70952380952381,0.70952380952381,5.68421052631579,0.315789473684211,0,1,0.0236842105263158,0.0428571428571429,0,0,NaN,NaN,NaN,NaN
dev,two-faults,colored,5,v6noB,1,30.5,0.70952380952381,0.70952380952381,5.68421052631579,0.315789473684211,0,1,0.0236842105263158,0.0428571428571429,0,0,NaN,NaN,NaN,NaN
dev,two-faults,colored,5,v6noC1,1,30.5,0.564285714285714,0.564285714285714,5.68421052631579,0.315789473684211,0,0,0.171052631578947,0.30952380952381,0,0,NaN,NaN,NaN,NaN
dev,two-faults,colored,5,v6noC2,1,30.5,0.807142857142857,0.807142857142857,5.68421052631579,0.315789473684211,0,1,0,0,0,0,NaN,NaN,NaN,NaN
dev,two-faults,colored,5,v6,1,30.5,0.70952380952381,0.70952380952381,5.68421052631579,0.315789473684211,0,1,0.0236842105263158,0.0428571428571429,0,0,NaN,NaN,NaN,NaN
dev,two-faults,colored,6,v5,1,32.5,0.871428571428571,0.871428571428571,2.68421052631579,0.157894736842105,0,0,0,0,0,0,NaN,NaN,NaN,NaN
dev,two-faults,colored,6,v6noA,1,32.5,0.592857142857143,0.592857142857143,2.68421052631579,0.157894736842105,0,0,0.123684210526316,0.223809523809524,0,0,NaN,NaN,NaN,NaN
dev,two-faults,colored,6,v6noB,1,32.5,0.592857142857143,0.592857142857143,2.68421052631579,0.157894736842105,0,0,0.123684210526316,0.223809523809524,0,0,NaN,NaN,NaN,NaN
dev,two-faults,colored,6,v6noC1,1,32.5,0.592857142857143,0.592857142857143,2.68421052631579,0.157894736842105,0,0,0.123684210526316,0.223809523809524,0,0,NaN,NaN,NaN,NaN
dev,two-faults,colored,6,v6noC2,1,32.5,0.871428571428571,0.871428571428571,2.68421052631579,0.157894736842105,0,0,0,0,0,0,NaN,NaN,NaN,NaN
dev,two-faults,colored,6,v6,1,32.5,0.592857142857143,0.592857142857143,2.68421052631579,0.157894736842105,0,0,0.123684210526316,0.223809523809524,0,0,NaN,NaN,NaN,NaN
dev,two-faults,colored,7,v5,1,31.5,0.897619047619048,0.897619047619048,0,0,0,0,0,0,0,0,NaN,NaN,NaN,NaN
dev,two-faults,colored,7,v6noA,1,31.5,0.754761904761905,0.754761904761905,0,0,0,0,0.0289473684210526,0.0523809523809524,0,0,NaN,NaN,NaN,NaN
dev,two-faults,colored,7,v6noB,1,31.5,0.754761904761905,0.754761904761905,0,0,0,0,0.0289473684210526,0.0523809523809524,0,0,NaN,NaN,NaN,NaN
dev,two-faults,colored,7,v6noC1,1,31.5,0.754761904761905,0.754761904761905,0,0,0,0,0.0289473684210526,0.0523809523809524,0,0,NaN,NaN,NaN,NaN
dev,two-faults,colored,7,v6noC2,1,31.5,0.897619047619048,0.897619047619048,0,0,0,0,0,0,0,0,NaN,NaN,NaN,NaN
dev,two-faults,colored,7,v6,1,31.5,0.754761904761905,0.754761904761905,0,0,0,0,0.0289473684210526,0.0523809523809524,0,0,NaN,NaN,NaN,NaN
dev,two-faults,colored,8,v5,1,41.5,0.85,0.85,0.157894736842105,0.157894736842105,0,0,0,0,0,1,NaN,NaN,NaN,NaN
dev,two-faults,colored,8,v6noA,1,41.5,0.595238095238095,0.595238095238095,0.157894736842105,0.157894736842105,0,0,0.105263157894737,0.19047619047619,0,1,NaN,NaN,NaN,NaN
dev,two-faults,colored,8,v6noB,1,41.5,0.595238095238095,0.595238095238095,0.157894736842105,0.157894736842105,0,0,0.105263157894737,0.19047619047619,0,0,NaN,NaN,NaN,NaN
dev,two-faults,colored,8,v6noC1,1,41.5,0.595238095238095,0.595238095238095,0.157894736842105,0.157894736842105,0,0,0.105263157894737,0.19047619047619,0,0,NaN,NaN,NaN,NaN
dev,two-faults,colored,8,v6noC2,1,41.5,0.85,0.85,0.157894736842105,0.157894736842105,0,0,0,0,0,0,NaN,NaN,NaN,NaN
dev,two-faults,colored,8,v6,1,41.5,0.595238095238095,0.595238095238095,0.157894736842105,0.157894736842105,0,0,0.105263157894737,0.19047619047619,0,0,NaN,NaN,NaN,NaN
dev,two-faults,colored,9,v5,1,46.5,0.85952380952381,0.85952380952381,0,0,0,0,0,0,0,0,NaN,NaN,NaN,NaN
dev,two-faults,colored,9,v6noA,1,46.5,0.580952380952381,0.580952380952381,0,0,0,0,0.152631578947368,0.276190476190476,0,0,NaN,NaN,NaN,NaN
dev,two-faults,colored,9,v6noB,1,46.5,0.580952380952381,0.580952380952381,0,0,0,0,0.152631578947368,0.276190476190476,0,0,NaN,NaN,NaN,NaN
dev,two-faults,colored,9,v6noC1,1,46.5,0.580952380952381,0.580952380952381,0,0,0,0,0.152631578947368,0.276190476190476,0,0,NaN,NaN,NaN,NaN
dev,two-faults,colored,9,v6noC2,1,46.5,0.85952380952381,0.85952380952381,0,0,0,0,0,0,0,0,NaN,NaN,NaN,NaN
dev,two-faults,colored,9,v6,1,46.5,0.580952380952381,0.580952380952381,0,0,0,0,0.152631578947368,0.276190476190476,0,0,NaN,NaN,NaN,NaN
dev,emi,white,0,v5,NaN,NaN,NaN,NaN,23.2105263157895,1.10526315789474,0,0,0,NaN,0,0,0.503225806451613,NaN,NaN,NaN
dev,emi,white,0,v6noA,NaN,NaN,NaN,NaN,0,0,0,0,0,NaN,0,0,0,NaN,NaN,NaN
dev,emi,white,0,v6noB,NaN,NaN,NaN,NaN,23.2105263157895,1.57894736842105,3,0,0,NaN,0,0,0.503225806451613,NaN,NaN,NaN
dev,emi,white,0,v6noC1,NaN,NaN,NaN,NaN,0,0,0,0,0,NaN,0,0,0,NaN,NaN,NaN
dev,emi,white,0,v6noC2,NaN,NaN,NaN,NaN,0,0,0,0,0,NaN,0,0,0,NaN,NaN,NaN
dev,emi,white,0,v6,NaN,NaN,NaN,NaN,0,0,0,0,0,NaN,0,0,0,NaN,NaN,NaN
dev,emi,white,1,v5,NaN,NaN,NaN,NaN,14.2105263157895,0.947368421052632,0,0,0,NaN,0,1,0.329032258064516,NaN,NaN,NaN
dev,emi,white,1,v6noA,NaN,NaN,NaN,NaN,0,0,0,0,0,NaN,0,1,0,NaN,NaN,NaN
dev,emi,white,1,v6noB,NaN,NaN,NaN,NaN,14.2105263157895,1.10526315789474,1,0,0,NaN,0,0,0.329032258064516,NaN,NaN,NaN
dev,emi,white,1,v6noC1,NaN,NaN,NaN,NaN,0,0,0,0,0,NaN,0,0,0,NaN,NaN,NaN
dev,emi,white,1,v6noC2,NaN,NaN,NaN,NaN,0,0,0,0,0,NaN,0,0,0,NaN,NaN,NaN
dev,emi,white,1,v6,NaN,NaN,NaN,NaN,0,0,0,0,0,NaN,0,0,0,NaN,NaN,NaN
dev,emi,white,2,v5,NaN,NaN,NaN,NaN,10.1052631578947,0.947368421052632,0,0,0,NaN,0,1,0.212903225806452,NaN,NaN,NaN
dev,emi,white,2,v6noA,NaN,NaN,NaN,NaN,0,0,0,0,0,NaN,0,1,0,NaN,NaN,NaN
dev,emi,white,2,v6noB,NaN,NaN,NaN,NaN,10.1052631578947,0.947368421052632,0,0,0,NaN,0,0,0.212903225806452,NaN,NaN,NaN
dev,emi,white,2,v6noC1,NaN,NaN,NaN,NaN,0,0,0,0,0,NaN,0,0,0,NaN,NaN,NaN
dev,emi,white,2,v6noC2,NaN,NaN,NaN,NaN,0,0,0,0,0,NaN,0,0,0,NaN,NaN,NaN
dev,emi,white,2,v6,NaN,NaN,NaN,NaN,0,0,0,0,0,NaN,0,0,0,NaN,NaN,NaN
dev,emi,white,3,v5,NaN,NaN,NaN,NaN,13.1052631578947,0.947368421052632,0,0,0,NaN,0,1,0.283870967741935,NaN,NaN,NaN
dev,emi,white,3,v6noA,NaN,NaN,NaN,NaN,0,0,0,0,0,NaN,0,1,0,NaN,NaN,NaN
dev,emi,white,3,v6noB,NaN,NaN,NaN,NaN,13.1052631578947,1.10526315789474,1,0,0,NaN,0,0,0.283870967741935,NaN,NaN,NaN
dev,emi,white,3,v6noC1,NaN,NaN,NaN,NaN,0,0,0,0,0,NaN,0,0,0,NaN,NaN,NaN
dev,emi,white,3,v6noC2,NaN,NaN,NaN,NaN,0,0,0,0,0,NaN,0,0,0,NaN,NaN,NaN
dev,emi,white,3,v6,NaN,NaN,NaN,NaN,0,0,0,0,0,NaN,0,0,0,NaN,NaN,NaN
dev,emi,white,4,v5,NaN,NaN,NaN,NaN,15,2.21052631578947,0,0,0,NaN,0,1,0.354838709677419,NaN,NaN,NaN
dev,emi,white,4,v6noA,NaN,NaN,NaN,NaN,0,0,0,0,0,NaN,0,1,0,NaN,NaN,NaN
dev,emi,white,4,v6noB,NaN,NaN,NaN,NaN,13.7368421052632,1.57894736842105,0,0,0,NaN,0,0,0.303225806451613,NaN,NaN,NaN
dev,emi,white,4,v6noC1,NaN,NaN,NaN,NaN,0,0,0,0,0,NaN,0,0,0,NaN,NaN,NaN
dev,emi,white,4,v6noC2,NaN,NaN,NaN,NaN,0,0,0,0,0,NaN,0,0,0,NaN,NaN,NaN
dev,emi,white,4,v6,NaN,NaN,NaN,NaN,0,0,0,0,0,NaN,0,0,0,NaN,NaN,NaN
dev,emi,white,5,v5,NaN,NaN,NaN,NaN,10.5789473684211,1.26315789473684,0,0,0,NaN,0,0,0.245161290322581,NaN,NaN,NaN
dev,emi,white,5,v6noA,NaN,NaN,NaN,NaN,0,0,0,0,0,NaN,0,0,0,NaN,NaN,NaN
dev,emi,white,5,v6noB,NaN,NaN,NaN,NaN,10.5789473684211,1.26315789473684,0,0,0,NaN,0,0,0.245161290322581,NaN,NaN,NaN
dev,emi,white,5,v6noC1,NaN,NaN,NaN,NaN,0,0,0,0,0,NaN,0,0,0,NaN,NaN,NaN
dev,emi,white,5,v6noC2,NaN,NaN,NaN,NaN,0,0,0,0,0,NaN,0,0,0,NaN,NaN,NaN
dev,emi,white,5,v6,NaN,NaN,NaN,NaN,0,0,0,0,0,NaN,0,0,0,NaN,NaN,NaN
dev,emi,white,6,v5,NaN,NaN,NaN,NaN,5.84210526315789,1.10526315789474,0,0,0,NaN,0,0,0.0967741935483871,NaN,NaN,NaN
dev,emi,white,6,v6noA,NaN,NaN,NaN,NaN,0.157894736842105,0.157894736842105,0,0,0,NaN,0,0,0,NaN,NaN,NaN
dev,emi,white,6,v6noB,NaN,NaN,NaN,NaN,5.84210526315789,1.10526315789474,0,0,0,NaN,0,0,0.0967741935483871,NaN,NaN,NaN
dev,emi,white,6,v6noC1,NaN,NaN,NaN,NaN,0.157894736842105,0.157894736842105,0,0,0,NaN,0,0,0,NaN,NaN,NaN
dev,emi,white,6,v6noC2,NaN,NaN,NaN,NaN,0.157894736842105,0.157894736842105,0,0,0,NaN,0,0,0,NaN,NaN,NaN
dev,emi,white,6,v6,NaN,NaN,NaN,NaN,0.157894736842105,0.157894736842105,0,0,0,NaN,0,0,0,NaN,NaN,NaN
dev,emi,white,7,v5,NaN,NaN,NaN,NaN,11.8421052631579,0.947368421052632,0,0,0,NaN,0,0,0.264516129032258,NaN,NaN,NaN
dev,emi,white,7,v6noA,NaN,NaN,NaN,NaN,0,0,0,0,0,NaN,0,0,0,NaN,NaN,NaN
dev,emi,white,7,v6noB,NaN,NaN,NaN,NaN,11.8421052631579,1.10526315789474,1,0,0,NaN,0,0,0.264516129032258,NaN,NaN,NaN
dev,emi,white,7,v6noC1,NaN,NaN,NaN,NaN,0,0,0,0,0,NaN,0,0,0,NaN,NaN,NaN
dev,emi,white,7,v6noC2,NaN,NaN,NaN,NaN,0,0,0,0,0,NaN,0,0,0,NaN,NaN,NaN
dev,emi,white,7,v6,NaN,NaN,NaN,NaN,0,0,0,0,0,NaN,0,0,0,NaN,NaN,NaN
dev,emi,white,8,v5,NaN,NaN,NaN,NaN,19.2631578947368,1.42105263157895,0,0,0,NaN,0,1,0.438709677419355,NaN,NaN,NaN
dev,emi,white,8,v6noA,NaN,NaN,NaN,NaN,0,0,0,0,0,NaN,0,1,0,NaN,NaN,NaN
dev,emi,white,8,v6noB,NaN,NaN,NaN,NaN,19.2631578947368,1.57894736842105,1,0,0,NaN,0,0,0.438709677419355,NaN,NaN,NaN
dev,emi,white,8,v6noC1,NaN,NaN,NaN,NaN,0,0,0,0,0,NaN,0,0,0,NaN,NaN,NaN
dev,emi,white,8,v6noC2,NaN,NaN,NaN,NaN,0,0,0,0,0,NaN,0,0,0,NaN,NaN,NaN
dev,emi,white,8,v6,NaN,NaN,NaN,NaN,0,0,0,0,0,NaN,0,0,0,NaN,NaN,NaN
dev,emi,white,9,v5,NaN,NaN,NaN,NaN,8.52631578947368,0.789473684210526,0,0,0,NaN,0,0,0.141935483870968,NaN,NaN,NaN
dev,emi,white,9,v6noA,NaN,NaN,NaN,NaN,1.89473684210526,0.315789473684211,1,0,0,NaN,0,0,0,NaN,NaN,NaN
dev,emi,white,9,v6noB,NaN,NaN,NaN,NaN,8.36842105263158,0.947368421052632,1,0,0,NaN,0,0,0.135483870967742,NaN,NaN,NaN
dev,emi,white,9,v6noC1,NaN,NaN,NaN,NaN,1.89473684210526,0.157894736842105,0,0,0,NaN,0,0,0,NaN,NaN,NaN
dev,emi,white,9,v6noC2,NaN,NaN,NaN,NaN,1.89473684210526,0.315789473684211,1,0,0,NaN,0,0,0,NaN,NaN,NaN
dev,emi,white,9,v6,NaN,NaN,NaN,NaN,1.89473684210526,0.315789473684211,1,0,0,NaN,0,0,0,NaN,NaN,NaN
dev,emi,colored,0,v5,NaN,NaN,NaN,NaN,38.2105263157895,1.10526315789474,0,0,0,NaN,0,0,0.980645161290323,NaN,NaN,NaN
dev,emi,colored,0,v6noA,NaN,NaN,NaN,NaN,6.47368421052632,0.789473684210526,1,0,0,NaN,0,0,0,NaN,NaN,NaN
dev,emi,colored,0,v6noB,NaN,NaN,NaN,NaN,38.2105263157895,1.57894736842105,3,0,0,NaN,0,0,0.980645161290323,NaN,NaN,NaN
dev,emi,colored,0,v6noC1,NaN,NaN,NaN,NaN,6.47368421052632,0.631578947368421,0,0,0,NaN,0,0,0,NaN,NaN,NaN
dev,emi,colored,0,v6noC2,NaN,NaN,NaN,NaN,6.47368421052632,0.789473684210526,1,0,0,NaN,0,0,0,NaN,NaN,NaN
dev,emi,colored,0,v6,NaN,NaN,NaN,NaN,6.47368421052632,0.789473684210526,1,0,0,NaN,0,0,0,NaN,NaN,NaN
dev,emi,colored,1,v5,NaN,NaN,NaN,NaN,7.57894736842105,0.789473684210526,0,0,0,NaN,0,1,0.154838709677419,NaN,NaN,NaN
dev,emi,colored,1,v6noA,NaN,NaN,NaN,NaN,0,0,0,0,0,NaN,0,1,0,NaN,NaN,NaN
dev,emi,colored,1,v6noB,NaN,NaN,NaN,NaN,7.57894736842105,0.947368421052632,1,0,0,NaN,0,0,0.154838709677419,NaN,NaN,NaN
dev,emi,colored,1,v6noC1,NaN,NaN,NaN,NaN,0,0,0,0,0,NaN,0,0,0,NaN,NaN,NaN
dev,emi,colored,1,v6noC2,NaN,NaN,NaN,NaN,0,0,0,0,0,NaN,0,0,0,NaN,NaN,NaN
dev,emi,colored,1,v6,NaN,NaN,NaN,NaN,0,0,0,0,0,NaN,0,0,0,NaN,NaN,NaN
dev,emi,colored,2,v5,NaN,NaN,NaN,NaN,4.10526315789474,0.473684210526316,0,0,0,NaN,0,1,0.116129032258065,NaN,NaN,NaN
dev,emi,colored,2,v6noA,NaN,NaN,NaN,NaN,0,0,0,0,0,NaN,0,1,0,NaN,NaN,NaN
dev,emi,colored,2,v6noB,NaN,NaN,NaN,NaN,4.10526315789474,0.473684210526316,0,0,0,NaN,0,0,0.116129032258065,NaN,NaN,NaN
dev,emi,colored,2,v6noC1,NaN,NaN,NaN,NaN,0,0,0,0,0,NaN,0,0,0,NaN,NaN,NaN
dev,emi,colored,2,v6noC2,NaN,NaN,NaN,NaN,0,0,0,0,0,NaN,0,0,0,NaN,NaN,NaN
dev,emi,colored,2,v6,NaN,NaN,NaN,NaN,0,0,0,0,0,NaN,0,0,0,NaN,NaN,NaN
dev,emi,colored,3,v5,NaN,NaN,NaN,NaN,4.10526315789474,0.473684210526316,0,0,0,NaN,0,1,0.135483870967742,NaN,NaN,NaN
dev,emi,colored,3,v6noA,NaN,NaN,NaN,NaN,0,0,0,0,0,NaN,0,1,0,NaN,NaN,NaN
dev,emi,colored,3,v6noB,NaN,NaN,NaN,NaN,4.10526315789474,0.473684210526316,0,0,0,NaN,0,0,0.135483870967742,NaN,NaN,NaN
dev,emi,colored,3,v6noC1,NaN,NaN,NaN,NaN,0,0,0,0,0,NaN,0,0,0,NaN,NaN,NaN
dev,emi,colored,3,v6noC2,NaN,NaN,NaN,NaN,0,0,0,0,0,NaN,0,0,0,NaN,NaN,NaN
dev,emi,colored,3,v6,NaN,NaN,NaN,NaN,0,0,0,0,0,NaN,0,0,0,NaN,NaN,NaN
dev,emi,colored,4,v5,NaN,NaN,NaN,NaN,18.3157894736842,2.05263157894737,0,0,0,NaN,0,1,0.27741935483871,NaN,NaN,NaN
dev,emi,colored,4,v6noA,NaN,NaN,NaN,NaN,5.68421052631579,0.473684210526316,0,0,0,NaN,0,1,0,NaN,NaN,NaN
dev,emi,colored,4,v6noB,NaN,NaN,NaN,NaN,12.6315789473684,1.57894736842105,0,0,0,NaN,0,0,0.27741935483871,NaN,NaN,NaN
dev,emi,colored,4,v6noC1,NaN,NaN,NaN,NaN,0,0,0,0,0,NaN,0,0,0,NaN,NaN,NaN
dev,emi,colored,4,v6noC2,NaN,NaN,NaN,NaN,0,0,0,0,0,NaN,0,0,0,NaN,NaN,NaN
dev,emi,colored,4,v6,NaN,NaN,NaN,NaN,0,0,0,0,0,NaN,0,0,0,NaN,NaN,NaN
dev,emi,colored,5,v5,NaN,NaN,NaN,NaN,14.6842105263158,0.947368421052632,0,0,0,NaN,0,0,0.251612903225806,NaN,NaN,NaN
dev,emi,colored,5,v6noA,NaN,NaN,NaN,NaN,3.94736842105263,0.315789473684211,0,0,0.0131578947368421,NaN,0,0,0,NaN,NaN,NaN
dev,emi,colored,5,v6noB,NaN,NaN,NaN,NaN,3.94736842105263,0.315789473684211,0,0,0.0131578947368421,NaN,0,0,0,NaN,NaN,NaN
dev,emi,colored,5,v6noC1,NaN,NaN,NaN,NaN,3.94736842105263,0.315789473684211,0,0,0.0131578947368421,NaN,0,0,0,NaN,NaN,NaN
dev,emi,colored,5,v6noC2,NaN,NaN,NaN,NaN,5.68421052631579,0.315789473684211,0,0,0,NaN,0,0,0,NaN,NaN,NaN
dev,emi,colored,5,v6,NaN,NaN,NaN,NaN,3.94736842105263,0.315789473684211,0,0,0.0131578947368421,NaN,0,0,0,NaN,NaN,NaN
dev,emi,colored,6,v5,NaN,NaN,NaN,NaN,18.4736842105263,0.947368421052632,0,0,0,NaN,0,0,0.432258064516129,NaN,NaN,NaN
dev,emi,colored,6,v6noA,NaN,NaN,NaN,NaN,2.68421052631579,0.157894736842105,0,0,0,NaN,0,0,0,NaN,NaN,NaN
dev,emi,colored,6,v6noB,NaN,NaN,NaN,NaN,18.4736842105263,1.10526315789474,1,0,0,NaN,0,0,0.432258064516129,NaN,NaN,NaN
dev,emi,colored,6,v6noC1,NaN,NaN,NaN,NaN,2.68421052631579,0.157894736842105,0,0,0,NaN,0,0,0,NaN,NaN,NaN
dev,emi,colored,6,v6noC2,NaN,NaN,NaN,NaN,2.68421052631579,0.157894736842105,0,0,0,NaN,0,0,0,NaN,NaN,NaN
dev,emi,colored,6,v6,NaN,NaN,NaN,NaN,2.68421052631579,0.157894736842105,0,0,0,NaN,0,0,0,NaN,NaN,NaN
dev,emi,colored,7,v5,NaN,NaN,NaN,NaN,4.26315789473684,0.947368421052632,0,0,0,NaN,0,0,0.103225806451613,NaN,NaN,NaN
dev,emi,colored,7,v6noA,NaN,NaN,NaN,NaN,0,0,0,0,0,NaN,0,0,0,NaN,NaN,NaN
dev,emi,colored,7,v6noB,NaN,NaN,NaN,NaN,4.26315789473684,0.947368421052632,0,0,0,NaN,0,0,0.103225806451613,NaN,NaN,NaN
dev,emi,colored,7,v6noC1,NaN,NaN,NaN,NaN,0,0,0,0,0,NaN,0,0,0,NaN,NaN,NaN
dev,emi,colored,7,v6noC2,NaN,NaN,NaN,NaN,0,0,0,0,0,NaN,0,0,0,NaN,NaN,NaN
dev,emi,colored,7,v6,NaN,NaN,NaN,NaN,0,0,0,0,0,NaN,0,0,0,NaN,NaN,NaN
dev,emi,colored,8,v5,NaN,NaN,NaN,NaN,8.8421052631579,0.631578947368421,0,0,0,NaN,0,1,0.161290322580645,NaN,NaN,NaN
dev,emi,colored,8,v6noA,NaN,NaN,NaN,NaN,0.157894736842105,0.157894736842105,0,0,0,NaN,0,1,0.00645161290322581,NaN,NaN,NaN
dev,emi,colored,8,v6noB,NaN,NaN,NaN,NaN,8.8421052631579,0.947368421052632,2,0,0,NaN,0,0,0.161290322580645,NaN,NaN,NaN
dev,emi,colored,8,v6noC1,NaN,NaN,NaN,NaN,0.157894736842105,0.157894736842105,0,0,0,NaN,0,0,0.00645161290322581,NaN,NaN,NaN
dev,emi,colored,8,v6noC2,NaN,NaN,NaN,NaN,0.157894736842105,0.157894736842105,0,0,0,NaN,0,0,0.00645161290322581,NaN,NaN,NaN
dev,emi,colored,8,v6,NaN,NaN,NaN,NaN,0.157894736842105,0.157894736842105,0,0,0,NaN,0,0,0.00645161290322581,NaN,NaN,NaN
dev,emi,colored,9,v5,NaN,NaN,NaN,NaN,10.2631578947368,0.789473684210526,0,0,0,NaN,0,0,0.245161290322581,NaN,NaN,NaN
dev,emi,colored,9,v6noA,NaN,NaN,NaN,NaN,0,0,0,0,0,NaN,0,0,0,NaN,NaN,NaN
dev,emi,colored,9,v6noB,NaN,NaN,NaN,NaN,10.2631578947368,0.947368421052632,1,0,0,NaN,0,0,0.245161290322581,NaN,NaN,NaN
dev,emi,colored,9,v6noC1,NaN,NaN,NaN,NaN,0,0,0,0,0,NaN,0,0,0,NaN,NaN,NaN
dev,emi,colored,9,v6noC2,NaN,NaN,NaN,NaN,0,0,0,0,0,NaN,0,0,0,NaN,NaN,NaN
dev,emi,colored,9,v6,NaN,NaN,NaN,NaN,0,0,0,0,0,NaN,0,0,0,NaN,NaN,NaN
dev,bme-fault,white,0,v5,NaN,NaN,NaN,NaN,0,0,0,0,0,NaN,0,0,NaN,0,0,0.922222222222222
dev,bme-fault,white,0,v6noA,NaN,NaN,NaN,NaN,0,0,0,0,0,NaN,0,0,NaN,0,0,0.922222222222222
dev,bme-fault,white,0,v6noB,NaN,NaN,NaN,NaN,0,0,0,0,0,NaN,0,0,NaN,0,0,0.927777777777778
dev,bme-fault,white,0,v6noC1,NaN,NaN,NaN,NaN,0,0,0,0,0,NaN,0,0,NaN,0,0,0.927777777777778
dev,bme-fault,white,0,v6noC2,NaN,NaN,NaN,NaN,0,0,0,0,0,NaN,0,0,NaN,0,0,0.927777777777778
dev,bme-fault,white,0,v6,NaN,NaN,NaN,NaN,0,0,0,0,0,NaN,0,0,NaN,0,0,0.927777777777778
dev,bme-fault,white,1,v5,NaN,NaN,NaN,NaN,0,0,0,0,0,NaN,0,1,NaN,0,0,0.922222222222222
dev,bme-fault,white,1,v6noA,NaN,NaN,NaN,NaN,0,0,0,0,0,NaN,0,1,NaN,0,0,0.922222222222222
dev,bme-fault,white,1,v6noB,NaN,NaN,NaN,NaN,0,0,0,0,0,NaN,0,0,NaN,0,0,0.927777777777778
dev,bme-fault,white,1,v6noC1,NaN,NaN,NaN,NaN,0,0,0,0,0,NaN,0,0,NaN,0,0,0.927777777777778
dev,bme-fault,white,1,v6noC2,NaN,NaN,NaN,NaN,0,0,0,0,0,NaN,0,0,NaN,0,0,0.927777777777778
dev,bme-fault,white,1,v6,NaN,NaN,NaN,NaN,0,0,0,0,0,NaN,0,0,NaN,0,0,0.927777777777778
dev,bme-fault,white,2,v5,NaN,NaN,NaN,NaN,0,0,0,0,0,NaN,0,1,NaN,0,0.0111111111111111,0.911111111111111
dev,bme-fault,white,2,v6noA,NaN,NaN,NaN,NaN,0,0,0,0,0,NaN,0,1,NaN,0,0.0111111111111111,0.911111111111111
dev,bme-fault,white,2,v6noB,NaN,NaN,NaN,NaN,0,0,0,0,0,NaN,0,0,NaN,0,0.0111111111111111,0.916666666666667
dev,bme-fault,white,2,v6noC1,NaN,NaN,NaN,NaN,0,0,0,0,0,NaN,0,0,NaN,0,0.0111111111111111,0.916666666666667
dev,bme-fault,white,2,v6noC2,NaN,NaN,NaN,NaN,0,0,0,0,0,NaN,0,0,NaN,0,0.0111111111111111,0.916666666666667
dev,bme-fault,white,2,v6,NaN,NaN,NaN,NaN,0,0,0,0,0,NaN,0,0,NaN,0,0.0111111111111111,0.916666666666667
dev,bme-fault,white,3,v5,NaN,NaN,NaN,NaN,0,0,0,0,0,NaN,0,1,NaN,0,0,0.922222222222222
dev,bme-fault,white,3,v6noA,NaN,NaN,NaN,NaN,0,0,0,0,0,NaN,0,1,NaN,0,0,0.922222222222222
dev,bme-fault,white,3,v6noB,NaN,NaN,NaN,NaN,0,0,0,0,0,NaN,0,0,NaN,0,0,0.927777777777778
dev,bme-fault,white,3,v6noC1,NaN,NaN,NaN,NaN,0,0,0,0,0,NaN,0,0,NaN,0,0,0.927777777777778
dev,bme-fault,white,3,v6noC2,NaN,NaN,NaN,NaN,0,0,0,0,0,NaN,0,0,NaN,0,0,0.927777777777778
dev,bme-fault,white,3,v6,NaN,NaN,NaN,NaN,0,0,0,0,0,NaN,0,0,NaN,0,0,0.927777777777778
dev,bme-fault,white,4,v5,NaN,NaN,NaN,NaN,0,0,0,0,0,NaN,0,1,NaN,0,0,0.922222222222222
dev,bme-fault,white,4,v6noA,NaN,NaN,NaN,NaN,0,0,0,0,0,NaN,0,1,NaN,0,0,0.922222222222222
dev,bme-fault,white,4,v6noB,NaN,NaN,NaN,NaN,0,0,0,0,0,NaN,0,0,NaN,0,0,0.933333333333333
dev,bme-fault,white,4,v6noC1,NaN,NaN,NaN,NaN,0,0,0,0,0,NaN,0,0,NaN,0,0,0.933333333333333
dev,bme-fault,white,4,v6noC2,NaN,NaN,NaN,NaN,0,0,0,0,0,NaN,0,0,NaN,0,0,0.933333333333333
dev,bme-fault,white,4,v6,NaN,NaN,NaN,NaN,0,0,0,0,0,NaN,0,0,NaN,0,0,0.933333333333333
dev,bme-fault,white,5,v5,NaN,NaN,NaN,NaN,0,0,0,0,0,NaN,0,0,NaN,0,0,0.922222222222222
dev,bme-fault,white,5,v6noA,NaN,NaN,NaN,NaN,0,0,0,0,0,NaN,0,0,NaN,0,0,0.922222222222222
dev,bme-fault,white,5,v6noB,NaN,NaN,NaN,NaN,0,0,0,0,0,NaN,0,0,NaN,0,0,0.927777777777778
dev,bme-fault,white,5,v6noC1,NaN,NaN,NaN,NaN,0,0,0,0,0,NaN,0,0,NaN,0,0,0.927777777777778
dev,bme-fault,white,5,v6noC2,NaN,NaN,NaN,NaN,0,0,0,0,0,NaN,0,0,NaN,0,0,0.927777777777778
dev,bme-fault,white,5,v6,NaN,NaN,NaN,NaN,0,0,0,0,0,NaN,0,0,NaN,0,0,0.927777777777778
dev,bme-fault,white,6,v5,NaN,NaN,NaN,NaN,0.157894736842105,0.157894736842105,0,0,0,NaN,0,0,NaN,0,0,0.922222222222222
dev,bme-fault,white,6,v6noA,NaN,NaN,NaN,NaN,0.157894736842105,0.157894736842105,0,0,0,NaN,0,0,NaN,0,0,0.922222222222222
dev,bme-fault,white,6,v6noB,NaN,NaN,NaN,NaN,0.157894736842105,0.157894736842105,0,0,0,NaN,0,0,NaN,0,0,0.927777777777778
dev,bme-fault,white,6,v6noC1,NaN,NaN,NaN,NaN,0.157894736842105,0.157894736842105,0,0,0,NaN,0,0,NaN,0,0,0.927777777777778
dev,bme-fault,white,6,v6noC2,NaN,NaN,NaN,NaN,0.157894736842105,0.157894736842105,0,0,0,NaN,0,0,NaN,0,0,0.927777777777778
dev,bme-fault,white,6,v6,NaN,NaN,NaN,NaN,0.157894736842105,0.157894736842105,0,0,0,NaN,0,0,NaN,0,0,0.927777777777778
dev,bme-fault,white,7,v5,NaN,NaN,NaN,NaN,0,0,0,0,0,NaN,0,0,NaN,0,0,0.922222222222222
dev,bme-fault,white,7,v6noA,NaN,NaN,NaN,NaN,0,0,0,0,0,NaN,0,0,NaN,0,0,0.922222222222222
dev,bme-fault,white,7,v6noB,NaN,NaN,NaN,NaN,0,0,0,0,0,NaN,0,0,NaN,0,0,0.927777777777778
dev,bme-fault,white,7,v6noC1,NaN,NaN,NaN,NaN,0,0,0,0,0,NaN,0,0,NaN,0,0,0.927777777777778
dev,bme-fault,white,7,v6noC2,NaN,NaN,NaN,NaN,0,0,0,0,0,NaN,0,0,NaN,0,0,0.927777777777778
dev,bme-fault,white,7,v6,NaN,NaN,NaN,NaN,0,0,0,0,0,NaN,0,0,NaN,0,0,0.927777777777778
dev,bme-fault,white,8,v5,NaN,NaN,NaN,NaN,0,0,0,0,0,NaN,0,1,NaN,0,0,0.922222222222222
dev,bme-fault,white,8,v6noA,NaN,NaN,NaN,NaN,0,0,0,0,0,NaN,0,1,NaN,0,0,0.922222222222222
dev,bme-fault,white,8,v6noB,NaN,NaN,NaN,NaN,0,0,0,0,0,NaN,0,0,NaN,0,0,0.933333333333333
dev,bme-fault,white,8,v6noC1,NaN,NaN,NaN,NaN,0,0,0,0,0,NaN,0,0,NaN,0,0,0.933333333333333
dev,bme-fault,white,8,v6noC2,NaN,NaN,NaN,NaN,0,0,0,0,0,NaN,0,0,NaN,0,0,0.933333333333333
dev,bme-fault,white,8,v6,NaN,NaN,NaN,NaN,0,0,0,0,0,NaN,0,0,NaN,0,0,0.933333333333333
dev,bme-fault,white,9,v5,NaN,NaN,NaN,NaN,1.89473684210526,0.157894736842105,0,0,0,NaN,0,0,NaN,0,0,0.922222222222222
dev,bme-fault,white,9,v6noA,NaN,NaN,NaN,NaN,1.89473684210526,0.315789473684211,1,0,0,NaN,0,0,NaN,0,0,0.922222222222222
dev,bme-fault,white,9,v6noB,NaN,NaN,NaN,NaN,1.89473684210526,0.315789473684211,1,0,0,NaN,0,0,NaN,0,0,0.927777777777778
dev,bme-fault,white,9,v6noC1,NaN,NaN,NaN,NaN,1.89473684210526,0.157894736842105,0,0,0,NaN,0,0,NaN,0,0,0.927777777777778
dev,bme-fault,white,9,v6noC2,NaN,NaN,NaN,NaN,1.89473684210526,0.315789473684211,1,0,0,NaN,0,0,NaN,0,0,0.927777777777778
dev,bme-fault,white,9,v6,NaN,NaN,NaN,NaN,1.89473684210526,0.315789473684211,1,0,0,NaN,0,0,NaN,0,0,0.927777777777778
dev,bme-fault,colored,0,v5,NaN,NaN,NaN,NaN,6.47368421052632,0.631578947368421,0,0,0,NaN,0,0,NaN,0.166666666666667,0.00555555555555556,0.916666666666667
dev,bme-fault,colored,0,v6noA,NaN,NaN,NaN,NaN,6.47368421052632,0.789473684210526,1,0,0,NaN,0,0,NaN,0.166666666666667,0.00555555555555556,0.916666666666667
dev,bme-fault,colored,0,v6noB,NaN,NaN,NaN,NaN,6.47368421052632,0.789473684210526,1,0,0,NaN,0,0,NaN,0.166666666666667,0.00555555555555556,0.922222222222222
dev,bme-fault,colored,0,v6noC1,NaN,NaN,NaN,NaN,6.47368421052632,0.631578947368421,0,0,0,NaN,0,0,NaN,0.166666666666667,0.00555555555555556,0.922222222222222
dev,bme-fault,colored,0,v6noC2,NaN,NaN,NaN,NaN,6.47368421052632,0.789473684210526,1,0,0,NaN,0,0,NaN,0.166666666666667,0.00555555555555556,0.922222222222222
dev,bme-fault,colored,0,v6,NaN,NaN,NaN,NaN,6.47368421052632,0.789473684210526,1,0,0,NaN,0,0,NaN,0.166666666666667,0.00555555555555556,0.922222222222222
dev,bme-fault,colored,1,v5,NaN,NaN,NaN,NaN,0,0,0,0,0,NaN,0,1,NaN,0,0.00555555555555556,0.916666666666667
dev,bme-fault,colored,1,v6noA,NaN,NaN,NaN,NaN,0,0,0,0,0,NaN,0,1,NaN,0,0.00555555555555556,0.916666666666667
dev,bme-fault,colored,1,v6noB,NaN,NaN,NaN,NaN,0,0,0,0,0,NaN,0,0,NaN,0,0.0111111111111111,0.916666666666667
dev,bme-fault,colored,1,v6noC1,NaN,NaN,NaN,NaN,0,0,0,0,0,NaN,0,0,NaN,0,0.0111111111111111,0.916666666666667
dev,bme-fault,colored,1,v6noC2,NaN,NaN,NaN,NaN,0,0,0,0,0,NaN,0,0,NaN,0,0.0111111111111111,0.916666666666667
dev,bme-fault,colored,1,v6,NaN,NaN,NaN,NaN,0,0,0,0,0,NaN,0,0,NaN,0,0.0111111111111111,0.916666666666667
dev,bme-fault,colored,2,v5,NaN,NaN,NaN,NaN,0,0,0,0,0,NaN,0,1,NaN,0,0,0.922222222222222
dev,bme-fault,colored,2,v6noA,NaN,NaN,NaN,NaN,0,0,0,0,0,NaN,0,1,NaN,0,0,0.922222222222222
dev,bme-fault,colored,2,v6noB,NaN,NaN,NaN,NaN,0,0,0,0,0,NaN,0,0,NaN,0,0,0.927777777777778
dev,bme-fault,colored,2,v6noC1,NaN,NaN,NaN,NaN,0,0,0,0,0,NaN,0,0,NaN,0,0,0.927777777777778
dev,bme-fault,colored,2,v6noC2,NaN,NaN,NaN,NaN,0,0,0,0,0,NaN,0,0,NaN,0,0,0.927777777777778
dev,bme-fault,colored,2,v6,NaN,NaN,NaN,NaN,0,0,0,0,0,NaN,0,0,NaN,0,0,0.927777777777778
dev,bme-fault,colored,3,v5,NaN,NaN,NaN,NaN,0,0,0,0,0,NaN,0,1,NaN,0,0.00555555555555556,0.916666666666667
dev,bme-fault,colored,3,v6noA,NaN,NaN,NaN,NaN,0,0,0,0,0,NaN,0,1,NaN,0,0.00555555555555556,0.916666666666667
dev,bme-fault,colored,3,v6noB,NaN,NaN,NaN,NaN,0,0,0,0,0,NaN,0,0,NaN,0,0.00555555555555556,0.922222222222222
dev,bme-fault,colored,3,v6noC1,NaN,NaN,NaN,NaN,0,0,0,0,0,NaN,0,0,NaN,0,0.00555555555555556,0.922222222222222
dev,bme-fault,colored,3,v6noC2,NaN,NaN,NaN,NaN,0,0,0,0,0,NaN,0,0,NaN,0,0.00555555555555556,0.922222222222222
dev,bme-fault,colored,3,v6,NaN,NaN,NaN,NaN,0,0,0,0,0,NaN,0,0,NaN,0,0.00555555555555556,0.922222222222222
dev,bme-fault,colored,4,v5,NaN,NaN,NaN,NaN,5.68421052631579,0.473684210526316,0,0,0,NaN,0,1,NaN,0,0,0.922222222222222
dev,bme-fault,colored,4,v6noA,NaN,NaN,NaN,NaN,5.68421052631579,0.473684210526316,0,0,0,NaN,0,1,NaN,0,0,0.922222222222222
dev,bme-fault,colored,4,v6noB,NaN,NaN,NaN,NaN,0,0,0,0,0,NaN,0,0,NaN,0,0,0.933333333333333
dev,bme-fault,colored,4,v6noC1,NaN,NaN,NaN,NaN,0,0,0,0,0,NaN,0,0,NaN,0,0,0.933333333333333
dev,bme-fault,colored,4,v6noC2,NaN,NaN,NaN,NaN,0,0,0,0,0,NaN,0,0,NaN,0,0,0.933333333333333
dev,bme-fault,colored,4,v6,NaN,NaN,NaN,NaN,0,0,0,0,0,NaN,0,0,NaN,0,0,0.933333333333333
dev,bme-fault,colored,5,v5,NaN,NaN,NaN,NaN,10.7368421052632,0.947368421052632,0,0,0,NaN,0,0,NaN,0.327777777777778,0.00555555555555556,0.916666666666667
dev,bme-fault,colored,5,v6noA,NaN,NaN,NaN,NaN,10.7368421052632,0.947368421052632,0,0,0,NaN,0,0,NaN,0.327777777777778,0.00555555555555556,0.916666666666667
dev,bme-fault,colored,5,v6noB,NaN,NaN,NaN,NaN,10.7368421052632,0.947368421052632,0,0,0,NaN,0,0,NaN,0.327777777777778,0.00555555555555556,0.922222222222222
dev,bme-fault,colored,5,v6noC1,NaN,NaN,NaN,NaN,10.7368421052632,0.947368421052632,0,0,0,NaN,0,0,NaN,0.327777777777778,0.00555555555555556,0.922222222222222
dev,bme-fault,colored,5,v6noC2,NaN,NaN,NaN,NaN,10.7368421052632,0.947368421052632,0,0,0,NaN,0,0,NaN,0.327777777777778,0.00555555555555556,0.922222222222222
dev,bme-fault,colored,5,v6,NaN,NaN,NaN,NaN,10.7368421052632,0.947368421052632,0,0,0,NaN,0,0,NaN,0.327777777777778,0.00555555555555556,0.922222222222222
dev,bme-fault,colored,6,v5,NaN,NaN,NaN,NaN,0.789473684210526,0.157894736842105,0,0,0,NaN,0,0,NaN,0.0277777777777778,0.00555555555555556,0.916666666666667
dev,bme-fault,colored,6,v6noA,NaN,NaN,NaN,NaN,0.789473684210526,0.157894736842105,0,0,0,NaN,0,0,NaN,0.0277777777777778,0.00555555555555556,0.916666666666667
dev,bme-fault,colored,6,v6noB,NaN,NaN,NaN,NaN,0.789473684210526,0.157894736842105,0,0,0,NaN,0,0,NaN,0.0277777777777778,0.00555555555555556,0.922222222222222
dev,bme-fault,colored,6,v6noC1,NaN,NaN,NaN,NaN,0.789473684210526,0.157894736842105,0,0,0,NaN,0,0,NaN,0.0277777777777778,0.00555555555555556,0.922222222222222
dev,bme-fault,colored,6,v6noC2,NaN,NaN,NaN,NaN,0.789473684210526,0.157894736842105,0,0,0,NaN,0,0,NaN,0.0277777777777778,0.00555555555555556,0.922222222222222
dev,bme-fault,colored,6,v6,NaN,NaN,NaN,NaN,0.789473684210526,0.157894736842105,0,0,0,NaN,0,0,NaN,0.0277777777777778,0.00555555555555556,0.922222222222222
dev,bme-fault,colored,7,v5,NaN,NaN,NaN,NaN,0,0,0,0,0,NaN,0,0,NaN,0,0,0.922222222222222
dev,bme-fault,colored,7,v6noA,NaN,NaN,NaN,NaN,0,0,0,0,0,NaN,0,0,NaN,0,0,0.922222222222222
dev,bme-fault,colored,7,v6noB,NaN,NaN,NaN,NaN,0,0,0,0,0,NaN,0,0,NaN,0,0,0.927777777777778
dev,bme-fault,colored,7,v6noC1,NaN,NaN,NaN,NaN,0,0,0,0,0,NaN,0,0,NaN,0,0,0.927777777777778
dev,bme-fault,colored,7,v6noC2,NaN,NaN,NaN,NaN,0,0,0,0,0,NaN,0,0,NaN,0,0,0.927777777777778
dev,bme-fault,colored,7,v6,NaN,NaN,NaN,NaN,0,0,0,0,0,NaN,0,0,NaN,0,0,0.927777777777778
dev,bme-fault,colored,8,v5,NaN,NaN,NaN,NaN,0,0,0,0,0,NaN,0,1,NaN,0,0,0.922222222222222
dev,bme-fault,colored,8,v6noA,NaN,NaN,NaN,NaN,0,0,0,0,0,NaN,0,1,NaN,0,0,0.922222222222222
dev,bme-fault,colored,8,v6noB,NaN,NaN,NaN,NaN,0,0,0,0,0,NaN,0,0,NaN,0,0,0.933333333333333
dev,bme-fault,colored,8,v6noC1,NaN,NaN,NaN,NaN,0,0,0,0,0,NaN,0,0,NaN,0,0,0.933333333333333
dev,bme-fault,colored,8,v6noC2,NaN,NaN,NaN,NaN,0,0,0,0,0,NaN,0,0,NaN,0,0,0.933333333333333
dev,bme-fault,colored,8,v6,NaN,NaN,NaN,NaN,0,0,0,0,0,NaN,0,0,NaN,0,0,0.933333333333333
dev,bme-fault,colored,9,v5,NaN,NaN,NaN,NaN,0,0,0,0,0,NaN,0,0,NaN,0,0.00555555555555556,0.916666666666667
dev,bme-fault,colored,9,v6noA,NaN,NaN,NaN,NaN,0,0,0,0,0,NaN,0,0,NaN,0,0.00555555555555556,0.916666666666667
dev,bme-fault,colored,9,v6noB,NaN,NaN,NaN,NaN,0,0,0,0,0,NaN,0,0,NaN,0,0.00555555555555556,0.922222222222222
dev,bme-fault,colored,9,v6noC1,NaN,NaN,NaN,NaN,0,0,0,0,0,NaN,0,0,NaN,0,0.00555555555555556,0.922222222222222
dev,bme-fault,colored,9,v6noC2,NaN,NaN,NaN,NaN,0,0,0,0,0,NaN,0,0,NaN,0,0.00555555555555556,0.922222222222222
dev,bme-fault,colored,9,v6,NaN,NaN,NaN,NaN,0,0,0,0,0,NaN,0,0,NaN,0,0.00555555555555556,0.922222222222222
dev,hyst-relax,white,0,v5,1,3.5,0.985714285714286,0.985714285714286,24.6315789473684,1.73684210526316,0,0,0,0,10,0,NaN,NaN,NaN,NaN
dev,hyst-relax,white,0,v6noA,1,3.5,0.876190476190476,0.876190476190476,19.8947368421053,2.21052631578947,3,0,0.0605263157894737,0.10952380952381,10,0,NaN,NaN,NaN,NaN
dev,hyst-relax,white,0,v6noB,1,3.5,0.876190476190476,0.876190476190476,19.8947368421053,2.21052631578947,3,0,0.0605263157894737,0.10952380952381,10,0,NaN,NaN,NaN,NaN
dev,hyst-relax,white,0,v6noC1,1,3.5,0.876190476190476,0.876190476190476,19.8947368421053,1.73684210526316,0,0,0.0605263157894737,0.10952380952381,10,0,NaN,NaN,NaN,NaN
dev,hyst-relax,white,0,v6noC2,1,3.5,0.985714285714286,0.985714285714286,24.6315789473684,2.36842105263158,4,0,0,0,10,0,NaN,NaN,NaN,NaN
dev,hyst-relax,white,0,v6,1,3.5,0.876190476190476,0.876190476190476,19.8947368421053,2.21052631578947,3,0,0.0605263157894737,0.10952380952381,10,0,NaN,NaN,NaN,NaN
dev,hyst-relax,white,1,v5,1,3.5,0.985714285714286,0.985714285714286,28.2631578947368,1.89473684210526,0,0,0,0,16,1,NaN,NaN,NaN,NaN
dev,hyst-relax,white,1,v6noA,1,3.5,0.928571428571429,0.928571428571429,24,2.68421052631579,4,0,0.0315789473684211,0.0571428571428571,16,1,NaN,NaN,NaN,NaN
dev,hyst-relax,white,1,v6noB,1,3.5,0.928571428571429,0.928571428571429,24,2.68421052631579,4,0,0.0315789473684211,0.0571428571428571,16,0,NaN,NaN,NaN,NaN
dev,hyst-relax,white,1,v6noC1,1,3.5,0.928571428571429,0.928571428571429,24,2.05263157894737,0,0,0.0315789473684211,0.0571428571428571,16,0,NaN,NaN,NaN,NaN
dev,hyst-relax,white,1,v6noC2,1,3.5,0.985714285714286,0.985714285714286,28.2631578947368,2.68421052631579,5,0,0,0,16,0,NaN,NaN,NaN,NaN
dev,hyst-relax,white,1,v6,1,3.5,0.928571428571429,0.928571428571429,24,2.68421052631579,4,0,0.0315789473684211,0.0571428571428571,16,0,NaN,NaN,NaN,NaN
dev,hyst-relax,white,2,v5,1,3.5,0.985714285714286,0.985714285714286,16.2631578947368,1.26315789473684,0,0,0,0,0,1,NaN,NaN,NaN,NaN
dev,hyst-relax,white,2,v6noA,1,3.5,0.985714285714286,0.985714285714286,16.2631578947368,1.57894736842105,2,0,0,0,0,1,NaN,NaN,NaN,NaN
dev,hyst-relax,white,2,v6noB,1,3.5,0.985714285714286,0.985714285714286,16.1052631578947,1.57894736842105,2,0,0,0,0,0,NaN,NaN,NaN,NaN
dev,hyst-relax,white,2,v6noC1,1,3.5,0.985714285714286,0.985714285714286,16.1052631578947,1.26315789473684,0,0,0,0,0,0,NaN,NaN,NaN,NaN
dev,hyst-relax,white,2,v6noC2,1,3.5,0.985714285714286,0.985714285714286,16.1052631578947,1.57894736842105,2,0,0,0,0,0,NaN,NaN,NaN,NaN
dev,hyst-relax,white,2,v6,1,3.5,0.985714285714286,0.985714285714286,16.1052631578947,1.57894736842105,2,0,0,0,0,0,NaN,NaN,NaN,NaN
dev,hyst-relax,white,3,v5,1,4.5,0.980952380952381,0.980952380952381,25.4210526315789,1.42105263157895,0,0,0,0,13,1,NaN,NaN,NaN,NaN
dev,hyst-relax,white,3,v6noA,1,4.5,0.866666666666667,0.866666666666667,20.0526315789474,1.89473684210526,3,0,0.0631578947368421,0.114285714285714,13,1,NaN,NaN,NaN,NaN
dev,hyst-relax,white,3,v6noB,1,4.5,0.866666666666667,0.866666666666667,20.0526315789474,1.89473684210526,3,0,0.0631578947368421,0.114285714285714,13,0,NaN,NaN,NaN,NaN
dev,hyst-relax,white,3,v6noC1,1,4.5,0.866666666666667,0.866666666666667,20.0526315789474,1.42105263157895,0,0,0.0631578947368421,0.114285714285714,13,0,NaN,NaN,NaN,NaN
dev,hyst-relax,white,3,v6noC2,1,4.5,0.980952380952381,0.980952380952381,25.4210526315789,2.05263157894737,4,0,0,0,13,0,NaN,NaN,NaN,NaN
dev,hyst-relax,white,3,v6,1,4.5,0.866666666666667,0.866666666666667,20.0526315789474,1.89473684210526,3,0,0.0631578947368421,0.114285714285714,13,0,NaN,NaN,NaN,NaN
dev,hyst-relax,white,4,v5,1,4.5,0.980952380952381,0.980952380952381,20.0526315789474,1.57894736842105,0,0,0,0,15,1,NaN,NaN,NaN,NaN
dev,hyst-relax,white,4,v6noA,1,4.5,0.942857142857143,0.942857142857143,9.47368421052632,1.73684210526316,1,0,0.0210526315789474,0.0380952380952381,15,1,NaN,NaN,NaN,NaN
dev,hyst-relax,white,4,v6noB,1,4.5,0.942857142857143,0.942857142857143,9.47368421052632,1.73684210526316,1,0,0.0210526315789474,0.0380952380952381,15,0,NaN,NaN,NaN,NaN
dev,hyst-relax,white,4,v6noC1,1,4.5,0.942857142857143,0.942857142857143,9.47368421052632,1.57894736842105,0,0,0.0210526315789474,0.0380952380952381,15,0,NaN,NaN,NaN,NaN
dev,hyst-relax,white,4,v6noC2,1,4.5,0.980952380952381,0.980952380952381,20.0526315789474,2.05263157894737,3,0,0,0,15,0,NaN,NaN,NaN,NaN
dev,hyst-relax,white,4,v6,1,4.5,0.942857142857143,0.942857142857143,9.47368421052632,1.73684210526316,1,0,0.0210526315789474,0.0380952380952381,15,0,NaN,NaN,NaN,NaN
dev,hyst-relax,white,5,v5,1,4.5,0.980952380952381,0.980952380952381,22.5789473684211,2.05263157894737,0,0,0,0,8,0,NaN,NaN,NaN,NaN
dev,hyst-relax,white,5,v6noA,1,4.5,0.980952380952381,0.980952380952381,22.5789473684211,2.68421052631579,4,0,0,0,8,0,NaN,NaN,NaN,NaN
dev,hyst-relax,white,5,v6noB,1,4.5,0.980952380952381,0.980952380952381,22.5789473684211,2.68421052631579,4,0,0,0,8,0,NaN,NaN,NaN,NaN
dev,hyst-relax,white,5,v6noC1,1,4.5,0.980952380952381,0.980952380952381,22.5789473684211,2.05263157894737,0,0,0,0,8,0,NaN,NaN,NaN,NaN
dev,hyst-relax,white,5,v6noC2,1,4.5,0.980952380952381,0.980952380952381,22.5789473684211,2.68421052631579,4,0,0,0,8,0,NaN,NaN,NaN,NaN
dev,hyst-relax,white,5,v6,1,4.5,0.980952380952381,0.980952380952381,22.5789473684211,2.68421052631579,4,0,0,0,8,0,NaN,NaN,NaN,NaN
dev,hyst-relax,white,6,v5,1,4.5,0.980952380952381,0.980952380952381,29.0526315789474,2.36842105263158,0,0,0,0,8,0,NaN,NaN,NaN,NaN
dev,hyst-relax,white,6,v6noA,1,4.5,0.923809523809524,0.923809523809524,14.5263157894737,2.68421052631579,2,0,0.0315789473684211,0.0571428571428571,8,0,NaN,NaN,NaN,NaN
dev,hyst-relax,white,6,v6noB,1,4.5,0.923809523809524,0.923809523809524,14.5263157894737,2.68421052631579,2,0,0.0315789473684211,0.0571428571428571,8,0,NaN,NaN,NaN,NaN
dev,hyst-relax,white,6,v6noC1,1,4.5,0.923809523809524,0.923809523809524,14.5263157894737,2.36842105263158,0,0,0.0315789473684211,0.0571428571428571,8,0,NaN,NaN,NaN,NaN
dev,hyst-relax,white,6,v6noC2,1,4.5,0.980952380952381,0.980952380952381,29.0526315789474,3.15789473684211,5,0,0,0,8,0,NaN,NaN,NaN,NaN
dev,hyst-relax,white,6,v6,1,4.5,0.923809523809524,0.923809523809524,14.5263157894737,2.68421052631579,2,0,0.0315789473684211,0.0571428571428571,8,0,NaN,NaN,NaN,NaN
dev,hyst-relax,white,7,v5,1,4.5,0.980952380952381,0.980952380952381,22.7368421052632,2.84210526315789,0,0,0,0,13,0,NaN,NaN,NaN,NaN
dev,hyst-relax,white,7,v6noA,1,4.5,0.976190476190476,0.976190476190476,18.9473684210526,3.31578947368421,3,0,0.00263157894736842,0.00476190476190476,13,0,NaN,NaN,NaN,NaN
dev,hyst-relax,white,7,v6noB,1,4.5,0.976190476190476,0.976190476190476,18.9473684210526,3.31578947368421,3,0,0.00263157894736842,0.00476190476190476,13,0,NaN,NaN,NaN,NaN
dev,hyst-relax,white,7,v6noC1,1,4.5,0.976190476190476,0.976190476190476,18.9473684210526,2.84210526315789,0,0,0.00263157894736842,0.00476190476190476,13,0,NaN,NaN,NaN,NaN
dev,hyst-relax,white,7,v6noC2,1,4.5,0.980952380952381,0.980952380952381,22.7368421052632,3.47368421052632,4,0,0,0,13,0,NaN,NaN,NaN,NaN
dev,hyst-relax,white,7,v6,1,4.5,0.976190476190476,0.976190476190476,18.9473684210526,3.31578947368421,3,0,0.00263157894736842,0.00476190476190476,13,0,NaN,NaN,NaN,NaN
dev,hyst-relax,white,8,v5,1,4.5,0.980952380952381,0.980952380952381,34.2631578947368,2.36842105263158,0,0,0,0,22,1,NaN,NaN,NaN,NaN
dev,hyst-relax,white,8,v6noA,1,4.5,0.866666666666667,0.866666666666667,29.5263157894737,3,4,0,0.0631578947368421,0.114285714285714,22,1,NaN,NaN,NaN,NaN
dev,hyst-relax,white,8,v6noB,1,4.5,0.866666666666667,0.866666666666667,29.5263157894737,3,4,0,0.0631578947368421,0.114285714285714,22,0,NaN,NaN,NaN,NaN
dev,hyst-relax,white,8,v6noC1,1,4.5,0.866666666666667,0.866666666666667,29.5263157894737,2.36842105263158,0,0,0.0631578947368421,0.114285714285714,22,0,NaN,NaN,NaN,NaN
dev,hyst-relax,white,8,v6noC2,1,4.5,0.980952380952381,0.980952380952381,34.2631578947368,3.15789473684211,5,0,0,0,22,0,NaN,NaN,NaN,NaN
dev,hyst-relax,white,8,v6,1,4.5,0.866666666666667,0.866666666666667,29.5263157894737,3,4,0,0.0631578947368421,0.114285714285714,22,0,NaN,NaN,NaN,NaN
dev,hyst-relax,white,9,v5,1,3.5,0.985714285714286,0.985714285714286,30.1578947368421,2.21052631578947,0,0,0,0,18,0,NaN,NaN,NaN,NaN
dev,hyst-relax,white,9,v6noA,1,3.5,0.876190476190476,0.876190476190476,38.8421052631579,3.15789473684211,4,0,0.0605263157894737,0.10952380952381,18,0,NaN,NaN,NaN,NaN
dev,hyst-relax,white,9,v6noB,1,3.5,0.876190476190476,0.876190476190476,38.8421052631579,3.15789473684211,4,0,0.0605263157894737,0.10952380952381,18,0,NaN,NaN,NaN,NaN
dev,hyst-relax,white,9,v6noC1,1,3.5,0.876190476190476,0.876190476190476,38.8421052631579,2.52631578947368,0,0,0.0605263157894737,0.10952380952381,18,0,NaN,NaN,NaN,NaN
dev,hyst-relax,white,9,v6noC2,1,3.5,0.985714285714286,0.985714285714286,30.1578947368421,3,5,0,0,0,18,0,NaN,NaN,NaN,NaN
dev,hyst-relax,white,9,v6,1,3.5,0.876190476190476,0.876190476190476,38.8421052631579,3.15789473684211,4,0,0.0605263157894737,0.10952380952381,18,0,NaN,NaN,NaN,NaN
dev,hyst-relax,colored,0,v5,1,25.5,0.880952380952381,0.880952380952381,6.47368421052632,0.631578947368421,0,0,0,0,0,0,NaN,NaN,NaN,NaN
dev,hyst-relax,colored,0,v6noA,1,25.5,0.880952380952381,0.880952380952381,6.47368421052632,0.789473684210526,1,0,0,0,0,0,NaN,NaN,NaN,NaN
dev,hyst-relax,colored,0,v6noB,1,25.5,0.880952380952381,0.880952380952381,6.47368421052632,0.789473684210526,1,0,0,0,0,0,NaN,NaN,NaN,NaN
dev,hyst-relax,colored,0,v6noC1,1,25.5,0.880952380952381,0.880952380952381,6.47368421052632,0.631578947368421,0,0,0,0,0,0,NaN,NaN,NaN,NaN
dev,hyst-relax,colored,0,v6noC2,1,25.5,0.880952380952381,0.880952380952381,6.47368421052632,0.789473684210526,1,0,0,0,0,0,NaN,NaN,NaN,NaN
dev,hyst-relax,colored,0,v6,1,25.5,0.880952380952381,0.880952380952381,6.47368421052632,0.789473684210526,1,0,0,0,0,0,NaN,NaN,NaN,NaN
dev,hyst-relax,colored,1,v5,1,33.5,0.842857142857143,0.842857142857143,0,0,0,0,0,0,0,1,NaN,NaN,NaN,NaN
dev,hyst-relax,colored,1,v6noA,1,33.5,0.828571428571429,0.828571428571429,0,0,0,0,0.00526315789473684,0.00952380952380952,0,1,NaN,NaN,NaN,NaN
dev,hyst-relax,colored,1,v6noB,1,33.5,0.828571428571429,0.828571428571429,0,0,0,0,0.00526315789473684,0.00952380952380952,0,0,NaN,NaN,NaN,NaN
dev,hyst-relax,colored,1,v6noC1,1,33.5,0.828571428571429,0.828571428571429,0,0,0,0,0.00526315789473684,0.00952380952380952,0,0,NaN,NaN,NaN,NaN
dev,hyst-relax,colored,1,v6noC2,1,33.5,0.842857142857143,0.842857142857143,0,0,0,0,0,0,0,0,NaN,NaN,NaN,NaN
dev,hyst-relax,colored,1,v6,1,33.5,0.828571428571429,0.828571428571429,0,0,0,0,0.00526315789473684,0.00952380952380952,0,0,NaN,NaN,NaN,NaN
dev,hyst-relax,colored,2,v5,1,19.5,0.90952380952381,0.90952380952381,0,0,0,0,0,0,0,1,NaN,NaN,NaN,NaN
dev,hyst-relax,colored,2,v6noA,1,19.5,0.90952380952381,0.90952380952381,0,0,0,0,0,0,0,1,NaN,NaN,NaN,NaN
dev,hyst-relax,colored,2,v6noB,1,19.5,0.90952380952381,0.90952380952381,0,0,0,0,0,0,0,0,NaN,NaN,NaN,NaN
dev,hyst-relax,colored,2,v6noC1,1,19.5,0.90952380952381,0.90952380952381,0,0,0,0,0,0,0,0,NaN,NaN,NaN,NaN
dev,hyst-relax,colored,2,v6noC2,1,19.5,0.90952380952381,0.90952380952381,0,0,0,0,0,0,0,0,NaN,NaN,NaN,NaN
dev,hyst-relax,colored,2,v6,1,19.5,0.90952380952381,0.90952380952381,0,0,0,0,0,0,0,0,NaN,NaN,NaN,NaN
dev,hyst-relax,colored,3,v5,1,16.5,0.923809523809524,0.923809523809524,0,0,0,0,0,0,0,1,NaN,NaN,NaN,NaN
dev,hyst-relax,colored,3,v6noA,1,16.5,0.866666666666667,0.866666666666667,0,0,0,0,0.00789473684210526,0.0142857142857143,0,1,NaN,NaN,NaN,NaN
dev,hyst-relax,colored,3,v6noB,1,16.5,0.866666666666667,0.866666666666667,0,0,0,0,0.00789473684210526,0.0142857142857143,0,0,NaN,NaN,NaN,NaN
dev,hyst-relax,colored,3,v6noC1,1,16.5,0.866666666666667,0.866666666666667,0,0,0,0,0.00789473684210526,0.0142857142857143,0,0,NaN,NaN,NaN,NaN
dev,hyst-relax,colored,3,v6noC2,1,16.5,0.923809523809524,0.923809523809524,0,0,0,0,0,0,0,0,NaN,NaN,NaN,NaN
dev,hyst-relax,colored,3,v6,1,16.5,0.866666666666667,0.866666666666667,0,0,0,0,0.00789473684210526,0.0142857142857143,0,0,NaN,NaN,NaN,NaN
dev,hyst-relax,colored,4,v5,1,13.5,0.938095238095238,0.938095238095238,6.63157894736842,0.473684210526316,0,0,0,0,0,1,NaN,NaN,NaN,NaN
dev,hyst-relax,colored,4,v6noA,1,13.5,0.938095238095238,0.938095238095238,6.63157894736842,0.631578947368421,1,0,0,0,0,1,NaN,NaN,NaN,NaN
dev,hyst-relax,colored,4,v6noB,1,13.5,0.938095238095238,0.938095238095238,6.63157894736842,0.631578947368421,1,0,0,0,0,0,NaN,NaN,NaN,NaN
dev,hyst-relax,colored,4,v6noC1,1,13.5,0.938095238095238,0.938095238095238,6.63157894736842,0.473684210526316,0,0,0,0,0,0,NaN,NaN,NaN,NaN
dev,hyst-relax,colored,4,v6noC2,1,13.5,0.938095238095238,0.938095238095238,6.63157894736842,0.631578947368421,1,0,0,0,0,0,NaN,NaN,NaN,NaN
dev,hyst-relax,colored,4,v6,1,13.5,0.938095238095238,0.938095238095238,6.63157894736842,0.631578947368421,1,0,0,0,0,0,NaN,NaN,NaN,NaN
dev,hyst-relax,colored,5,v5,1,10.5,0.952380952380952,0.952380952380952,5.68421052631579,0.315789473684211,0,0,0,0,0,0,NaN,NaN,NaN,NaN
dev,hyst-relax,colored,5,v6noA,1,10.5,0.904761904761905,0.904761904761905,3.94736842105263,0.315789473684211,0,0,0.0131578947368421,0.0238095238095238,0,0,NaN,NaN,NaN,NaN
dev,hyst-relax,colored,5,v6noB,1,10.5,0.904761904761905,0.904761904761905,3.94736842105263,0.315789473684211,0,0,0.0131578947368421,0.0238095238095238,0,0,NaN,NaN,NaN,NaN
dev,hyst-relax,colored,5,v6noC1,1,10.5,0.904761904761905,0.904761904761905,3.94736842105263,0.315789473684211,0,0,0.0131578947368421,0.0238095238095238,0,0,NaN,NaN,NaN,NaN
dev,hyst-relax,colored,5,v6noC2,1,10.5,0.952380952380952,0.952380952380952,5.68421052631579,0.315789473684211,0,0,0,0,0,0,NaN,NaN,NaN,NaN
dev,hyst-relax,colored,5,v6,1,10.5,0.904761904761905,0.904761904761905,3.94736842105263,0.315789473684211,0,0,0.0131578947368421,0.0238095238095238,0,0,NaN,NaN,NaN,NaN
dev,hyst-relax,colored,6,v5,1,22.5,0.895238095238095,0.895238095238095,4.57894736842105,0.157894736842105,0,0,0,0,0,0,NaN,NaN,NaN,NaN
dev,hyst-relax,colored,6,v6noA,1,22.5,0.847619047619048,0.847619047619048,0.157894736842105,0.157894736842105,0,0,0.0263157894736842,0.0476190476190476,0,0,NaN,NaN,NaN,NaN
dev,hyst-relax,colored,6,v6noB,1,22.5,0.847619047619048,0.847619047619048,0.157894736842105,0.157894736842105,0,0,0.0263157894736842,0.0476190476190476,0,0,NaN,NaN,NaN,NaN
dev,hyst-relax,colored,6,v6noC1,1,22.5,0.847619047619048,0.847619047619048,0.157894736842105,0.157894736842105,0,0,0.0263157894736842,0.0476190476190476,0,0,NaN,NaN,NaN,NaN
dev,hyst-relax,colored,6,v6noC2,1,22.5,0.895238095238095,0.895238095238095,4.57894736842105,0.315789473684211,1,0,0,0,0,0,NaN,NaN,NaN,NaN
dev,hyst-relax,colored,6,v6,1,22.5,0.847619047619048,0.847619047619048,0.157894736842105,0.157894736842105,0,0,0.0263157894736842,0.0476190476190476,0,0,NaN,NaN,NaN,NaN
dev,hyst-relax,colored,7,v5,1,12.5,0.942857142857143,0.942857142857143,0,0,0,0,0,0,0,0,NaN,NaN,NaN,NaN
dev,hyst-relax,colored,7,v6noA,1,12.5,0.942857142857143,0.942857142857143,0,0,0,0,0,0,0,0,NaN,NaN,NaN,NaN
dev,hyst-relax,colored,7,v6noB,1,12.5,0.942857142857143,0.942857142857143,0,0,0,0,0,0,0,0,NaN,NaN,NaN,NaN
dev,hyst-relax,colored,7,v6noC1,1,12.5,0.942857142857143,0.942857142857143,0,0,0,0,0,0,0,0,NaN,NaN,NaN,NaN
dev,hyst-relax,colored,7,v6noC2,1,12.5,0.942857142857143,0.942857142857143,0,0,0,0,0,0,0,0,NaN,NaN,NaN,NaN
dev,hyst-relax,colored,7,v6,1,12.5,0.942857142857143,0.942857142857143,0,0,0,0,0,0,0,0,NaN,NaN,NaN,NaN
dev,hyst-relax,colored,8,v5,1,22.5,0.895238095238095,0.895238095238095,0.157894736842105,0.157894736842105,0,0,0,0,0,1,NaN,NaN,NaN,NaN
dev,hyst-relax,colored,8,v6noA,1,22.5,0.895238095238095,0.895238095238095,0.157894736842105,0.157894736842105,0,0,0,0,0,1,NaN,NaN,NaN,NaN
dev,hyst-relax,colored,8,v6noB,1,22.5,0.895238095238095,0.895238095238095,0.157894736842105,0.157894736842105,0,0,0,0,0,0,NaN,NaN,NaN,NaN
dev,hyst-relax,colored,8,v6noC1,1,22.5,0.895238095238095,0.895238095238095,0.157894736842105,0.157894736842105,0,0,0,0,0,0,NaN,NaN,NaN,NaN
dev,hyst-relax,colored,8,v6noC2,1,22.5,0.895238095238095,0.895238095238095,0.157894736842105,0.157894736842105,0,0,0,0,0,0,NaN,NaN,NaN,NaN
dev,hyst-relax,colored,8,v6,1,22.5,0.895238095238095,0.895238095238095,0.157894736842105,0.157894736842105,0,0,0,0,0,0,NaN,NaN,NaN,NaN
dev,hyst-relax,colored,9,v5,1,12.5,0.942857142857143,0.942857142857143,0,0,0,0,0,0,0,0,NaN,NaN,NaN,NaN
dev,hyst-relax,colored,9,v6noA,1,12.5,0.942857142857143,0.942857142857143,0,0,0,0,0,0,0,0,NaN,NaN,NaN,NaN
dev,hyst-relax,colored,9,v6noB,1,12.5,0.942857142857143,0.942857142857143,0,0,0,0,0,0,0,0,NaN,NaN,NaN,NaN
dev,hyst-relax,colored,9,v6noC1,1,12.5,0.942857142857143,0.942857142857143,0,0,0,0,0,0,0,0,NaN,NaN,NaN,NaN
dev,hyst-relax,colored,9,v6noC2,1,12.5,0.942857142857143,0.942857142857143,0,0,0,0,0,0,0,0,NaN,NaN,NaN,NaN
dev,hyst-relax,colored,9,v6,1,12.5,0.942857142857143,0.942857142857143,0,0,0,0,0,0,0,0,NaN,NaN,NaN,NaN
dev,day-cycle,white,0,v5,1,4.5,0.977777777777778,0.977777777777778,0,0,0,0,0,0,0,0,NaN,NaN,NaN,NaN
dev,day-cycle,white,0,v6noA,1,4.5,0.938888888888889,0.938888888888889,0,0,0,0,0.00789473684210526,0.0166666666666667,0,0,NaN,NaN,NaN,NaN
dev,day-cycle,white,0,v6noB,1,4.5,0.938888888888889,0.938888888888889,0,0,0,0,0.00789473684210526,0.0166666666666667,0,0,NaN,NaN,NaN,NaN
dev,day-cycle,white,0,v6noC1,1,4.5,0.938888888888889,0.938888888888889,0,0,0,0,0.00789473684210526,0.0166666666666667,0,0,NaN,NaN,NaN,NaN
dev,day-cycle,white,0,v6noC2,1,4.5,0.977777777777778,0.977777777777778,0,0,0,0,0,0,0,0,NaN,NaN,NaN,NaN
dev,day-cycle,white,0,v6,1,4.5,0.938888888888889,0.938888888888889,0,0,0,0,0.00789473684210526,0.0166666666666667,0,0,NaN,NaN,NaN,NaN
dev,day-cycle,white,1,v5,1,4.5,0.977777777777778,0.977777777777778,0.157894736842105,0.157894736842105,0,0,0,0,0,0,NaN,NaN,NaN,NaN
dev,day-cycle,white,1,v6noA,1,4.5,0.944444444444444,0.944444444444444,0.157894736842105,0.157894736842105,0,0,0.0131578947368421,0.0277777777777778,0,0,NaN,NaN,NaN,NaN
dev,day-cycle,white,1,v6noB,1,4.5,0.944444444444444,0.944444444444444,0.157894736842105,0.157894736842105,0,0,0.0131578947368421,0.0277777777777778,0,0,NaN,NaN,NaN,NaN
dev,day-cycle,white,1,v6noC1,1,4.5,0.944444444444444,0.944444444444444,0.157894736842105,0.157894736842105,0,0,0.0131578947368421,0.0277777777777778,0,0,NaN,NaN,NaN,NaN
dev,day-cycle,white,1,v6noC2,1,4.5,0.977777777777778,0.977777777777778,0.157894736842105,0.157894736842105,0,0,0,0,0,0,NaN,NaN,NaN,NaN
dev,day-cycle,white,1,v6,1,4.5,0.944444444444444,0.944444444444444,0.157894736842105,0.157894736842105,0,0,0.0131578947368421,0.0277777777777778,0,0,NaN,NaN,NaN,NaN
dev,day-cycle,white,2,v5,1,4.5,0.977777777777778,0.977777777777778,0,0,0,0,0,0,0,0,NaN,NaN,NaN,NaN
dev,day-cycle,white,2,v6noA,1,4.5,0.977777777777778,0.977777777777778,0,0,0,0,0,0,0,0,NaN,NaN,NaN,NaN
dev,day-cycle,white,2,v6noB,1,4.5,0.977777777777778,0.977777777777778,0,0,0,0,0,0,0,0,NaN,NaN,NaN,NaN
dev,day-cycle,white,2,v6noC1,1,4.5,0.977777777777778,0.977777777777778,0,0,0,0,0,0,0,0,NaN,NaN,NaN,NaN
dev,day-cycle,white,2,v6noC2,1,4.5,0.977777777777778,0.977777777777778,0,0,0,0,0,0,0,0,NaN,NaN,NaN,NaN
dev,day-cycle,white,2,v6,1,4.5,0.977777777777778,0.977777777777778,0,0,0,0,0,0,0,0,NaN,NaN,NaN,NaN
dev,day-cycle,white,3,v5,1,3.5,0.983333333333333,0.983333333333333,0,0,0,0,0,0,0,0,NaN,NaN,NaN,NaN
dev,day-cycle,white,3,v6noA,1,3.5,0.983333333333333,0.983333333333333,0,0,0,0,0,0,0,0,NaN,NaN,NaN,NaN
dev,day-cycle,white,3,v6noB,1,3.5,0.983333333333333,0.983333333333333,0,0,0,0,0,0,0,0,NaN,NaN,NaN,NaN
dev,day-cycle,white,3,v6noC1,1,3.5,0.983333333333333,0.983333333333333,0,0,0,0,0,0,0,0,NaN,NaN,NaN,NaN
dev,day-cycle,white,3,v6noC2,1,3.5,0.983333333333333,0.983333333333333,0,0,0,0,0,0,0,0,NaN,NaN,NaN,NaN
dev,day-cycle,white,3,v6,1,3.5,0.983333333333333,0.983333333333333,0,0,0,0,0,0,0,0,NaN,NaN,NaN,NaN
dev,day-cycle,white,4,v5,1,4.5,0.977777777777778,0.977777777777778,0,0,0,0,0,0,0,0,NaN,NaN,NaN,NaN
dev,day-cycle,white,4,v6noA,1,4.5,0.977777777777778,0.977777777777778,0,0,0,0,0,0,0,0,NaN,NaN,NaN,NaN
dev,day-cycle,white,4,v6noB,1,4.5,0.977777777777778,0.977777777777778,0,0,0,0,0,0,0,0,NaN,NaN,NaN,NaN
dev,day-cycle,white,4,v6noC1,1,4.5,0.977777777777778,0.977777777777778,0,0,0,0,0,0,0,0,NaN,NaN,NaN,NaN
dev,day-cycle,white,4,v6noC2,1,4.5,0.977777777777778,0.977777777777778,0,0,0,0,0,0,0,0,NaN,NaN,NaN,NaN
dev,day-cycle,white,4,v6,1,4.5,0.977777777777778,0.977777777777778,0,0,0,0,0,0,0,0,NaN,NaN,NaN,NaN
dev,day-cycle,white,5,v5,1,4.5,0.977777777777778,0.977777777777778,0,0,0,0,0,0,0,0,NaN,NaN,NaN,NaN
dev,day-cycle,white,5,v6noA,1,4.5,0.977777777777778,0.977777777777778,0,0,0,0,0,0,0,0,NaN,NaN,NaN,NaN
dev,day-cycle,white,5,v6noB,1,4.5,0.977777777777778,0.977777777777778,0,0,0,0,0,0,0,0,NaN,NaN,NaN,NaN
dev,day-cycle,white,5,v6noC1,1,4.5,0.977777777777778,0.977777777777778,0,0,0,0,0,0,0,0,NaN,NaN,NaN,NaN
dev,day-cycle,white,5,v6noC2,1,4.5,0.977777777777778,0.977777777777778,0,0,0,0,0,0,0,0,NaN,NaN,NaN,NaN
dev,day-cycle,white,5,v6,1,4.5,0.977777777777778,0.977777777777778,0,0,0,0,0,0,0,0,NaN,NaN,NaN,NaN
dev,day-cycle,white,6,v5,1,3.5,0.983333333333333,0.983333333333333,0,0,0,0,0,0,0,0,NaN,NaN,NaN,NaN
dev,day-cycle,white,6,v6noA,1,3.5,0.983333333333333,0.983333333333333,0,0,0,0,0,0,0,0,NaN,NaN,NaN,NaN
dev,day-cycle,white,6,v6noB,1,3.5,0.983333333333333,0.983333333333333,0,0,0,0,0,0,0,0,NaN,NaN,NaN,NaN
dev,day-cycle,white,6,v6noC1,1,3.5,0.983333333333333,0.983333333333333,0,0,0,0,0,0,0,0,NaN,NaN,NaN,NaN
dev,day-cycle,white,6,v6noC2,1,3.5,0.983333333333333,0.983333333333333,0,0,0,0,0,0,0,0,NaN,NaN,NaN,NaN
dev,day-cycle,white,6,v6,1,3.5,0.983333333333333,0.983333333333333,0,0,0,0,0,0,0,0,NaN,NaN,NaN,NaN
dev,day-cycle,white,7,v5,1,3.5,0.983333333333333,0.983333333333333,0,0,0,0,0,0,0,0,NaN,NaN,NaN,NaN
dev,day-cycle,white,7,v6noA,1,3.5,0.983333333333333,0.983333333333333,0,0,0,0,0,0,0,0,NaN,NaN,NaN,NaN
dev,day-cycle,white,7,v6noB,1,3.5,0.983333333333333,0.983333333333333,0,0,0,0,0,0,0,0,NaN,NaN,NaN,NaN
dev,day-cycle,white,7,v6noC1,1,3.5,0.983333333333333,0.983333333333333,0,0,0,0,0,0,0,0,NaN,NaN,NaN,NaN
dev,day-cycle,white,7,v6noC2,1,3.5,0.983333333333333,0.983333333333333,0,0,0,0,0,0,0,0,NaN,NaN,NaN,NaN
dev,day-cycle,white,7,v6,1,3.5,0.983333333333333,0.983333333333333,0,0,0,0,0,0,0,0,NaN,NaN,NaN,NaN
dev,day-cycle,white,8,v5,1,5.5,0.972222222222222,0.972222222222222,0,0,0,0,0,0,0,0,NaN,NaN,NaN,NaN
dev,day-cycle,white,8,v6noA,1,5.5,0.972222222222222,0.972222222222222,0,0,0,0,0,0,0,0,NaN,NaN,NaN,NaN
dev,day-cycle,white,8,v6noB,1,5.5,0.972222222222222,0.972222222222222,0,0,0,0,0,0,0,0,NaN,NaN,NaN,NaN
dev,day-cycle,white,8,v6noC1,1,5.5,0.972222222222222,0.972222222222222,0,0,0,0,0,0,0,0,NaN,NaN,NaN,NaN
dev,day-cycle,white,8,v6noC2,1,5.5,0.972222222222222,0.972222222222222,0,0,0,0,0,0,0,0,NaN,NaN,NaN,NaN
dev,day-cycle,white,8,v6,1,5.5,0.972222222222222,0.972222222222222,0,0,0,0,0,0,0,0,NaN,NaN,NaN,NaN
dev,day-cycle,white,9,v5,1,4.5,0.977777777777778,0.977777777777778,0,0,0,0,0,0,0,0,NaN,NaN,NaN,NaN
dev,day-cycle,white,9,v6noA,1,4.5,0.977777777777778,0.977777777777778,0,0,0,0,0,0,0,0,NaN,NaN,NaN,NaN
dev,day-cycle,white,9,v6noB,1,4.5,0.977777777777778,0.977777777777778,0,0,0,0,0,0,0,0,NaN,NaN,NaN,NaN
dev,day-cycle,white,9,v6noC1,1,4.5,0.977777777777778,0.977777777777778,0,0,0,0,0,0,0,0,NaN,NaN,NaN,NaN
dev,day-cycle,white,9,v6noC2,1,4.5,0.977777777777778,0.977777777777778,0,0,0,0,0,0,0,0,NaN,NaN,NaN,NaN
dev,day-cycle,white,9,v6,1,4.5,0.977777777777778,0.977777777777778,0,0,0,0,0,0,0,0,NaN,NaN,NaN,NaN
dev,day-cycle,colored,0,v5,1,15.5,0.916666666666667,0.916666666666667,3.15789473684211,0.157894736842105,0,0,0,0,0,0,NaN,NaN,NaN,NaN
dev,day-cycle,colored,0,v6noA,1,15.5,0.916666666666667,0.916666666666667,3.15789473684211,0.157894736842105,0,0,0,0,0,0,NaN,NaN,NaN,NaN
dev,day-cycle,colored,0,v6noB,1,15.5,0.916666666666667,0.916666666666667,3.15789473684211,0.157894736842105,0,0,0,0,0,0,NaN,NaN,NaN,NaN
dev,day-cycle,colored,0,v6noC1,1,15.5,0.916666666666667,0.916666666666667,3.15789473684211,0.157894736842105,0,0,0,0,0,0,NaN,NaN,NaN,NaN
dev,day-cycle,colored,0,v6noC2,1,15.5,0.916666666666667,0.916666666666667,3.15789473684211,0.157894736842105,0,0,0,0,0,0,NaN,NaN,NaN,NaN
dev,day-cycle,colored,0,v6,1,15.5,0.916666666666667,0.916666666666667,3.15789473684211,0.157894736842105,0,0,0,0,0,0,NaN,NaN,NaN,NaN
dev,day-cycle,colored,1,v5,1,15.5,0.916666666666667,0.916666666666667,0,0,0,0,0,0,0,0,NaN,NaN,NaN,NaN
dev,day-cycle,colored,1,v6noA,1,15.5,0.9,0.9,0,0,0,0,0.00526315789473684,0.0111111111111111,0,0,NaN,NaN,NaN,NaN
dev,day-cycle,colored,1,v6noB,1,15.5,0.9,0.9,0,0,0,0,0.00526315789473684,0.0111111111111111,0,0,NaN,NaN,NaN,NaN
dev,day-cycle,colored,1,v6noC1,1,15.5,0.9,0.9,0,0,0,0,0.00526315789473684,0.0111111111111111,0,0,NaN,NaN,NaN,NaN
dev,day-cycle,colored,1,v6noC2,1,15.5,0.916666666666667,0.916666666666667,0,0,0,0,0,0,0,0,NaN,NaN,NaN,NaN
dev,day-cycle,colored,1,v6,1,15.5,0.9,0.9,0,0,0,0,0.00526315789473684,0.0111111111111111,0,0,NaN,NaN,NaN,NaN
dev,day-cycle,colored,2,v5,1,49.5,0.727777777777778,0.727777777777778,0,0,0,0,0,0,0,0,NaN,NaN,NaN,NaN
dev,day-cycle,colored,2,v6noA,1,49.5,0.727777777777778,0.727777777777778,0,0,0,0,0,0,0,0,NaN,NaN,NaN,NaN
dev,day-cycle,colored,2,v6noB,1,49.5,0.727777777777778,0.727777777777778,0,0,0,0,0,0,0,0,NaN,NaN,NaN,NaN
dev,day-cycle,colored,2,v6noC1,1,49.5,0.727777777777778,0.727777777777778,0,0,0,0,0,0,0,0,NaN,NaN,NaN,NaN
dev,day-cycle,colored,2,v6noC2,1,49.5,0.727777777777778,0.727777777777778,0,0,0,0,0,0,0,0,NaN,NaN,NaN,NaN
dev,day-cycle,colored,2,v6,1,49.5,0.727777777777778,0.727777777777778,0,0,0,0,0,0,0,0,NaN,NaN,NaN,NaN
dev,day-cycle,colored,3,v5,1,33.5,0.816666666666667,0.816666666666667,0,0,0,0,0,0,0,0,NaN,NaN,NaN,NaN
dev,day-cycle,colored,3,v6noA,1,33.5,0.816666666666667,0.816666666666667,0,0,0,0,0,0,0,0,NaN,NaN,NaN,NaN
dev,day-cycle,colored,3,v6noB,1,33.5,0.816666666666667,0.816666666666667,0,0,0,0,0,0,0,0,NaN,NaN,NaN,NaN
dev,day-cycle,colored,3,v6noC1,1,33.5,0.816666666666667,0.816666666666667,0,0,0,0,0,0,0,0,NaN,NaN,NaN,NaN
dev,day-cycle,colored,3,v6noC2,1,33.5,0.816666666666667,0.816666666666667,0,0,0,0,0,0,0,0,NaN,NaN,NaN,NaN
dev,day-cycle,colored,3,v6,1,33.5,0.816666666666667,0.816666666666667,0,0,0,0,0,0,0,0,NaN,NaN,NaN,NaN
dev,day-cycle,colored,4,v5,1,25.5,0.861111111111111,0.861111111111111,0,0,0,0,0,0,0,0,NaN,NaN,NaN,NaN
dev,day-cycle,colored,4,v6noA,1,25.5,0.861111111111111,0.861111111111111,0,0,0,0,0,0,0,0,NaN,NaN,NaN,NaN
dev,day-cycle,colored,4,v6noB,1,25.5,0.861111111111111,0.861111111111111,0,0,0,0,0,0,0,0,NaN,NaN,NaN,NaN
dev,day-cycle,colored,4,v6noC1,1,25.5,0.861111111111111,0.861111111111111,0,0,0,0,0,0,0,0,NaN,NaN,NaN,NaN
dev,day-cycle,colored,4,v6noC2,1,25.5,0.861111111111111,0.861111111111111,0,0,0,0,0,0,0,0,NaN,NaN,NaN,NaN
dev,day-cycle,colored,4,v6,1,25.5,0.861111111111111,0.861111111111111,0,0,0,0,0,0,0,0,NaN,NaN,NaN,NaN
dev,day-cycle,colored,5,v5,1,16.5,0.911111111111111,0.911111111111111,2.68421052631579,0.157894736842105,0,0,0,0,0,0,NaN,NaN,NaN,NaN
dev,day-cycle,colored,5,v6noA,1,16.5,0.777777777777778,0.777777777777778,2.68421052631579,0.157894736842105,0,0,0.00263157894736842,0.00555555555555556,0,0,NaN,NaN,NaN,NaN
dev,day-cycle,colored,5,v6noB,1,16.5,0.777777777777778,0.777777777777778,2.68421052631579,0.157894736842105,0,0,0.00263157894736842,0.00555555555555556,0,0,NaN,NaN,NaN,NaN
dev,day-cycle,colored,5,v6noC1,1,16.5,0.777777777777778,0.777777777777778,2.68421052631579,0.157894736842105,0,0,0.00263157894736842,0.00555555555555556,0,0,NaN,NaN,NaN,NaN
dev,day-cycle,colored,5,v6noC2,1,16.5,0.911111111111111,0.911111111111111,2.68421052631579,0.157894736842105,0,0,0,0,0,0,NaN,NaN,NaN,NaN
dev,day-cycle,colored,5,v6,1,16.5,0.777777777777778,0.777777777777778,2.68421052631579,0.157894736842105,0,0,0.00263157894736842,0.00555555555555556,0,0,NaN,NaN,NaN,NaN
dev,day-cycle,colored,6,v5,1,26.5,0.855555555555556,0.855555555555556,2.52631578947368,0.631578947368421,0,0,0,0,0,0,NaN,NaN,NaN,NaN
dev,day-cycle,colored,6,v6noA,1,26.5,0.8,0.8,2.52631578947368,0.631578947368421,0,0,0.0210526315789474,0.0444444444444444,0,0,NaN,NaN,NaN,NaN
dev,day-cycle,colored,6,v6noB,1,26.5,0.8,0.8,2.52631578947368,0.631578947368421,0,0,0.0210526315789474,0.0444444444444444,0,0,NaN,NaN,NaN,NaN
dev,day-cycle,colored,6,v6noC1,1,26.5,0.8,0.8,2.52631578947368,0.631578947368421,0,0,0.0210526315789474,0.0444444444444444,0,0,NaN,NaN,NaN,NaN
dev,day-cycle,colored,6,v6noC2,1,26.5,0.855555555555556,0.855555555555556,2.52631578947368,0.631578947368421,0,0,0,0,0,0,NaN,NaN,NaN,NaN
dev,day-cycle,colored,6,v6,1,26.5,0.8,0.8,2.52631578947368,0.631578947368421,0,0,0.0210526315789474,0.0444444444444444,0,0,NaN,NaN,NaN,NaN
dev,day-cycle,colored,7,v5,1,19.5,0.894444444444444,0.894444444444444,0,0,0,0,0,0,0,0,NaN,NaN,NaN,NaN
dev,day-cycle,colored,7,v6noA,1,19.5,0.894444444444444,0.894444444444444,0,0,0,0,0,0,0,0,NaN,NaN,NaN,NaN
dev,day-cycle,colored,7,v6noB,1,19.5,0.894444444444444,0.894444444444444,0,0,0,0,0,0,0,0,NaN,NaN,NaN,NaN
dev,day-cycle,colored,7,v6noC1,1,19.5,0.894444444444444,0.894444444444444,0,0,0,0,0,0,0,0,NaN,NaN,NaN,NaN
dev,day-cycle,colored,7,v6noC2,1,19.5,0.894444444444444,0.894444444444444,0,0,0,0,0,0,0,0,NaN,NaN,NaN,NaN
dev,day-cycle,colored,7,v6,1,19.5,0.894444444444444,0.894444444444444,0,0,0,0,0,0,0,0,NaN,NaN,NaN,NaN
dev,day-cycle,colored,8,v5,1,12.5,0.933333333333333,0.933333333333333,0.157894736842105,0.157894736842105,0,0,0,0,0,0,NaN,NaN,NaN,NaN
dev,day-cycle,colored,8,v6noA,1,12.5,0.933333333333333,0.933333333333333,0.157894736842105,0.157894736842105,0,0,0,0,0,0,NaN,NaN,NaN,NaN
dev,day-cycle,colored,8,v6noB,1,12.5,0.933333333333333,0.933333333333333,0.157894736842105,0.157894736842105,0,0,0,0,0,0,NaN,NaN,NaN,NaN
dev,day-cycle,colored,8,v6noC1,1,12.5,0.933333333333333,0.933333333333333,0.157894736842105,0.157894736842105,0,0,0,0,0,0,NaN,NaN,NaN,NaN
dev,day-cycle,colored,8,v6noC2,1,12.5,0.933333333333333,0.933333333333333,0.157894736842105,0.157894736842105,0,0,0,0,0,0,NaN,NaN,NaN,NaN
dev,day-cycle,colored,8,v6,1,12.5,0.933333333333333,0.933333333333333,0.157894736842105,0.157894736842105,0,0,0,0,0,0,NaN,NaN,NaN,NaN
dev,day-cycle,colored,9,v5,1,16.5,0.911111111111111,0.911111111111111,0,0,0,0,0,0,0,0,NaN,NaN,NaN,NaN
dev,day-cycle,colored,9,v6noA,1,16.5,0.911111111111111,0.911111111111111,0,0,0,0,0,0,0,0,NaN,NaN,NaN,NaN
dev,day-cycle,colored,9,v6noB,1,16.5,0.911111111111111,0.911111111111111,0,0,0,0,0,0,0,0,NaN,NaN,NaN,NaN
dev,day-cycle,colored,9,v6noC1,1,16.5,0.911111111111111,0.911111111111111,0,0,0,0,0,0,0,0,NaN,NaN,NaN,NaN
dev,day-cycle,colored,9,v6noC2,1,16.5,0.911111111111111,0.911111111111111,0,0,0,0,0,0,0,0,NaN,NaN,NaN,NaN
dev,day-cycle,colored,9,v6,1,16.5,0.911111111111111,0.911111111111111,0,0,0,0,0,0,0,0,NaN,NaN,NaN,NaN
spent,t1-fast-ramp,white,100,v5,1,5.5,0.977777777777778,0.977777777777778,0,0,0,0,0,0,0,0,NaN,NaN,NaN,NaN
spent,t1-fast-ramp,white,100,v6noA,1,5.5,0.977777777777778,0.977777777777778,0,0,0,0,0,0,0,0,NaN,NaN,NaN,NaN
spent,t1-fast-ramp,white,100,v6noB,1,5.5,0.977777777777778,0.977777777777778,0,0,0,0,0,0,0,0,NaN,NaN,NaN,NaN
spent,t1-fast-ramp,white,100,v6noC1,1,5.5,0.977777777777778,0.977777777777778,0,0,0,0,0,0,0,0,NaN,NaN,NaN,NaN
spent,t1-fast-ramp,white,100,v6noC2,1,5.5,0.977777777777778,0.977777777777778,0,0,0,0,0,0,0,0,NaN,NaN,NaN,NaN
spent,t1-fast-ramp,white,100,v6,1,5.5,0.977777777777778,0.977777777777778,0,0,0,0,0,0,0,0,NaN,NaN,NaN,NaN
spent,t1-fast-ramp,white,101,v5,1,5.5,0.977777777777778,0.977777777777778,0,0,0,0,0,0,0,0,NaN,NaN,NaN,NaN
spent,t1-fast-ramp,white,101,v6noA,1,5.5,0.977777777777778,0.977777777777778,0,0,0,0,0,0,0,0,NaN,NaN,NaN,NaN
spent,t1-fast-ramp,white,101,v6noB,1,5.5,0.977777777777778,0.977777777777778,0,0,0,0,0,0,0,0,NaN,NaN,NaN,NaN
spent,t1-fast-ramp,white,101,v6noC1,1,5.5,0.977777777777778,0.977777777777778,0,0,0,0,0,0,0,0,NaN,NaN,NaN,NaN
spent,t1-fast-ramp,white,101,v6noC2,1,5.5,0.977777777777778,0.977777777777778,0,0,0,0,0,0,0,0,NaN,NaN,NaN,NaN
spent,t1-fast-ramp,white,101,v6,1,5.5,0.977777777777778,0.977777777777778,0,0,0,0,0,0,0,0,NaN,NaN,NaN,NaN
spent,t1-fast-ramp,white,102,v5,1,5.5,0.977777777777778,0.977777777777778,0,0,0,0,0,0,0,0,NaN,NaN,NaN,NaN
spent,t1-fast-ramp,white,102,v6noA,1,5.5,0.977777777777778,0.977777777777778,0,0,0,0,0,0,0,0,NaN,NaN,NaN,NaN
spent,t1-fast-ramp,white,102,v6noB,1,5.5,0.977777777777778,0.977777777777778,0,0,0,0,0,0,0,0,NaN,NaN,NaN,NaN
spent,t1-fast-ramp,white,102,v6noC1,1,5.5,0.977777777777778,0.977777777777778,0,0,0,0,0,0,0,0,NaN,NaN,NaN,NaN
spent,t1-fast-ramp,white,102,v6noC2,1,5.5,0.977777777777778,0.977777777777778,0,0,0,0,0,0,0,0,NaN,NaN,NaN,NaN
spent,t1-fast-ramp,white,102,v6,1,5.5,0.977777777777778,0.977777777777778,0,0,0,0,0,0,0,0,NaN,NaN,NaN,NaN
spent,t1-fast-ramp,white,103,v5,1,5.5,0.977777777777778,0.977777777777778,0,0,0,0,0,0,0,0,NaN,NaN,NaN,NaN
spent,t1-fast-ramp,white,103,v6noA,1,5.5,0.977777777777778,0.977777777777778,0,0,0,0,0,0,0,0,NaN,NaN,NaN,NaN
spent,t1-fast-ramp,white,103,v6noB,1,5.5,0.977777777777778,0.977777777777778,0,0,0,0,0,0,0,0,NaN,NaN,NaN,NaN
spent,t1-fast-ramp,white,103,v6noC1,1,5.5,0.977777777777778,0.977777777777778,0,0,0,0,0,0,0,0,NaN,NaN,NaN,NaN
spent,t1-fast-ramp,white,103,v6noC2,1,5.5,0.977777777777778,0.977777777777778,0,0,0,0,0,0,0,0,NaN,NaN,NaN,NaN
spent,t1-fast-ramp,white,103,v6,1,5.5,0.977777777777778,0.977777777777778,0,0,0,0,0,0,0,0,NaN,NaN,NaN,NaN
spent,t1-fast-ramp,white,104,v5,1,4.5,0.982222222222222,0.982222222222222,0,0,0,0,0,0,0,0,NaN,NaN,NaN,NaN
spent,t1-fast-ramp,white,104,v6noA,1,4.5,0.982222222222222,0.982222222222222,0,0,0,0,0,0,0,0,NaN,NaN,NaN,NaN
spent,t1-fast-ramp,white,104,v6noB,1,4.5,0.982222222222222,0.982222222222222,0,0,0,0,0,0,0,0,NaN,NaN,NaN,NaN
spent,t1-fast-ramp,white,104,v6noC1,1,4.5,0.982222222222222,0.982222222222222,0,0,0,0,0,0,0,0,NaN,NaN,NaN,NaN
spent,t1-fast-ramp,white,104,v6noC2,1,4.5,0.982222222222222,0.982222222222222,0,0,0,0,0,0,0,0,NaN,NaN,NaN,NaN
spent,t1-fast-ramp,white,104,v6,1,4.5,0.982222222222222,0.982222222222222,0,0,0,0,0,0,0,0,NaN,NaN,NaN,NaN
spent,t1-fast-ramp,white,105,v5,1,4.5,0.982222222222222,0.982222222222222,0,0,0,0,0,0,0,0,NaN,NaN,NaN,NaN
spent,t1-fast-ramp,white,105,v6noA,1,4.5,0.982222222222222,0.982222222222222,0,0,0,0,0,0,0,0,NaN,NaN,NaN,NaN
spent,t1-fast-ramp,white,105,v6noB,1,4.5,0.982222222222222,0.982222222222222,0,0,0,0,0,0,0,0,NaN,NaN,NaN,NaN
spent,t1-fast-ramp,white,105,v6noC1,1,4.5,0.982222222222222,0.982222222222222,0,0,0,0,0,0,0,0,NaN,NaN,NaN,NaN
spent,t1-fast-ramp,white,105,v6noC2,1,4.5,0.982222222222222,0.982222222222222,0,0,0,0,0,0,0,0,NaN,NaN,NaN,NaN
spent,t1-fast-ramp,white,105,v6,1,4.5,0.982222222222222,0.982222222222222,0,0,0,0,0,0,0,0,NaN,NaN,NaN,NaN
spent,t1-fast-ramp,white,106,v5,1,5.5,0.977777777777778,0.977777777777778,0,0,0,0,0,0,0,0,NaN,NaN,NaN,NaN
spent,t1-fast-ramp,white,106,v6noA,1,5.5,0.977777777777778,0.977777777777778,0,0,0,0,0,0,0,0,NaN,NaN,NaN,NaN
spent,t1-fast-ramp,white,106,v6noB,1,5.5,0.977777777777778,0.977777777777778,0,0,0,0,0,0,0,0,NaN,NaN,NaN,NaN
spent,t1-fast-ramp,white,106,v6noC1,1,5.5,0.977777777777778,0.977777777777778,0,0,0,0,0,0,0,0,NaN,NaN,NaN,NaN
spent,t1-fast-ramp,white,106,v6noC2,1,5.5,0.977777777777778,0.977777777777778,0,0,0,0,0,0,0,0,NaN,NaN,NaN,NaN
spent,t1-fast-ramp,white,106,v6,1,5.5,0.977777777777778,0.977777777777778,0,0,0,0,0,0,0,0,NaN,NaN,NaN,NaN
spent,t1-fast-ramp,white,107,v5,1,5.5,0.977777777777778,0.977777777777778,0,0,0,0,0,0,0,0,NaN,NaN,NaN,NaN
spent,t1-fast-ramp,white,107,v6noA,1,5.5,0.977777777777778,0.977777777777778,0,0,0,0,0,0,0,0,NaN,NaN,NaN,NaN
spent,t1-fast-ramp,white,107,v6noB,1,5.5,0.977777777777778,0.977777777777778,0,0,0,0,0,0,0,0,NaN,NaN,NaN,NaN
spent,t1-fast-ramp,white,107,v6noC1,1,5.5,0.977777777777778,0.977777777777778,0,0,0,0,0,0,0,0,NaN,NaN,NaN,NaN
spent,t1-fast-ramp,white,107,v6noC2,1,5.5,0.977777777777778,0.977777777777778,0,0,0,0,0,0,0,0,NaN,NaN,NaN,NaN
spent,t1-fast-ramp,white,107,v6,1,5.5,0.977777777777778,0.977777777777778,0,0,0,0,0,0,0,0,NaN,NaN,NaN,NaN
spent,t1-fast-ramp,white,108,v5,1,5.5,0.977777777777778,0.977777777777778,0.631578947368421,0.157894736842105,0,0,0,0,0,0,NaN,NaN,NaN,NaN
spent,t1-fast-ramp,white,108,v6noA,1,5.5,0.977777777777778,0.977777777777778,0.631578947368421,0.157894736842105,0,0,0,0,0,0,NaN,NaN,NaN,NaN
spent,t1-fast-ramp,white,108,v6noB,1,5.5,0.977777777777778,0.977777777777778,0.631578947368421,0.157894736842105,0,0,0,0,0,0,NaN,NaN,NaN,NaN
spent,t1-fast-ramp,white,108,v6noC1,1,5.5,0.977777777777778,0.977777777777778,0.631578947368421,0.157894736842105,0,0,0,0,0,0,NaN,NaN,NaN,NaN
spent,t1-fast-ramp,white,108,v6noC2,1,5.5,0.977777777777778,0.977777777777778,0.631578947368421,0.157894736842105,0,0,0,0,0,0,NaN,NaN,NaN,NaN
spent,t1-fast-ramp,white,108,v6,1,5.5,0.977777777777778,0.977777777777778,0.631578947368421,0.157894736842105,0,0,0,0,0,0,NaN,NaN,NaN,NaN
spent,t1-fast-ramp,white,109,v5,1,5.5,0.977777777777778,0.977777777777778,0,0,0,0,0,0,0,0,NaN,NaN,NaN,NaN
spent,t1-fast-ramp,white,109,v6noA,1,5.5,0.977777777777778,0.977777777777778,0,0,0,0,0,0,0,0,NaN,NaN,NaN,NaN
spent,t1-fast-ramp,white,109,v6noB,1,5.5,0.977777777777778,0.977777777777778,0,0,0,0,0,0,0,0,NaN,NaN,NaN,NaN
spent,t1-fast-ramp,white,109,v6noC1,1,5.5,0.977777777777778,0.977777777777778,0,0,0,0,0,0,0,0,NaN,NaN,NaN,NaN
spent,t1-fast-ramp,white,109,v6noC2,1,5.5,0.977777777777778,0.977777777777778,0,0,0,0,0,0,0,0,NaN,NaN,NaN,NaN
spent,t1-fast-ramp,white,109,v6,1,5.5,0.977777777777778,0.977777777777778,0,0,0,0,0,0,0,0,NaN,NaN,NaN,NaN
spent,t1-fast-ramp,colored,100,v5,1,20.5,0.911111111111111,0.911111111111111,0,0,0,0,0,0,0,0,NaN,NaN,NaN,NaN
spent,t1-fast-ramp,colored,100,v6noA,1,20.5,0.911111111111111,0.911111111111111,0,0,0,0,0,0,0,0,NaN,NaN,NaN,NaN
spent,t1-fast-ramp,colored,100,v6noB,1,20.5,0.911111111111111,0.911111111111111,0,0,0,0,0,0,0,0,NaN,NaN,NaN,NaN
spent,t1-fast-ramp,colored,100,v6noC1,1,20.5,0.911111111111111,0.911111111111111,0,0,0,0,0,0,0,0,NaN,NaN,NaN,NaN
spent,t1-fast-ramp,colored,100,v6noC2,1,20.5,0.911111111111111,0.911111111111111,0,0,0,0,0,0,0,0,NaN,NaN,NaN,NaN
spent,t1-fast-ramp,colored,100,v6,1,20.5,0.911111111111111,0.911111111111111,0,0,0,0,0,0,0,0,NaN,NaN,NaN,NaN
spent,t1-fast-ramp,colored,101,v5,1,29.5,0.866666666666667,0.866666666666667,0,0,0,0,0,0,0,0,NaN,NaN,NaN,NaN
spent,t1-fast-ramp,colored,101,v6noA,1,29.5,0.866666666666667,0.866666666666667,0,0,0,0,0,0,0,0,NaN,NaN,NaN,NaN
spent,t1-fast-ramp,colored,101,v6noB,1,29.5,0.866666666666667,0.866666666666667,0,0,0,0,0,0,0,0,NaN,NaN,NaN,NaN
spent,t1-fast-ramp,colored,101,v6noC1,1,29.5,0.866666666666667,0.866666666666667,0,0,0,0,0,0,0,0,NaN,NaN,NaN,NaN
spent,t1-fast-ramp,colored,101,v6noC2,1,29.5,0.866666666666667,0.866666666666667,0,0,0,0,0,0,0,0,NaN,NaN,NaN,NaN
spent,t1-fast-ramp,colored,101,v6,1,29.5,0.866666666666667,0.866666666666667,0,0,0,0,0,0,0,0,NaN,NaN,NaN,NaN
spent,t1-fast-ramp,colored,102,v5,1,37.5,0.835555555555556,0.835555555555556,0,0,0,0,0,0,0,0,NaN,NaN,NaN,NaN
spent,t1-fast-ramp,colored,102,v6noA,1,37.5,0.835555555555556,0.835555555555556,0,0,0,0,0,0,0,0,NaN,NaN,NaN,NaN
spent,t1-fast-ramp,colored,102,v6noB,1,37.5,0.835555555555556,0.835555555555556,0,0,0,0,0,0,0,0,NaN,NaN,NaN,NaN
spent,t1-fast-ramp,colored,102,v6noC1,1,37.5,0.835555555555556,0.835555555555556,0,0,0,0,0,0,0,0,NaN,NaN,NaN,NaN
spent,t1-fast-ramp,colored,102,v6noC2,1,37.5,0.835555555555556,0.835555555555556,0,0,0,0,0,0,0,0,NaN,NaN,NaN,NaN
spent,t1-fast-ramp,colored,102,v6,1,37.5,0.835555555555556,0.835555555555556,0,0,0,0,0,0,0,0,NaN,NaN,NaN,NaN
spent,t1-fast-ramp,colored,103,v5,1,27.5,0.88,0.88,9,0.315789473684211,0,0,0,0,0,0,NaN,NaN,NaN,NaN
spent,t1-fast-ramp,colored,103,v6noA,1,27.5,0.76,0.76,5.52631578947368,0.315789473684211,0,0,0.0210526315789474,0.0355555555555556,0,0,NaN,NaN,NaN,NaN
spent,t1-fast-ramp,colored,103,v6noB,1,27.5,0.76,0.76,5.52631578947368,0.315789473684211,0,0,0.0210526315789474,0.0355555555555556,0,0,NaN,NaN,NaN,NaN
spent,t1-fast-ramp,colored,103,v6noC1,1,27.5,0.76,0.76,5.52631578947368,0.315789473684211,0,0,0.0210526315789474,0.0355555555555556,0,0,NaN,NaN,NaN,NaN
spent,t1-fast-ramp,colored,103,v6noC2,1,27.5,0.88,0.88,9,0.473684210526316,1,0,0,0,0,0,NaN,NaN,NaN,NaN
spent,t1-fast-ramp,colored,103,v6,1,27.5,0.76,0.76,5.52631578947368,0.315789473684211,0,0,0.0210526315789474,0.0355555555555556,0,0,NaN,NaN,NaN,NaN
spent,t1-fast-ramp,colored,104,v5,1,16.5,0.928888888888889,0.928888888888889,0,0,0,0,0,0,0,0,NaN,NaN,NaN,NaN
spent,t1-fast-ramp,colored,104,v6noA,1,16.5,0.928888888888889,0.928888888888889,0,0,0,0,0,0,0,0,NaN,NaN,NaN,NaN
spent,t1-fast-ramp,colored,104,v6noB,1,16.5,0.928888888888889,0.928888888888889,0,0,0,0,0,0,0,0,NaN,NaN,NaN,NaN
spent,t1-fast-ramp,colored,104,v6noC1,1,16.5,0.928888888888889,0.928888888888889,0,0,0,0,0,0,0,0,NaN,NaN,NaN,NaN
spent,t1-fast-ramp,colored,104,v6noC2,1,16.5,0.928888888888889,0.928888888888889,0,0,0,0,0,0,0,0,NaN,NaN,NaN,NaN
spent,t1-fast-ramp,colored,104,v6,1,16.5,0.928888888888889,0.928888888888889,0,0,0,0,0,0,0,0,NaN,NaN,NaN,NaN
spent,t1-fast-ramp,colored,105,v5,1,33.5,0.853333333333333,0.853333333333333,0,0,0,0,0,0,0,0,NaN,NaN,NaN,NaN
spent,t1-fast-ramp,colored,105,v6noA,1,33.5,0.853333333333333,0.853333333333333,0,0,0,0,0,0,0,0,NaN,NaN,NaN,NaN
spent,t1-fast-ramp,colored,105,v6noB,1,33.5,0.853333333333333,0.853333333333333,0,0,0,0,0,0,0,0,NaN,NaN,NaN,NaN
spent,t1-fast-ramp,colored,105,v6noC1,1,33.5,0.853333333333333,0.853333333333333,0,0,0,0,0,0,0,0,NaN,NaN,NaN,NaN
spent,t1-fast-ramp,colored,105,v6noC2,1,33.5,0.853333333333333,0.853333333333333,0,0,0,0,0,0,0,0,NaN,NaN,NaN,NaN
spent,t1-fast-ramp,colored,105,v6,1,33.5,0.853333333333333,0.853333333333333,0,0,0,0,0,0,0,0,NaN,NaN,NaN,NaN
spent,t1-fast-ramp,colored,106,v5,1,35.5,0.844444444444444,0.844444444444444,0,0,0,0,0,0,0,0,NaN,NaN,NaN,NaN
spent,t1-fast-ramp,colored,106,v6noA,1,35.5,0.844444444444444,0.844444444444444,0,0,0,0,0,0,0,0,NaN,NaN,NaN,NaN
spent,t1-fast-ramp,colored,106,v6noB,1,35.5,0.844444444444444,0.844444444444444,0,0,0,0,0,0,0,0,NaN,NaN,NaN,NaN
spent,t1-fast-ramp,colored,106,v6noC1,1,35.5,0.844444444444444,0.844444444444444,0,0,0,0,0,0,0,0,NaN,NaN,NaN,NaN
spent,t1-fast-ramp,colored,106,v6noC2,1,35.5,0.844444444444444,0.844444444444444,0,0,0,0,0,0,0,0,NaN,NaN,NaN,NaN
spent,t1-fast-ramp,colored,106,v6,1,35.5,0.844444444444444,0.844444444444444,0,0,0,0,0,0,0,0,NaN,NaN,NaN,NaN
spent,t1-fast-ramp,colored,107,v5,1,43.5,0.808888888888889,0.808888888888889,0,0,0,0,0,0,0,0,NaN,NaN,NaN,NaN
spent,t1-fast-ramp,colored,107,v6noA,1,43.5,0.808888888888889,0.808888888888889,0,0,0,0,0,0,0,0,NaN,NaN,NaN,NaN
spent,t1-fast-ramp,colored,107,v6noB,1,43.5,0.808888888888889,0.808888888888889,0,0,0,0,0,0,0,0,NaN,NaN,NaN,NaN
spent,t1-fast-ramp,colored,107,v6noC1,1,43.5,0.808888888888889,0.808888888888889,0,0,0,0,0,0,0,0,NaN,NaN,NaN,NaN
spent,t1-fast-ramp,colored,107,v6noC2,1,43.5,0.808888888888889,0.808888888888889,0,0,0,0,0,0,0,0,NaN,NaN,NaN,NaN
spent,t1-fast-ramp,colored,107,v6,1,43.5,0.808888888888889,0.808888888888889,0,0,0,0,0,0,0,0,NaN,NaN,NaN,NaN
spent,t1-fast-ramp,colored,108,v5,1,29.5,0.871111111111111,0.871111111111111,0,0,0,0,0,0,0,0,NaN,NaN,NaN,NaN
spent,t1-fast-ramp,colored,108,v6noA,1,29.5,0.871111111111111,0.871111111111111,0,0,0,0,0,0,0,0,NaN,NaN,NaN,NaN
spent,t1-fast-ramp,colored,108,v6noB,1,29.5,0.871111111111111,0.871111111111111,0,0,0,0,0,0,0,0,NaN,NaN,NaN,NaN
spent,t1-fast-ramp,colored,108,v6noC1,1,29.5,0.871111111111111,0.871111111111111,0,0,0,0,0,0,0,0,NaN,NaN,NaN,NaN
spent,t1-fast-ramp,colored,108,v6noC2,1,29.5,0.871111111111111,0.871111111111111,0,0,0,0,0,0,0,0,NaN,NaN,NaN,NaN
spent,t1-fast-ramp,colored,108,v6,1,29.5,0.871111111111111,0.871111111111111,0,0,0,0,0,0,0,0,NaN,NaN,NaN,NaN
spent,t1-fast-ramp,colored,109,v5,1,56.5,0.751111111111111,0.751111111111111,4.57894736842105,0.157894736842105,0,0,0,0,0,0,NaN,NaN,NaN,NaN
spent,t1-fast-ramp,colored,109,v6noA,1,56.5,0.751111111111111,0.751111111111111,4.57894736842105,0.315789473684211,1,0,0,0,0,0,NaN,NaN,NaN,NaN
spent,t1-fast-ramp,colored,109,v6noB,1,56.5,0.751111111111111,0.751111111111111,4.57894736842105,0.315789473684211,1,0,0,0,0,0,NaN,NaN,NaN,NaN
spent,t1-fast-ramp,colored,109,v6noC1,1,56.5,0.751111111111111,0.751111111111111,4.57894736842105,0.157894736842105,0,0,0,0,0,0,NaN,NaN,NaN,NaN
spent,t1-fast-ramp,colored,109,v6noC2,1,56.5,0.751111111111111,0.751111111111111,4.57894736842105,0.315789473684211,1,0,0,0,0,0,NaN,NaN,NaN,NaN
spent,t1-fast-ramp,colored,109,v6,1,56.5,0.751111111111111,0.751111111111111,4.57894736842105,0.315789473684211,1,0,0,0,0,0,NaN,NaN,NaN,NaN
spent,t2-plateau-step,white,100,v5,1,0.5,0.691666666666667,0.691666666666667,0,0,0,0,0,0,0,194,NaN,NaN,NaN,NaN
spent,t2-plateau-step,white,100,v6noA,1,0.5,0.641666666666667,0.175,0,0,0,1,0,0,0,194,NaN,NaN,NaN,NaN
spent,t2-plateau-step,white,100,v6noB,1,0.5,1,0.125,6.63157894736842,1.26315789473684,0,1,0,0,0,0,NaN,NaN,NaN,NaN
spent,t2-plateau-step,white,100,v6noC1,1,0.5,0.5875,0.5875,6.63157894736842,1.26315789473684,0,0,0,0,0,0,NaN,NaN,NaN,NaN
spent,t2-plateau-step,white,100,v6noC2,1,0.5,0.670833333333333,0.204166666666667,6.63157894736842,1.26315789473684,0,1,0,0,0,0,NaN,NaN,NaN,NaN
spent,t2-plateau-step,white,100,v6,1,0.5,0.670833333333333,0.204166666666667,6.63157894736842,1.26315789473684,0,1,0,0,0,0,NaN,NaN,NaN,NaN
spent,t2-plateau-step,white,101,v5,1,0.5,0.7875,0.7875,0,0,0,0,0,0,0,181,NaN,NaN,NaN,NaN
spent,t2-plateau-step,white,101,v6noA,1,0.5,0.633333333333333,0.633333333333333,0,0,0,0,0,0,0,181,NaN,NaN,NaN,NaN
spent,t2-plateau-step,white,101,v6noB,1,0.5,1,0.125,0,0,0,1,0,0,0,0,NaN,NaN,NaN,NaN
spent,t2-plateau-step,white,101,v6noC1,1,0.5,0.625,0.625,0,0,0,0,0.00263157894736842,0.00416666666666667,0,0,NaN,NaN,NaN,NaN
spent,t2-plateau-step,white,101,v6noC2,1,0.5,0.6375,0.6375,0,0,0,0,0,0,0,0,NaN,NaN,NaN,NaN
spent,t2-plateau-step,white,101,v6,1,0.5,0.625,0.625,0,0,0,0,0.00263157894736842,0.00416666666666667,0,0,NaN,NaN,NaN,NaN
spent,t2-plateau-step,white,102,v5,1,0.5,0.745833333333333,0.745833333333333,0.789473684210526,0.473684210526316,0,0,0,0,0,176,NaN,NaN,NaN,NaN
spent,t2-plateau-step,white,102,v6noA,1,0.5,0.679166666666667,0.1625,0.789473684210526,0.473684210526316,0,1,0,0,0,176,NaN,NaN,NaN,NaN
spent,t2-plateau-step,white,102,v6noB,1,0.5,1,0.125,0,0,0,1,0,0,0,0,NaN,NaN,NaN,NaN
spent,t2-plateau-step,white,102,v6noC1,1,0.5,0.654166666666667,0.654166666666667,0,0,0,0,0,0,0,0,NaN,NaN,NaN,NaN
spent,t2-plateau-step,white,102,v6noC2,1,0.5,0.679166666666667,0.208333333333333,0,0,0,1,0,0,0,0,NaN,NaN,NaN,NaN
spent,t2-plateau-step,white,102,v6,1,0.5,0.679166666666667,0.208333333333333,0,0,0,1,0,0,0,0,NaN,NaN,NaN,NaN
spent,t2-plateau-step,white,103,v5,1,0.5,0.7375,0.7375,0,0,0,0,0,0,0,172,NaN,NaN,NaN,NaN
spent,t2-plateau-step,white,103,v6noA,1,0.5,0.658333333333333,0.658333333333333,0,0,0,0,0,0,0,172,NaN,NaN,NaN,NaN
spent,t2-plateau-step,white,103,v6noB,1,0.5,1,0.125,0,0,0,1,0,0,0,0,NaN,NaN,NaN,NaN
spent,t2-plateau-step,white,103,v6noC1,1,0.5,0.641666666666667,0.641666666666667,0,0,0,0,0,0,0,0,NaN,NaN,NaN,NaN
spent,t2-plateau-step,white,103,v6noC2,1,0.5,0.641666666666667,0.641666666666667,0,0,0,0,0,0,0,0,NaN,NaN,NaN,NaN
spent,t2-plateau-step,white,103,v6,1,0.5,0.641666666666667,0.641666666666667,0,0,0,0,0,0,0,0,NaN,NaN,NaN,NaN
spent,t2-plateau-step,white,104,v5,1,0.5,0.745833333333333,0.745833333333333,0,0,0,0,0,0,0,180,NaN,NaN,NaN,NaN
spent,t2-plateau-step,white,104,v6noA,1,0.5,0.654166666666667,0.204166666666667,0,0,0,1,0,0,0,180,NaN,NaN,NaN,NaN
spent,t2-plateau-step,white,104,v6noB,1,0.5,1,0.129166666666667,0,0,0,1,0,0,0,0,NaN,NaN,NaN,NaN
spent,t2-plateau-step,white,104,v6noC1,1,0.5,0.604166666666667,0.604166666666667,0,0,0,0,0,0,0,0,NaN,NaN,NaN,NaN
spent,t2-plateau-step,white,104,v6noC2,1,0.5,0.633333333333333,0.1625,0,0,0,1,0,0,0,0,NaN,NaN,NaN,NaN
spent,t2-plateau-step,white,104,v6,1,0.5,0.633333333333333,0.1625,0,0,0,1,0,0,0,0,NaN,NaN,NaN,NaN
spent,t2-plateau-step,white,105,v5,1,0.5,0.766666666666667,0.766666666666667,0,0,0,0,0,0,0,178,NaN,NaN,NaN,NaN
spent,t2-plateau-step,white,105,v6noA,1,0.5,0.658333333333333,0.658333333333333,0,0,0,0,0,0,0,178,NaN,NaN,NaN,NaN
spent,t2-plateau-step,white,105,v6noB,1,0.5,1,0.129166666666667,0,0,0,1,0,0,0,0,NaN,NaN,NaN,NaN
spent,t2-plateau-step,white,105,v6noC1,1,0.5,0.658333333333333,0.658333333333333,0,0,0,0,0,0,0,0,NaN,NaN,NaN,NaN
spent,t2-plateau-step,white,105,v6noC2,1,0.5,0.658333333333333,0.658333333333333,0,0,0,0,0,0,0,0,NaN,NaN,NaN,NaN
spent,t2-plateau-step,white,105,v6,1,0.5,0.658333333333333,0.658333333333333,0,0,0,0,0,0,0,0,NaN,NaN,NaN,NaN
spent,t2-plateau-step,white,106,v5,1,0.5,0.745833333333333,0.745833333333333,0,0,0,0,0,0,0,178,NaN,NaN,NaN,NaN
spent,t2-plateau-step,white,106,v6noA,1,0.5,0.654166666666667,0.179166666666667,0,0,0,1,0,0,0,178,NaN,NaN,NaN,NaN
spent,t2-plateau-step,white,106,v6noB,1,0.5,1,0.125,0,0,0,1,0,0,0,0,NaN,NaN,NaN,NaN
spent,t2-plateau-step,white,106,v6noC1,1,0.5,0.6125,0.6125,0,0,0,0,0,0,0,0,NaN,NaN,NaN,NaN
spent,t2-plateau-step,white,106,v6noC2,1,0.5,0.641666666666667,0.166666666666667,0,0,0,1,0,0,0,0,NaN,NaN,NaN,NaN
spent,t2-plateau-step,white,106,v6,1,0.5,0.641666666666667,0.166666666666667,0,0,0,1,0,0,0,0,NaN,NaN,NaN,NaN
spent,t2-plateau-step,white,107,v5,1,0.5,0.758333333333333,0.758333333333333,0,0,0,0,0,0,0,181,NaN,NaN,NaN,NaN
spent,t2-plateau-step,white,107,v6noA,1,0.5,0.658333333333333,0.658333333333333,0,0,0,0,0,0,0,181,NaN,NaN,NaN,NaN
spent,t2-plateau-step,white,107,v6noB,1,0.5,1,0.129166666666667,0,0,0,1,0,0,0,0,NaN,NaN,NaN,NaN
spent,t2-plateau-step,white,107,v6noC1,1,0.5,0.679166666666667,0.679166666666667,0,0,0,0,0,0,0,0,NaN,NaN,NaN,NaN
spent,t2-plateau-step,white,107,v6noC2,1,0.5,0.679166666666667,0.679166666666667,0,0,0,0,0,0,0,0,NaN,NaN,NaN,NaN
spent,t2-plateau-step,white,107,v6,1,0.5,0.679166666666667,0.679166666666667,0,0,0,0,0,0,0,0,NaN,NaN,NaN,NaN
spent,t2-plateau-step,white,108,v5,1,0.5,0.716666666666667,0.716666666666667,0.789473684210526,0.315789473684211,0,0,0,0,0,189,NaN,NaN,NaN,NaN
spent,t2-plateau-step,white,108,v6noA,1,0.5,0.620833333333333,0.620833333333333,0.789473684210526,0.315789473684211,0,0,0,0,0,189,NaN,NaN,NaN,NaN
spent,t2-plateau-step,white,108,v6noB,1,0.5,1,0.129166666666667,0.947368421052632,0.315789473684211,0,1,0,0,0,0,NaN,NaN,NaN,NaN
spent,t2-plateau-step,white,108,v6noC1,1,0.5,0.6375,0.6375,0.947368421052632,0.315789473684211,0,0,0,0,0,0,NaN,NaN,NaN,NaN
spent,t2-plateau-step,white,108,v6noC2,1,0.5,0.6375,0.6375,0.947368421052632,0.315789473684211,0,0,0,0,0,0,NaN,NaN,NaN,NaN
spent,t2-plateau-step,white,108,v6,1,0.5,0.6375,0.6375,0.947368421052632,0.315789473684211,0,0,0,0,0,0,NaN,NaN,NaN,NaN
spent,t2-plateau-step,white,109,v5,1,0.5,0.779166666666667,0.779166666666667,0,0,0,0,0,0,0,175,NaN,NaN,NaN,NaN
spent,t2-plateau-step,white,109,v6noA,1,0.5,0.666666666666667,0.666666666666667,0,0,0,0,0,0,0,175,NaN,NaN,NaN,NaN
spent,t2-plateau-step,white,109,v6noB,1,0.5,1,0.129166666666667,0,0,0,1,0,0,0,0,NaN,NaN,NaN,NaN
spent,t2-plateau-step,white,109,v6noC1,1,0.5,0.666666666666667,0.666666666666667,0,0,0,0,0,0,0,0,NaN,NaN,NaN,NaN
spent,t2-plateau-step,white,109,v6noC2,1,0.5,0.666666666666667,0.666666666666667,0,0,0,0,0,0,0,0,NaN,NaN,NaN,NaN
spent,t2-plateau-step,white,109,v6,1,0.5,0.666666666666667,0.666666666666667,0,0,0,0,0,0,0,0,NaN,NaN,NaN,NaN
spent,t2-plateau-step,colored,100,v5,1,1.5,0.129166666666667,0.129166666666667,0,0,0,0,0,0,0,194,NaN,NaN,NaN,NaN
spent,t2-plateau-step,colored,100,v6noA,1,1.5,0.995833333333333,0.129166666666667,0,0,0,1,0,0,0,194,NaN,NaN,NaN,NaN
spent,t2-plateau-step,colored,100,v6noB,1,1.5,0.995833333333333,0.129166666666667,0,0,0,1,0,0,0,0,NaN,NaN,NaN,NaN
spent,t2-plateau-step,colored,100,v6noC1,1,1.5,0.129166666666667,0.129166666666667,0,0,0,0,0,0,0,0,NaN,NaN,NaN,NaN
spent,t2-plateau-step,colored,100,v6noC2,1,1.5,0.995833333333333,0.129166666666667,0,0,0,1,0,0,0,0,NaN,NaN,NaN,NaN
spent,t2-plateau-step,colored,100,v6,1,1.5,0.995833333333333,0.129166666666667,0,0,0,1,0,0,0,0,NaN,NaN,NaN,NaN
spent,t2-plateau-step,colored,101,v5,1,3.5,0.120833333333333,0.120833333333333,0,0,0,0,0,0,0,181,NaN,NaN,NaN,NaN
spent,t2-plateau-step,colored,101,v6noA,1,3.5,0.9875,0.120833333333333,0,0,0,1,0,0,0,181,NaN,NaN,NaN,NaN
spent,t2-plateau-step,colored,101,v6noB,1,3.5,0.9875,0.120833333333333,0,0,0,1,0,0,0,0,NaN,NaN,NaN,NaN
spent,t2-plateau-step,colored,101,v6noC1,1,3.5,0.120833333333333,0.120833333333333,0,0,0,0,0,0,0,0,NaN,NaN,NaN,NaN
spent,t2-plateau-step,colored,101,v6noC2,1,3.5,0.9875,0.120833333333333,0,0,0,1,0,0,0,0,NaN,NaN,NaN,NaN
spent,t2-plateau-step,colored,101,v6,1,3.5,0.9875,0.120833333333333,0,0,0,1,0,0,0,0,NaN,NaN,NaN,NaN
spent,t2-plateau-step,colored,102,v5,1,2.5,0.125,0.125,0,0,0,0,0,0,0,176,NaN,NaN,NaN,NaN
spent,t2-plateau-step,colored,102,v6noA,1,2.5,0.991666666666667,0.125,0,0,0,1,0,0,0,176,NaN,NaN,NaN,NaN
spent,t2-plateau-step,colored,102,v6noB,1,2.5,0.991666666666667,0.125,0,0,0,1,0,0,0,0,NaN,NaN,NaN,NaN
spent,t2-plateau-step,colored,102,v6noC1,1,2.5,0.125,0.125,0,0,0,0,0,0,0,0,NaN,NaN,NaN,NaN
spent,t2-plateau-step,colored,102,v6noC2,1,2.5,0.991666666666667,0.125,0,0,0,1,0,0,0,0,NaN,NaN,NaN,NaN
spent,t2-plateau-step,colored,102,v6,1,2.5,0.991666666666667,0.125,0,0,0,1,0,0,0,0,NaN,NaN,NaN,NaN
spent,t2-plateau-step,colored,103,v5,1,1.5,0.129166666666667,0.129166666666667,1.89473684210526,0.157894736842105,0,0,0,0,0,172,NaN,NaN,NaN,NaN
spent,t2-plateau-step,colored,103,v6noA,1,1.5,0.995833333333333,0.129166666666667,1.89473684210526,0.157894736842105,0,1,0,0,0,172,NaN,NaN,NaN,NaN
spent,t2-plateau-step,colored,103,v6noB,1,1.5,0.995833333333333,0.129166666666667,1.89473684210526,0.157894736842105,0,1,0,0,0,0,NaN,NaN,NaN,NaN
spent,t2-plateau-step,colored,103,v6noC1,1,1.5,0.129166666666667,0.129166666666667,1.89473684210526,0.157894736842105,0,0,0,0,0,0,NaN,NaN,NaN,NaN
spent,t2-plateau-step,colored,103,v6noC2,1,1.5,0.995833333333333,0.129166666666667,1.89473684210526,0.157894736842105,0,1,0,0,0,0,NaN,NaN,NaN,NaN
spent,t2-plateau-step,colored,103,v6,1,1.5,0.995833333333333,0.129166666666667,1.89473684210526,0.157894736842105,0,1,0,0,0,0,NaN,NaN,NaN,NaN
spent,t2-plateau-step,colored,104,v5,1,2.5,0.125,0.125,0,0,0,0,0,0,0,180,NaN,NaN,NaN,NaN
spent,t2-plateau-step,colored,104,v6noA,1,2.5,0.991666666666667,0.125,0,0,0,1,0,0,0,180,NaN,NaN,NaN,NaN
spent,t2-plateau-step,colored,104,v6noB,1,2.5,0.991666666666667,0.125,0,0,0,1,0,0,0,0,NaN,NaN,NaN,NaN
spent,t2-plateau-step,colored,104,v6noC1,1,2.5,0.125,0.125,0,0,0,0,0,0,0,0,NaN,NaN,NaN,NaN
spent,t2-plateau-step,colored,104,v6noC2,1,2.5,0.991666666666667,0.125,0,0,0,1,0,0,0,0,NaN,NaN,NaN,NaN
spent,t2-plateau-step,colored,104,v6,1,2.5,0.991666666666667,0.125,0,0,0,1,0,0,0,0,NaN,NaN,NaN,NaN
spent,t2-plateau-step,colored,105,v5,1,2.5,0.125,0.125,0,0,0,0,0,0,0,178,NaN,NaN,NaN,NaN
spent,t2-plateau-step,colored,105,v6noA,1,2.5,0.991666666666667,0.125,0,0,0,1,0,0,0,178,NaN,NaN,NaN,NaN
spent,t2-plateau-step,colored,105,v6noB,1,2.5,0.991666666666667,0.125,0,0,0,1,0,0,0,0,NaN,NaN,NaN,NaN
spent,t2-plateau-step,colored,105,v6noC1,1,2.5,0.125,0.125,0,0,0,0,0,0,0,0,NaN,NaN,NaN,NaN
spent,t2-plateau-step,colored,105,v6noC2,1,2.5,0.991666666666667,0.125,0,0,0,1,0,0,0,0,NaN,NaN,NaN,NaN
spent,t2-plateau-step,colored,105,v6,1,2.5,0.991666666666667,0.125,0,0,0,1,0,0,0,0,NaN,NaN,NaN,NaN
spent,t2-plateau-step,colored,106,v5,1,2.5,0.125,0.125,1.73684210526316,0.315789473684211,0,0,0,0,0,178,NaN,NaN,NaN,NaN
spent,t2-plateau-step,colored,106,v6noA,1,2.5,0.991666666666667,0.125,1.73684210526316,0.315789473684211,0,1,0,0,0,178,NaN,NaN,NaN,NaN
spent,t2-plateau-step,colored,106,v6noB,1,2.5,0.991666666666667,0.125,1.73684210526316,0.315789473684211,0,1,0,0,0,0,NaN,NaN,NaN,NaN
spent,t2-plateau-step,colored,106,v6noC1,1,2.5,0.125,0.125,1.73684210526316,0.315789473684211,0,0,0,0,0,0,NaN,NaN,NaN,NaN
spent,t2-plateau-step,colored,106,v6noC2,1,2.5,0.991666666666667,0.125,1.73684210526316,0.315789473684211,0,1,0,0,0,0,NaN,NaN,NaN,NaN
spent,t2-plateau-step,colored,106,v6,1,2.5,0.991666666666667,0.125,1.73684210526316,0.315789473684211,0,1,0,0,0,0,NaN,NaN,NaN,NaN
spent,t2-plateau-step,colored,107,v5,0,NaN,0,0,0,0,0,0,0,0,0,181,NaN,NaN,NaN,NaN
spent,t2-plateau-step,colored,107,v6noA,0,NaN,0,0,0,0,0,0,0,0,0,181,NaN,NaN,NaN,NaN
spent,t2-plateau-step,colored,107,v6noB,1,2.5,0.991666666666667,0.125,0,0,0,1,0,0,0,0,NaN,NaN,NaN,NaN
spent,t2-plateau-step,colored,107,v6noC1,1,2.5,0.125,0.125,0,0,0,0,0,0,0,0,NaN,NaN,NaN,NaN
spent,t2-plateau-step,colored,107,v6noC2,1,2.5,0.991666666666667,0.125,0,0,0,1,0,0,0,0,NaN,NaN,NaN,NaN
spent,t2-plateau-step,colored,107,v6,1,2.5,0.991666666666667,0.125,0,0,0,1,0,0,0,0,NaN,NaN,NaN,NaN
spent,t2-plateau-step,colored,108,v5,1,2.5,0.125,0.125,0,0,0,0,0,0,0,189,NaN,NaN,NaN,NaN
spent,t2-plateau-step,colored,108,v6noA,1,2.5,0.991666666666667,0.125,0,0,0,1,0,0,0,189,NaN,NaN,NaN,NaN
spent,t2-plateau-step,colored,108,v6noB,1,2.5,0.991666666666667,0.125,0,0,0,1,0,0,0,0,NaN,NaN,NaN,NaN
spent,t2-plateau-step,colored,108,v6noC1,1,2.5,0.125,0.125,0,0,0,0,0,0,0,0,NaN,NaN,NaN,NaN
spent,t2-plateau-step,colored,108,v6noC2,1,2.5,0.991666666666667,0.125,0,0,0,1,0,0,0,0,NaN,NaN,NaN,NaN
spent,t2-plateau-step,colored,108,v6,1,2.5,0.991666666666667,0.125,0,0,0,1,0,0,0,0,NaN,NaN,NaN,NaN
spent,t2-plateau-step,colored,109,v5,1,2.5,0.125,0.125,0,0,0,0,0,0,0,175,NaN,NaN,NaN,NaN
spent,t2-plateau-step,colored,109,v6noA,1,2.5,0.991666666666667,0.125,0,0,0,1,0,0,0,175,NaN,NaN,NaN,NaN
spent,t2-plateau-step,colored,109,v6noB,1,2.5,0.991666666666667,0.125,0,0,0,1,0,0,0,0,NaN,NaN,NaN,NaN
spent,t2-plateau-step,colored,109,v6noC1,1,2.5,0.125,0.125,0,0,0,0,0,0,0,0,NaN,NaN,NaN,NaN
spent,t2-plateau-step,colored,109,v6noC2,1,2.5,0.991666666666667,0.125,0,0,0,1,0,0,0,0,NaN,NaN,NaN,NaN
spent,t2-plateau-step,colored,109,v6,1,2.5,0.991666666666667,0.125,0,0,0,1,0,0,0,0,NaN,NaN,NaN,NaN
spent,t3-slow-sine,white,100,v5,1,5.5,0.983333333333333,0.983333333333333,0,0,0,0,0,0,0,0,NaN,NaN,NaN,NaN
spent,t3-slow-sine,white,100,v6noA,1,5.5,0.98,0.98,0,0,0,0,0.00263157894736842,0.00333333333333333,0,0,NaN,NaN,NaN,NaN
spent,t3-slow-sine,white,100,v6noB,1,5.5,0.98,0.98,0,0,0,0,0.00263157894736842,0.00333333333333333,0,0,NaN,NaN,NaN,NaN
spent,t3-slow-sine,white,100,v6noC1,1,5.5,0.98,0.98,0,0,0,0,0.00263157894736842,0.00333333333333333,0,0,NaN,NaN,NaN,NaN
spent,t3-slow-sine,white,100,v6noC2,1,5.5,0.983333333333333,0.983333333333333,0,0,0,0,0,0,0,0,NaN,NaN,NaN,NaN
spent,t3-slow-sine,white,100,v6,1,5.5,0.98,0.98,0,0,0,0,0.00263157894736842,0.00333333333333333,0,0,NaN,NaN,NaN,NaN
spent,t3-slow-sine,white,101,v5,1,5.5,0.983333333333333,0.983333333333333,0,0,0,0,0,0,0,0,NaN,NaN,NaN,NaN
spent,t3-slow-sine,white,101,v6noA,1,5.5,0.983333333333333,0.983333333333333,0,0,0,0,0,0,0,0,NaN,NaN,NaN,NaN
spent,t3-slow-sine,white,101,v6noB,1,5.5,0.983333333333333,0.983333333333333,0,0,0,0,0,0,0,0,NaN,NaN,NaN,NaN
spent,t3-slow-sine,white,101,v6noC1,1,5.5,0.983333333333333,0.983333333333333,0,0,0,0,0,0,0,0,NaN,NaN,NaN,NaN
spent,t3-slow-sine,white,101,v6noC2,1,5.5,0.983333333333333,0.983333333333333,0,0,0,0,0,0,0,0,NaN,NaN,NaN,NaN
spent,t3-slow-sine,white,101,v6,1,5.5,0.983333333333333,0.983333333333333,0,0,0,0,0,0,0,0,NaN,NaN,NaN,NaN
spent,t3-slow-sine,white,102,v5,1,4.5,0.986666666666667,0.986666666666667,0,0,0,0,0,0,0,0,NaN,NaN,NaN,NaN
spent,t3-slow-sine,white,102,v6noA,1,4.5,0.986666666666667,0.986666666666667,0,0,0,0,0,0,0,0,NaN,NaN,NaN,NaN
spent,t3-slow-sine,white,102,v6noB,1,4.5,0.986666666666667,0.986666666666667,0,0,0,0,0,0,0,0,NaN,NaN,NaN,NaN
spent,t3-slow-sine,white,102,v6noC1,1,4.5,0.986666666666667,0.986666666666667,0,0,0,0,0,0,0,0,NaN,NaN,NaN,NaN
spent,t3-slow-sine,white,102,v6noC2,1,4.5,0.986666666666667,0.986666666666667,0,0,0,0,0,0,0,0,NaN,NaN,NaN,NaN
spent,t3-slow-sine,white,102,v6,1,4.5,0.986666666666667,0.986666666666667,0,0,0,0,0,0,0,0,NaN,NaN,NaN,NaN
spent,t3-slow-sine,white,103,v5,1,5.5,0.983333333333333,0.983333333333333,0,0,0,0,0,0,0,0,NaN,NaN,NaN,NaN
spent,t3-slow-sine,white,103,v6noA,1,5.5,0.983333333333333,0.983333333333333,0,0,0,0,0,0,0,0,NaN,NaN,NaN,NaN
spent,t3-slow-sine,white,103,v6noB,1,5.5,0.983333333333333,0.983333333333333,0,0,0,0,0,0,0,0,NaN,NaN,NaN,NaN
spent,t3-slow-sine,white,103,v6noC1,1,5.5,0.983333333333333,0.983333333333333,0,0,0,0,0,0,0,0,NaN,NaN,NaN,NaN
spent,t3-slow-sine,white,103,v6noC2,1,5.5,0.983333333333333,0.983333333333333,0,0,0,0,0,0,0,0,NaN,NaN,NaN,NaN
spent,t3-slow-sine,white,103,v6,1,5.5,0.983333333333333,0.983333333333333,0,0,0,0,0,0,0,0,NaN,NaN,NaN,NaN
spent,t3-slow-sine,white,104,v5,1,5.5,0.983333333333333,0.983333333333333,1.26315789473684,0.315789473684211,0,0,0,0,0,0,NaN,NaN,NaN,NaN
spent,t3-slow-sine,white,104,v6noA,1,5.5,0.983333333333333,0.983333333333333,1.26315789473684,0.315789473684211,0,0,0,0,0,0,NaN,NaN,NaN,NaN
spent,t3-slow-sine,white,104,v6noB,1,5.5,0.983333333333333,0.983333333333333,1.26315789473684,0.315789473684211,0,0,0,0,0,0,NaN,NaN,NaN,NaN
spent,t3-slow-sine,white,104,v6noC1,1,5.5,0.983333333333333,0.983333333333333,1.26315789473684,0.315789473684211,0,0,0,0,0,0,NaN,NaN,NaN,NaN
spent,t3-slow-sine,white,104,v6noC2,1,5.5,0.983333333333333,0.983333333333333,1.26315789473684,0.315789473684211,0,0,0,0,0,0,NaN,NaN,NaN,NaN
spent,t3-slow-sine,white,104,v6,1,5.5,0.983333333333333,0.983333333333333,1.26315789473684,0.315789473684211,0,0,0,0,0,0,NaN,NaN,NaN,NaN
spent,t3-slow-sine,white,105,v5,1,6.5,0.98,0.98,0,0,0,0,0,0,0,0,NaN,NaN,NaN,NaN
spent,t3-slow-sine,white,105,v6noA,1,6.5,0.98,0.98,0,0,0,0,0,0,0,0,NaN,NaN,NaN,NaN
spent,t3-slow-sine,white,105,v6noB,1,6.5,0.98,0.98,0,0,0,0,0,0,0,0,NaN,NaN,NaN,NaN
spent,t3-slow-sine,white,105,v6noC1,1,6.5,0.98,0.98,0,0,0,0,0,0,0,0,NaN,NaN,NaN,NaN
spent,t3-slow-sine,white,105,v6noC2,1,6.5,0.98,0.98,0,0,0,0,0,0,0,0,NaN,NaN,NaN,NaN
spent,t3-slow-sine,white,105,v6,1,6.5,0.98,0.98,0,0,0,0,0,0,0,0,NaN,NaN,NaN,NaN
spent,t3-slow-sine,white,106,v5,1,4.5,0.986666666666667,0.986666666666667,0,0,0,0,0,0,0,0,NaN,NaN,NaN,NaN
spent,t3-slow-sine,white,106,v6noA,1,4.5,0.986666666666667,0.986666666666667,0,0,0,0,0,0,0,0,NaN,NaN,NaN,NaN
spent,t3-slow-sine,white,106,v6noB,1,4.5,0.986666666666667,0.986666666666667,0,0,0,0,0,0,0,0,NaN,NaN,NaN,NaN
spent,t3-slow-sine,white,106,v6noC1,1,4.5,0.986666666666667,0.986666666666667,0,0,0,0,0,0,0,0,NaN,NaN,NaN,NaN
spent,t3-slow-sine,white,106,v6noC2,1,4.5,0.986666666666667,0.986666666666667,0,0,0,0,0,0,0,0,NaN,NaN,NaN,NaN
spent,t3-slow-sine,white,106,v6,1,4.5,0.986666666666667,0.986666666666667,0,0,0,0,0,0,0,0,NaN,NaN,NaN,NaN
spent,t3-slow-sine,white,107,v5,1,4.5,0.986666666666667,0.986666666666667,0,0,0,0,0,0,0,0,NaN,NaN,NaN,NaN
spent,t3-slow-sine,white,107,v6noA,1,4.5,0.986666666666667,0.986666666666667,0,0,0,0,0,0,0,0,NaN,NaN,NaN,NaN
spent,t3-slow-sine,white,107,v6noB,1,4.5,0.986666666666667,0.986666666666667,0,0,0,0,0,0,0,0,NaN,NaN,NaN,NaN
spent,t3-slow-sine,white,107,v6noC1,1,4.5,0.986666666666667,0.986666666666667,0,0,0,0,0,0,0,0,NaN,NaN,NaN,NaN
spent,t3-slow-sine,white,107,v6noC2,1,4.5,0.986666666666667,0.986666666666667,0,0,0,0,0,0,0,0,NaN,NaN,NaN,NaN
spent,t3-slow-sine,white,107,v6,1,4.5,0.986666666666667,0.986666666666667,0,0,0,0,0,0,0,0,NaN,NaN,NaN,NaN
spent,t3-slow-sine,white,108,v5,1,5.5,0.983333333333333,0.983333333333333,0,0,0,0,0,0,0,0,NaN,NaN,NaN,NaN
spent,t3-slow-sine,white,108,v6noA,1,5.5,0.983333333333333,0.983333333333333,0,0,0,0,0,0,0,0,NaN,NaN,NaN,NaN
spent,t3-slow-sine,white,108,v6noB,1,5.5,0.983333333333333,0.983333333333333,0,0,0,0,0,0,0,0,NaN,NaN,NaN,NaN
spent,t3-slow-sine,white,108,v6noC1,1,5.5,0.983333333333333,0.983333333333333,0,0,0,0,0,0,0,0,NaN,NaN,NaN,NaN
spent,t3-slow-sine,white,108,v6noC2,1,5.5,0.983333333333333,0.983333333333333,0,0,0,0,0,0,0,0,NaN,NaN,NaN,NaN
spent,t3-slow-sine,white,108,v6,1,5.5,0.983333333333333,0.983333333333333,0,0,0,0,0,0,0,0,NaN,NaN,NaN,NaN
spent,t3-slow-sine,white,109,v5,1,4.5,0.986666666666667,0.986666666666667,0,0,0,0,0,0,0,0,NaN,NaN,NaN,NaN
spent,t3-slow-sine,white,109,v6noA,1,4.5,0.986666666666667,0.986666666666667,0,0,0,0,0,0,0,0,NaN,NaN,NaN,NaN
spent,t3-slow-sine,white,109,v6noB,1,4.5,0.986666666666667,0.986666666666667,0,0,0,0,0,0,0,0,NaN,NaN,NaN,NaN
spent,t3-slow-sine,white,109,v6noC1,1,4.5,0.986666666666667,0.986666666666667,0,0,0,0,0,0,0,0,NaN,NaN,NaN,NaN
spent,t3-slow-sine,white,109,v6noC2,1,4.5,0.986666666666667,0.986666666666667,0,0,0,0,0,0,0,0,NaN,NaN,NaN,NaN
spent,t3-slow-sine,white,109,v6,1,4.5,0.986666666666667,0.986666666666667,0,0,0,0,0,0,0,0,NaN,NaN,NaN,NaN
spent,t3-slow-sine,colored,100,v5,1,65.5,0.783333333333333,0.783333333333333,0,0,0,0,0,0,0,0,NaN,NaN,NaN,NaN
spent,t3-slow-sine,colored,100,v6noA,1,65.5,0.783333333333333,0.783333333333333,0,0,0,0,0,0,0,0,NaN,NaN,NaN,NaN
spent,t3-slow-sine,colored,100,v6noB,1,65.5,0.783333333333333,0.783333333333333,0,0,0,0,0,0,0,0,NaN,NaN,NaN,NaN
spent,t3-slow-sine,colored,100,v6noC1,1,65.5,0.783333333333333,0.783333333333333,0,0,0,0,0,0,0,0,NaN,NaN,NaN,NaN
spent,t3-slow-sine,colored,100,v6noC2,1,65.5,0.783333333333333,0.783333333333333,0,0,0,0,0,0,0,0,NaN,NaN,NaN,NaN
spent,t3-slow-sine,colored,100,v6,1,65.5,0.783333333333333,0.783333333333333,0,0,0,0,0,0,0,0,NaN,NaN,NaN,NaN
spent,t3-slow-sine,colored,101,v5,1,62.5,0.79,0.79,0,0,0,0,0,0,0,0,NaN,NaN,NaN,NaN
spent,t3-slow-sine,colored,101,v6noA,1,62.5,0.79,0.79,0,0,0,0,0,0,0,0,NaN,NaN,NaN,NaN
spent,t3-slow-sine,colored,101,v6noB,1,62.5,0.79,0.79,0,0,0,0,0,0,0,0,NaN,NaN,NaN,NaN
spent,t3-slow-sine,colored,101,v6noC1,1,62.5,0.79,0.79,0,0,0,0,0,0,0,0,NaN,NaN,NaN,NaN
spent,t3-slow-sine,colored,101,v6noC2,1,62.5,0.79,0.79,0,0,0,0,0,0,0,0,NaN,NaN,NaN,NaN
spent,t3-slow-sine,colored,101,v6,1,62.5,0.79,0.79,0,0,0,0,0,0,0,0,NaN,NaN,NaN,NaN
spent,t3-slow-sine,colored,102,v5,1,70.5,0.766666666666667,0.766666666666667,0,0,0,0,0,0,0,0,NaN,NaN,NaN,NaN
spent,t3-slow-sine,colored,102,v6noA,1,70.5,0.743333333333333,0.743333333333333,0,0,0,0,0.0131578947368421,0.0166666666666667,0,0,NaN,NaN,NaN,NaN
spent,t3-slow-sine,colored,102,v6noB,1,70.5,0.743333333333333,0.743333333333333,0,0,0,0,0.0131578947368421,0.0166666666666667,0,0,NaN,NaN,NaN,NaN
spent,t3-slow-sine,colored,102,v6noC1,1,70.5,0.743333333333333,0.743333333333333,0,0,0,0,0.0131578947368421,0.0166666666666667,0,0,NaN,NaN,NaN,NaN
spent,t3-slow-sine,colored,102,v6noC2,1,70.5,0.766666666666667,0.766666666666667,0,0,0,0,0,0,0,0,NaN,NaN,NaN,NaN
spent,t3-slow-sine,colored,102,v6,1,70.5,0.743333333333333,0.743333333333333,0,0,0,0,0.0131578947368421,0.0166666666666667,0,0,NaN,NaN,NaN,NaN
spent,t3-slow-sine,colored,103,v5,1,43.5,0.603333333333333,0.603333333333333,4.89473684210526,0.157894736842105,0,0,0,0,0,0,NaN,NaN,NaN,NaN
spent,t3-slow-sine,colored,103,v6noA,1,43.5,0.196666666666667,0.196666666666667,4.89473684210526,0.315789473684211,1,1,0,0,0,0,NaN,NaN,NaN,NaN
spent,t3-slow-sine,colored,103,v6noB,1,43.5,0.196666666666667,0.196666666666667,4.89473684210526,0.315789473684211,1,1,0,0,0,0,NaN,NaN,NaN,NaN
spent,t3-slow-sine,colored,103,v6noC1,1,43.5,0.603333333333333,0.603333333333333,4.89473684210526,0.157894736842105,0,0,0,0,0,0,NaN,NaN,NaN,NaN
spent,t3-slow-sine,colored,103,v6noC2,1,43.5,0.196666666666667,0.196666666666667,4.89473684210526,0.315789473684211,1,1,0,0,0,0,NaN,NaN,NaN,NaN
spent,t3-slow-sine,colored,103,v6,1,43.5,0.196666666666667,0.196666666666667,4.89473684210526,0.315789473684211,1,1,0,0,0,0,NaN,NaN,NaN,NaN
spent,t3-slow-sine,colored,104,v5,1,36.5,0.813333333333333,0.813333333333333,0,0,0,0,0,0,0,0,NaN,NaN,NaN,NaN
spent,t3-slow-sine,colored,104,v6noA,1,36.5,0.2,0.2,0,0,0,1,0,0,0,0,NaN,NaN,NaN,NaN
spent,t3-slow-sine,colored,104,v6noB,1,36.5,0.2,0.2,0,0,0,1,0,0,0,0,NaN,NaN,NaN,NaN
spent,t3-slow-sine,colored,104,v6noC1,1,36.5,0.813333333333333,0.813333333333333,0,0,0,0,0,0,0,0,NaN,NaN,NaN,NaN
spent,t3-slow-sine,colored,104,v6noC2,1,36.5,0.2,0.2,0,0,0,1,0,0,0,0,NaN,NaN,NaN,NaN
spent,t3-slow-sine,colored,104,v6,1,36.5,0.2,0.2,0,0,0,1,0,0,0,0,NaN,NaN,NaN,NaN
spent,t3-slow-sine,colored,105,v5,1,65.5,0.783333333333333,0.783333333333333,0,0,0,0,0,0,0,0,NaN,NaN,NaN,NaN
spent,t3-slow-sine,colored,105,v6noA,1,65.5,0.783333333333333,0.783333333333333,0,0,0,0,0,0,0,0,NaN,NaN,NaN,NaN
spent,t3-slow-sine,colored,105,v6noB,1,65.5,0.783333333333333,0.783333333333333,0,0,0,0,0,0,0,0,NaN,NaN,NaN,NaN
spent,t3-slow-sine,colored,105,v6noC1,1,65.5,0.783333333333333,0.783333333333333,0,0,0,0,0,0,0,0,NaN,NaN,NaN,NaN
spent,t3-slow-sine,colored,105,v6noC2,1,65.5,0.783333333333333,0.783333333333333,0,0,0,0,0,0,0,0,NaN,NaN,NaN,NaN
spent,t3-slow-sine,colored,105,v6,1,65.5,0.783333333333333,0.783333333333333,0,0,0,0,0,0,0,0,NaN,NaN,NaN,NaN
spent,t3-slow-sine,colored,106,v5,1,55.5,0.73,0.73,0,0,0,0,0,0,0,0,NaN,NaN,NaN,NaN
spent,t3-slow-sine,colored,106,v6noA,1,55.5,0.693333333333333,0.693333333333333,0,0,0,1,0.0236842105263158,0.03,0,0,NaN,NaN,NaN,NaN
spent,t3-slow-sine,colored,106,v6noB,1,55.5,0.693333333333333,0.693333333333333,0,0,0,1,0.0236842105263158,0.03,0,0,NaN,NaN,NaN,NaN
spent,t3-slow-sine,colored,106,v6noC1,1,55.5,0.7,0.7,0,0,0,0,0.0210526315789474,0.0266666666666667,0,0,NaN,NaN,NaN,NaN
spent,t3-slow-sine,colored,106,v6noC2,1,55.5,0.726666666666667,0.726666666666667,0,0,0,1,0,0,0,0,NaN,NaN,NaN,NaN
spent,t3-slow-sine,colored,106,v6,1,55.5,0.693333333333333,0.693333333333333,0,0,0,1,0.0236842105263158,0.03,0,0,NaN,NaN,NaN,NaN
spent,t3-slow-sine,colored,107,v5,1,92.5,0.693333333333333,0.693333333333333,0,0,0,0,0,0,0,0,NaN,NaN,NaN,NaN
spent,t3-slow-sine,colored,107,v6noA,1,92.5,0.693333333333333,0.693333333333333,0,0,0,0,0,0,0,0,NaN,NaN,NaN,NaN
spent,t3-slow-sine,colored,107,v6noB,1,92.5,0.693333333333333,0.693333333333333,0,0,0,0,0,0,0,0,NaN,NaN,NaN,NaN
spent,t3-slow-sine,colored,107,v6noC1,1,92.5,0.693333333333333,0.693333333333333,0,0,0,0,0,0,0,0,NaN,NaN,NaN,NaN
spent,t3-slow-sine,colored,107,v6noC2,1,92.5,0.693333333333333,0.693333333333333,0,0,0,0,0,0,0,0,NaN,NaN,NaN,NaN
spent,t3-slow-sine,colored,107,v6,1,92.5,0.693333333333333,0.693333333333333,0,0,0,0,0,0,0,0,NaN,NaN,NaN,NaN
spent,t3-slow-sine,colored,108,v5,1,73.5,0.756666666666667,0.756666666666667,0,0,0,0,0,0,0,0,NaN,NaN,NaN,NaN
spent,t3-slow-sine,colored,108,v6noA,1,73.5,0.756666666666667,0.756666666666667,0,0,0,0,0,0,0,0,NaN,NaN,NaN,NaN
spent,t3-slow-sine,colored,108,v6noB,1,73.5,0.756666666666667,0.756666666666667,0,0,0,0,0,0,0,0,NaN,NaN,NaN,NaN
spent,t3-slow-sine,colored,108,v6noC1,1,73.5,0.756666666666667,0.756666666666667,0,0,0,0,0,0,0,0,NaN,NaN,NaN,NaN
spent,t3-slow-sine,colored,108,v6noC2,1,73.5,0.756666666666667,0.756666666666667,0,0,0,0,0,0,0,0,NaN,NaN,NaN,NaN
spent,t3-slow-sine,colored,108,v6,1,73.5,0.756666666666667,0.756666666666667,0,0,0,0,0,0,0,0,NaN,NaN,NaN,NaN
spent,t3-slow-sine,colored,109,v5,1,53.5,0.823333333333333,0.823333333333333,0,0,0,0,0,0,0,0,NaN,NaN,NaN,NaN
spent,t3-slow-sine,colored,109,v6noA,1,53.5,0.823333333333333,0.823333333333333,0,0,0,0,0,0,0,0,NaN,NaN,NaN,NaN
spent,t3-slow-sine,colored,109,v6noB,1,53.5,0.823333333333333,0.823333333333333,0,0,0,0,0,0,0,0,NaN,NaN,NaN,NaN
spent,t3-slow-sine,colored,109,v6noC1,1,53.5,0.823333333333333,0.823333333333333,0,0,0,0,0,0,0,0,NaN,NaN,NaN,NaN
spent,t3-slow-sine,colored,109,v6noC2,1,53.5,0.823333333333333,0.823333333333333,0,0,0,0,0,0,0,0,NaN,NaN,NaN,NaN
spent,t3-slow-sine,colored,109,v6,1,53.5,0.823333333333333,0.823333333333333,0,0,0,0,0,0,0,0,NaN,NaN,NaN,NaN
spent,t4-mag-drift,white,100,v5,1,9.5,0.957142857142857,0.957142857142857,0,0,0,0,0,0,0,0,NaN,NaN,NaN,NaN
spent,t4-mag-drift,white,100,v6noA,1,9.5,0.957142857142857,0.957142857142857,0,0,0,0,0,0,0,0,NaN,NaN,NaN,NaN
spent,t4-mag-drift,white,100,v6noB,1,9.5,0.957142857142857,0.957142857142857,0,0,0,0,0,0,0,0,NaN,NaN,NaN,NaN
spent,t4-mag-drift,white,100,v6noC1,1,9.5,0.957142857142857,0.957142857142857,0,0,0,0,0,0,0,0,NaN,NaN,NaN,NaN
spent,t4-mag-drift,white,100,v6noC2,1,9.5,0.957142857142857,0.957142857142857,0,0,0,0,0,0,0,0,NaN,NaN,NaN,NaN
spent,t4-mag-drift,white,100,v6,1,9.5,0.957142857142857,0.957142857142857,0,0,0,0,0,0,0,0,NaN,NaN,NaN,NaN
spent,t4-mag-drift,white,101,v5,1,8.5,0.961904761904762,0.961904761904762,0,0,0,0,0,0,0,0,NaN,NaN,NaN,NaN
spent,t4-mag-drift,white,101,v6noA,1,8.5,0.961904761904762,0.961904761904762,0,0,0,0,0,0,0,0,NaN,NaN,NaN,NaN
spent,t4-mag-drift,white,101,v6noB,1,8.5,0.961904761904762,0.961904761904762,0,0,0,0,0,0,0,0,NaN,NaN,NaN,NaN
spent,t4-mag-drift,white,101,v6noC1,1,8.5,0.961904761904762,0.961904761904762,0,0,0,0,0,0,0,0,NaN,NaN,NaN,NaN
spent,t4-mag-drift,white,101,v6noC2,1,8.5,0.961904761904762,0.961904761904762,0,0,0,0,0,0,0,0,NaN,NaN,NaN,NaN
spent,t4-mag-drift,white,101,v6,1,8.5,0.961904761904762,0.961904761904762,0,0,0,0,0,0,0,0,NaN,NaN,NaN,NaN
spent,t4-mag-drift,white,102,v5,1,6.5,0.971428571428571,0.971428571428571,0,0,0,0,0,0,0,0,NaN,NaN,NaN,NaN
spent,t4-mag-drift,white,102,v6noA,1,6.5,0.971428571428571,0.971428571428571,0,0,0,0,0,0,0,0,NaN,NaN,NaN,NaN
spent,t4-mag-drift,white,102,v6noB,1,6.5,0.971428571428571,0.971428571428571,0,0,0,0,0,0,0,0,NaN,NaN,NaN,NaN
spent,t4-mag-drift,white,102,v6noC1,1,6.5,0.971428571428571,0.971428571428571,0,0,0,0,0,0,0,0,NaN,NaN,NaN,NaN
spent,t4-mag-drift,white,102,v6noC2,1,6.5,0.971428571428571,0.971428571428571,0,0,0,0,0,0,0,0,NaN,NaN,NaN,NaN
spent,t4-mag-drift,white,102,v6,1,6.5,0.971428571428571,0.971428571428571,0,0,0,0,0,0,0,0,NaN,NaN,NaN,NaN
spent,t4-mag-drift,white,103,v5,1,6.5,0.971428571428571,0.971428571428571,0,0,0,0,0,0,0,0,NaN,NaN,NaN,NaN
spent,t4-mag-drift,white,103,v6noA,1,6.5,0.971428571428571,0.971428571428571,0,0,0,0,0,0,0,0,NaN,NaN,NaN,NaN
spent,t4-mag-drift,white,103,v6noB,1,6.5,0.971428571428571,0.971428571428571,0,0,0,0,0,0,0,0,NaN,NaN,NaN,NaN
spent,t4-mag-drift,white,103,v6noC1,1,6.5,0.971428571428571,0.971428571428571,0,0,0,0,0,0,0,0,NaN,NaN,NaN,NaN
spent,t4-mag-drift,white,103,v6noC2,1,6.5,0.971428571428571,0.971428571428571,0,0,0,0,0,0,0,0,NaN,NaN,NaN,NaN
spent,t4-mag-drift,white,103,v6,1,6.5,0.971428571428571,0.971428571428571,0,0,0,0,0,0,0,0,NaN,NaN,NaN,NaN
spent,t4-mag-drift,white,104,v5,1,9.5,0.957142857142857,0.957142857142857,0,0,0,0,0,0,0,0,NaN,NaN,NaN,NaN
spent,t4-mag-drift,white,104,v6noA,1,9.5,0.957142857142857,0.957142857142857,0,0,0,0,0,0,0,0,NaN,NaN,NaN,NaN
spent,t4-mag-drift,white,104,v6noB,1,9.5,0.957142857142857,0.957142857142857,0,0,0,0,0,0,0,0,NaN,NaN,NaN,NaN
spent,t4-mag-drift,white,104,v6noC1,1,9.5,0.957142857142857,0.957142857142857,0,0,0,0,0,0,0,0,NaN,NaN,NaN,NaN
spent,t4-mag-drift,white,104,v6noC2,1,9.5,0.957142857142857,0.957142857142857,0,0,0,0,0,0,0,0,NaN,NaN,NaN,NaN
spent,t4-mag-drift,white,104,v6,1,9.5,0.957142857142857,0.957142857142857,0,0,0,0,0,0,0,0,NaN,NaN,NaN,NaN
spent,t4-mag-drift,white,105,v5,1,6.5,0.971428571428571,0.971428571428571,0,0,0,0,0,0,0,0,NaN,NaN,NaN,NaN
spent,t4-mag-drift,white,105,v6noA,1,6.5,0.971428571428571,0.971428571428571,0,0,0,0,0,0,0,0,NaN,NaN,NaN,NaN
spent,t4-mag-drift,white,105,v6noB,1,6.5,0.971428571428571,0.971428571428571,0,0,0,0,0,0,0,0,NaN,NaN,NaN,NaN
spent,t4-mag-drift,white,105,v6noC1,1,6.5,0.971428571428571,0.971428571428571,0,0,0,0,0,0,0,0,NaN,NaN,NaN,NaN
spent,t4-mag-drift,white,105,v6noC2,1,6.5,0.971428571428571,0.971428571428571,0,0,0,0,0,0,0,0,NaN,NaN,NaN,NaN
spent,t4-mag-drift,white,105,v6,1,6.5,0.971428571428571,0.971428571428571,0,0,0,0,0,0,0,0,NaN,NaN,NaN,NaN
spent,t4-mag-drift,white,106,v5,1,8.5,0.961904761904762,0.961904761904762,0,0,0,0,0,0,0,0,NaN,NaN,NaN,NaN
spent,t4-mag-drift,white,106,v6noA,1,8.5,0.961904761904762,0.961904761904762,0,0,0,0,0,0,0,0,NaN,NaN,NaN,NaN
spent,t4-mag-drift,white,106,v6noB,1,8.5,0.961904761904762,0.961904761904762,0,0,0,0,0,0,0,0,NaN,NaN,NaN,NaN
spent,t4-mag-drift,white,106,v6noC1,1,8.5,0.961904761904762,0.961904761904762,0,0,0,0,0,0,0,0,NaN,NaN,NaN,NaN
spent,t4-mag-drift,white,106,v6noC2,1,8.5,0.961904761904762,0.961904761904762,0,0,0,0,0,0,0,0,NaN,NaN,NaN,NaN
spent,t4-mag-drift,white,106,v6,1,8.5,0.961904761904762,0.961904761904762,0,0,0,0,0,0,0,0,NaN,NaN,NaN,NaN
spent,t4-mag-drift,white,107,v5,1,7.5,0.966666666666667,0.966666666666667,0,0,0,0,0,0,0,0,NaN,NaN,NaN,NaN
spent,t4-mag-drift,white,107,v6noA,1,7.5,0.966666666666667,0.966666666666667,0,0,0,0,0,0,0,0,NaN,NaN,NaN,NaN
spent,t4-mag-drift,white,107,v6noB,1,7.5,0.966666666666667,0.966666666666667,0,0,0,0,0,0,0,0,NaN,NaN,NaN,NaN
spent,t4-mag-drift,white,107,v6noC1,1,7.5,0.966666666666667,0.966666666666667,0,0,0,0,0,0,0,0,NaN,NaN,NaN,NaN
spent,t4-mag-drift,white,107,v6noC2,1,7.5,0.966666666666667,0.966666666666667,0,0,0,0,0,0,0,0,NaN,NaN,NaN,NaN
spent,t4-mag-drift,white,107,v6,1,7.5,0.966666666666667,0.966666666666667,0,0,0,0,0,0,0,0,NaN,NaN,NaN,NaN
spent,t4-mag-drift,white,108,v5,1,9.5,0.957142857142857,0.957142857142857,0,0,0,0,0,0,0,0,NaN,NaN,NaN,NaN
spent,t4-mag-drift,white,108,v6noA,1,9.5,0.957142857142857,0.957142857142857,0,0,0,0,0,0,0,0,NaN,NaN,NaN,NaN
spent,t4-mag-drift,white,108,v6noB,1,9.5,0.957142857142857,0.957142857142857,0,0,0,0,0,0,0,0,NaN,NaN,NaN,NaN
spent,t4-mag-drift,white,108,v6noC1,1,9.5,0.957142857142857,0.957142857142857,0,0,0,0,0,0,0,0,NaN,NaN,NaN,NaN
spent,t4-mag-drift,white,108,v6noC2,1,9.5,0.957142857142857,0.957142857142857,0,0,0,0,0,0,0,0,NaN,NaN,NaN,NaN
spent,t4-mag-drift,white,108,v6,1,9.5,0.957142857142857,0.957142857142857,0,0,0,0,0,0,0,0,NaN,NaN,NaN,NaN
spent,t4-mag-drift,white,109,v5,1,7.5,0.966666666666667,0.966666666666667,0,0,0,0,0,0,0,0,NaN,NaN,NaN,NaN
spent,t4-mag-drift,white,109,v6noA,1,7.5,0.966666666666667,0.966666666666667,0,0,0,0,0,0,0,0,NaN,NaN,NaN,NaN
spent,t4-mag-drift,white,109,v6noB,1,7.5,0.966666666666667,0.966666666666667,0,0,0,0,0,0,0,0,NaN,NaN,NaN,NaN
spent,t4-mag-drift,white,109,v6noC1,1,7.5,0.966666666666667,0.966666666666667,0,0,0,0,0,0,0,0,NaN,NaN,NaN,NaN
spent,t4-mag-drift,white,109,v6noC2,1,7.5,0.966666666666667,0.966666666666667,0,0,0,0,0,0,0,0,NaN,NaN,NaN,NaN
spent,t4-mag-drift,white,109,v6,1,7.5,0.966666666666667,0.966666666666667,0,0,0,0,0,0,0,0,NaN,NaN,NaN,NaN
spent,t4-mag-drift,colored,100,v5,1,15.5,0.928571428571429,0.928571428571429,0,0,0,0,0,0,0,0,NaN,NaN,NaN,NaN
spent,t4-mag-drift,colored,100,v6noA,1,15.5,0.928571428571429,0.928571428571429,0,0,0,0,0,0,0,0,NaN,NaN,NaN,NaN
spent,t4-mag-drift,colored,100,v6noB,1,15.5,0.928571428571429,0.928571428571429,0,0,0,0,0,0,0,0,NaN,NaN,NaN,NaN
spent,t4-mag-drift,colored,100,v6noC1,1,15.5,0.928571428571429,0.928571428571429,0,0,0,0,0,0,0,0,NaN,NaN,NaN,NaN
spent,t4-mag-drift,colored,100,v6noC2,1,15.5,0.928571428571429,0.928571428571429,0,0,0,0,0,0,0,0,NaN,NaN,NaN,NaN
spent,t4-mag-drift,colored,100,v6,1,15.5,0.928571428571429,0.928571428571429,0,0,0,0,0,0,0,0,NaN,NaN,NaN,NaN
spent,t4-mag-drift,colored,101,v5,1,13.5,0.933333333333333,0.933333333333333,0,0,0,0,0,0,0,0,NaN,NaN,NaN,NaN
spent,t4-mag-drift,colored,101,v6noA,1,13.5,0.928571428571429,0.928571428571429,0,0,0,0,0.00263157894736842,0.00476190476190476,0,0,NaN,NaN,NaN,NaN
spent,t4-mag-drift,colored,101,v6noB,1,13.5,0.928571428571429,0.928571428571429,0,0,0,0,0.00263157894736842,0.00476190476190476,0,0,NaN,NaN,NaN,NaN
spent,t4-mag-drift,colored,101,v6noC1,1,13.5,0.928571428571429,0.928571428571429,0,0,0,0,0.00263157894736842,0.00476190476190476,0,0,NaN,NaN,NaN,NaN
spent,t4-mag-drift,colored,101,v6noC2,1,13.5,0.933333333333333,0.933333333333333,0,0,0,0,0,0,0,0,NaN,NaN,NaN,NaN
spent,t4-mag-drift,colored,101,v6,1,13.5,0.928571428571429,0.928571428571429,0,0,0,0,0.00263157894736842,0.00476190476190476,0,0,NaN,NaN,NaN,NaN
spent,t4-mag-drift,colored,102,v5,1,18.5,0.914285714285714,0.914285714285714,0,0,0,0,0,0,0,0,NaN,NaN,NaN,NaN
spent,t4-mag-drift,colored,102,v6noA,1,18.5,0.914285714285714,0.914285714285714,0,0,0,0,0,0,0,0,NaN,NaN,NaN,NaN
spent,t4-mag-drift,colored,102,v6noB,1,18.5,0.914285714285714,0.914285714285714,0,0,0,0,0,0,0,0,NaN,NaN,NaN,NaN
spent,t4-mag-drift,colored,102,v6noC1,1,18.5,0.914285714285714,0.914285714285714,0,0,0,0,0,0,0,0,NaN,NaN,NaN,NaN
spent,t4-mag-drift,colored,102,v6noC2,1,18.5,0.914285714285714,0.914285714285714,0,0,0,0,0,0,0,0,NaN,NaN,NaN,NaN
spent,t4-mag-drift,colored,102,v6,1,18.5,0.914285714285714,0.914285714285714,0,0,0,0,0,0,0,0,NaN,NaN,NaN,NaN
spent,t4-mag-drift,colored,103,v5,1,16.5,0.923809523809524,0.923809523809524,9.31578947368421,0.315789473684211,0,0,0,0,0,0,NaN,NaN,NaN,NaN
spent,t4-mag-drift,colored,103,v6noA,1,16.5,0.847619047619048,0.847619047619048,5.68421052631579,0.473684210526316,1,0,0.0289473684210526,0.0523809523809524,0,0,NaN,NaN,NaN,NaN
spent,t4-mag-drift,colored,103,v6noB,1,16.5,0.847619047619048,0.847619047619048,5.68421052631579,0.473684210526316,1,0,0.0289473684210526,0.0523809523809524,0,0,NaN,NaN,NaN,NaN
spent,t4-mag-drift,colored,103,v6noC1,1,16.5,0.857142857142857,0.857142857142857,5.68421052631579,0.315789473684211,0,0,0.0263157894736842,0.0476190476190476,0,0,NaN,NaN,NaN,NaN
spent,t4-mag-drift,colored,103,v6noC2,1,16.5,0.923809523809524,0.923809523809524,9.63157894736842,0.631578947368421,2,0,0,0,0,0,NaN,NaN,NaN,NaN
spent,t4-mag-drift,colored,103,v6,1,16.5,0.847619047619048,0.847619047619048,5.68421052631579,0.473684210526316,1,0,0.0289473684210526,0.0523809523809524,0,0,NaN,NaN,NaN,NaN
spent,t4-mag-drift,colored,104,v5,1,21.5,0.9,0.9,0,0,0,0,0,0,0,0,NaN,NaN,NaN,NaN
spent,t4-mag-drift,colored,104,v6noA,1,21.5,0.9,0.9,0,0,0,0,0,0,0,0,NaN,NaN,NaN,NaN
spent,t4-mag-drift,colored,104,v6noB,1,21.5,0.9,0.9,0,0,0,0,0,0,0,0,NaN,NaN,NaN,NaN
spent,t4-mag-drift,colored,104,v6noC1,1,21.5,0.9,0.9,0,0,0,0,0,0,0,0,NaN,NaN,NaN,NaN
spent,t4-mag-drift,colored,104,v6noC2,1,21.5,0.9,0.9,0,0,0,0,0,0,0,0,NaN,NaN,NaN,NaN
spent,t4-mag-drift,colored,104,v6,1,21.5,0.9,0.9,0,0,0,0,0,0,0,0,NaN,NaN,NaN,NaN
spent,t4-mag-drift,colored,105,v5,1,17.5,0.919047619047619,0.919047619047619,0,0,0,0,0,0,0,0,NaN,NaN,NaN,NaN
spent,t4-mag-drift,colored,105,v6noA,1,17.5,0.919047619047619,0.919047619047619,0,0,0,0,0,0,0,0,NaN,NaN,NaN,NaN
spent,t4-mag-drift,colored,105,v6noB,1,17.5,0.919047619047619,0.919047619047619,0,0,0,0,0,0,0,0,NaN,NaN,NaN,NaN
spent,t4-mag-drift,colored,105,v6noC1,1,17.5,0.919047619047619,0.919047619047619,0,0,0,0,0,0,0,0,NaN,NaN,NaN,NaN
spent,t4-mag-drift,colored,105,v6noC2,1,17.5,0.919047619047619,0.919047619047619,0,0,0,0,0,0,0,0,NaN,NaN,NaN,NaN
spent,t4-mag-drift,colored,105,v6,1,17.5,0.919047619047619,0.919047619047619,0,0,0,0,0,0,0,0,NaN,NaN,NaN,NaN
spent,t4-mag-drift,colored,106,v5,1,15.5,0.928571428571429,0.928571428571429,0.315789473684211,0.157894736842105,0,0,0,0,0,0,NaN,NaN,NaN,NaN
spent,t4-mag-drift,colored,106,v6noA,1,15.5,0.928571428571429,0.928571428571429,0.315789473684211,0.157894736842105,0,0,0,0,0,0,NaN,NaN,NaN,NaN
spent,t4-mag-drift,colored,106,v6noB,1,15.5,0.928571428571429,0.928571428571429,0.315789473684211,0.157894736842105,0,0,0,0,0,0,NaN,NaN,NaN,NaN
spent,t4-mag-drift,colored,106,v6noC1,1,15.5,0.928571428571429,0.928571428571429,0.315789473684211,0.157894736842105,0,0,0,0,0,0,NaN,NaN,NaN,NaN
spent,t4-mag-drift,colored,106,v6noC2,1,15.5,0.928571428571429,0.928571428571429,0.315789473684211,0.157894736842105,0,0,0,0,0,0,NaN,NaN,NaN,NaN
spent,t4-mag-drift,colored,106,v6,1,15.5,0.928571428571429,0.928571428571429,0.315789473684211,0.157894736842105,0,0,0,0,0,0,NaN,NaN,NaN,NaN
spent,t4-mag-drift,colored,107,v5,1,11.5,0.947619047619048,0.947619047619048,0,0,0,0,0,0,0,0,NaN,NaN,NaN,NaN
spent,t4-mag-drift,colored,107,v6noA,1,11.5,0.947619047619048,0.947619047619048,0,0,0,0,0,0,0,0,NaN,NaN,NaN,NaN
spent,t4-mag-drift,colored,107,v6noB,1,11.5,0.947619047619048,0.947619047619048,0,0,0,0,0,0,0,0,NaN,NaN,NaN,NaN
spent,t4-mag-drift,colored,107,v6noC1,1,11.5,0.947619047619048,0.947619047619048,0,0,0,0,0,0,0,0,NaN,NaN,NaN,NaN
spent,t4-mag-drift,colored,107,v6noC2,1,11.5,0.947619047619048,0.947619047619048,0,0,0,0,0,0,0,0,NaN,NaN,NaN,NaN
spent,t4-mag-drift,colored,107,v6,1,11.5,0.947619047619048,0.947619047619048,0,0,0,0,0,0,0,0,NaN,NaN,NaN,NaN
spent,t4-mag-drift,colored,108,v5,1,17.5,0.919047619047619,0.919047619047619,0,0,0,0,0,0,0,0,NaN,NaN,NaN,NaN
spent,t4-mag-drift,colored,108,v6noA,1,17.5,0.919047619047619,0.919047619047619,0,0,0,0,0,0,0,0,NaN,NaN,NaN,NaN
spent,t4-mag-drift,colored,108,v6noB,1,17.5,0.919047619047619,0.919047619047619,0,0,0,0,0,0,0,0,NaN,NaN,NaN,NaN
spent,t4-mag-drift,colored,108,v6noC1,1,17.5,0.919047619047619,0.919047619047619,0,0,0,0,0,0,0,0,NaN,NaN,NaN,NaN
spent,t4-mag-drift,colored,108,v6noC2,1,17.5,0.919047619047619,0.919047619047619,0,0,0,0,0,0,0,0,NaN,NaN,NaN,NaN
spent,t4-mag-drift,colored,108,v6,1,17.5,0.919047619047619,0.919047619047619,0,0,0,0,0,0,0,0,NaN,NaN,NaN,NaN
spent,t4-mag-drift,colored,109,v5,1,16.5,0.923809523809524,0.923809523809524,4.57894736842105,0.157894736842105,0,0,0,0,0,0,NaN,NaN,NaN,NaN
spent,t4-mag-drift,colored,109,v6noA,1,16.5,0.923809523809524,0.923809523809524,4.57894736842105,0.315789473684211,1,0,0,0,0,0,NaN,NaN,NaN,NaN
spent,t4-mag-drift,colored,109,v6noB,1,16.5,0.923809523809524,0.923809523809524,4.57894736842105,0.315789473684211,1,0,0,0,0,0,NaN,NaN,NaN,NaN
spent,t4-mag-drift,colored,109,v6noC1,1,16.5,0.923809523809524,0.923809523809524,4.57894736842105,0.157894736842105,0,0,0,0,0,0,NaN,NaN,NaN,NaN
spent,t4-mag-drift,colored,109,v6noC2,1,16.5,0.923809523809524,0.923809523809524,4.57894736842105,0.315789473684211,1,0,0,0,0,0,NaN,NaN,NaN,NaN
spent,t4-mag-drift,colored,109,v6,1,16.5,0.923809523809524,0.923809523809524,4.57894736842105,0.315789473684211,1,0,0,0,0,0,NaN,NaN,NaN,NaN
spent,t5-two-heaters,white,100,v5,NaN,NaN,NaN,NaN,0,0,0,0,0,NaN,0,0,NaN,NaN,NaN,NaN
spent,t5-two-heaters,white,100,v6noA,NaN,NaN,NaN,NaN,0,0,0,0,0,NaN,0,0,NaN,NaN,NaN,NaN
spent,t5-two-heaters,white,100,v6noB,NaN,NaN,NaN,NaN,0,0,0,0,0,NaN,0,0,NaN,NaN,NaN,NaN
spent,t5-two-heaters,white,100,v6noC1,NaN,NaN,NaN,NaN,0,0,0,0,0,NaN,0,0,NaN,NaN,NaN,NaN
spent,t5-two-heaters,white,100,v6noC2,NaN,NaN,NaN,NaN,0,0,0,0,0,NaN,0,0,NaN,NaN,NaN,NaN
spent,t5-two-heaters,white,100,v6,NaN,NaN,NaN,NaN,0,0,0,0,0,NaN,0,0,NaN,NaN,NaN,NaN
spent,t5-two-heaters,white,101,v5,NaN,NaN,NaN,NaN,0,0,0,0,0,NaN,0,0,NaN,NaN,NaN,NaN
spent,t5-two-heaters,white,101,v6noA,NaN,NaN,NaN,NaN,0,0,0,0,0,NaN,0,0,NaN,NaN,NaN,NaN
spent,t5-two-heaters,white,101,v6noB,NaN,NaN,NaN,NaN,0,0,0,0,0,NaN,0,0,NaN,NaN,NaN,NaN
spent,t5-two-heaters,white,101,v6noC1,NaN,NaN,NaN,NaN,0,0,0,0,0,NaN,0,0,NaN,NaN,NaN,NaN
spent,t5-two-heaters,white,101,v6noC2,NaN,NaN,NaN,NaN,0,0,0,0,0,NaN,0,0,NaN,NaN,NaN,NaN
spent,t5-two-heaters,white,101,v6,NaN,NaN,NaN,NaN,0,0,0,0,0,NaN,0,0,NaN,NaN,NaN,NaN
spent,t5-two-heaters,white,102,v5,NaN,NaN,NaN,NaN,0,0,0,0,0,NaN,0,0,NaN,NaN,NaN,NaN
spent,t5-two-heaters,white,102,v6noA,NaN,NaN,NaN,NaN,0,0,0,0,0,NaN,0,0,NaN,NaN,NaN,NaN
spent,t5-two-heaters,white,102,v6noB,NaN,NaN,NaN,NaN,0,0,0,0,0,NaN,0,0,NaN,NaN,NaN,NaN
spent,t5-two-heaters,white,102,v6noC1,NaN,NaN,NaN,NaN,0,0,0,0,0,NaN,0,0,NaN,NaN,NaN,NaN
spent,t5-two-heaters,white,102,v6noC2,NaN,NaN,NaN,NaN,0,0,0,0,0,NaN,0,0,NaN,NaN,NaN,NaN
spent,t5-two-heaters,white,102,v6,NaN,NaN,NaN,NaN,0,0,0,0,0,NaN,0,0,NaN,NaN,NaN,NaN
spent,t5-two-heaters,white,103,v5,NaN,NaN,NaN,NaN,0,0,0,0,0,NaN,0,0,NaN,NaN,NaN,NaN
spent,t5-two-heaters,white,103,v6noA,NaN,NaN,NaN,NaN,0,0,0,0,0,NaN,0,0,NaN,NaN,NaN,NaN
spent,t5-two-heaters,white,103,v6noB,NaN,NaN,NaN,NaN,0,0,0,0,0,NaN,0,0,NaN,NaN,NaN,NaN
spent,t5-two-heaters,white,103,v6noC1,NaN,NaN,NaN,NaN,0,0,0,0,0,NaN,0,0,NaN,NaN,NaN,NaN
spent,t5-two-heaters,white,103,v6noC2,NaN,NaN,NaN,NaN,0,0,0,0,0,NaN,0,0,NaN,NaN,NaN,NaN
spent,t5-two-heaters,white,103,v6,NaN,NaN,NaN,NaN,0,0,0,0,0,NaN,0,0,NaN,NaN,NaN,NaN
spent,t5-two-heaters,white,104,v5,NaN,NaN,NaN,NaN,8.05263157894737,0.631578947368421,0,0,0,NaN,23,0,NaN,NaN,NaN,NaN
spent,t5-two-heaters,white,104,v6noA,NaN,NaN,NaN,NaN,8.05263157894737,0.631578947368421,0,0,0,NaN,23,0,NaN,NaN,NaN,NaN
spent,t5-two-heaters,white,104,v6noB,NaN,NaN,NaN,NaN,8.05263157894737,0.631578947368421,0,0,0,NaN,23,0,NaN,NaN,NaN,NaN
spent,t5-two-heaters,white,104,v6noC1,NaN,NaN,NaN,NaN,8.05263157894737,0.631578947368421,0,0,0,NaN,23,0,NaN,NaN,NaN,NaN
spent,t5-two-heaters,white,104,v6noC2,NaN,NaN,NaN,NaN,8.05263157894737,0.631578947368421,0,0,0,NaN,23,0,NaN,NaN,NaN,NaN
spent,t5-two-heaters,white,104,v6,NaN,NaN,NaN,NaN,8.05263157894737,0.631578947368421,0,0,0,NaN,23,0,NaN,NaN,NaN,NaN
spent,t5-two-heaters,white,105,v5,NaN,NaN,NaN,NaN,0,0,0,0,0,NaN,0,0,NaN,NaN,NaN,NaN
spent,t5-two-heaters,white,105,v6noA,NaN,NaN,NaN,NaN,0,0,0,0,0,NaN,0,0,NaN,NaN,NaN,NaN
spent,t5-two-heaters,white,105,v6noB,NaN,NaN,NaN,NaN,0,0,0,0,0,NaN,0,0,NaN,NaN,NaN,NaN
spent,t5-two-heaters,white,105,v6noC1,NaN,NaN,NaN,NaN,0,0,0,0,0,NaN,0,0,NaN,NaN,NaN,NaN
spent,t5-two-heaters,white,105,v6noC2,NaN,NaN,NaN,NaN,0,0,0,0,0,NaN,0,0,NaN,NaN,NaN,NaN
spent,t5-two-heaters,white,105,v6,NaN,NaN,NaN,NaN,0,0,0,0,0,NaN,0,0,NaN,NaN,NaN,NaN
spent,t5-two-heaters,white,106,v5,NaN,NaN,NaN,NaN,0,0,0,0,0,NaN,0,0,NaN,NaN,NaN,NaN
spent,t5-two-heaters,white,106,v6noA,NaN,NaN,NaN,NaN,0,0,0,0,0,NaN,0,0,NaN,NaN,NaN,NaN
spent,t5-two-heaters,white,106,v6noB,NaN,NaN,NaN,NaN,0,0,0,0,0,NaN,0,0,NaN,NaN,NaN,NaN
spent,t5-two-heaters,white,106,v6noC1,NaN,NaN,NaN,NaN,0,0,0,0,0,NaN,0,0,NaN,NaN,NaN,NaN
spent,t5-two-heaters,white,106,v6noC2,NaN,NaN,NaN,NaN,0,0,0,0,0,NaN,0,0,NaN,NaN,NaN,NaN
spent,t5-two-heaters,white,106,v6,NaN,NaN,NaN,NaN,0,0,0,0,0,NaN,0,0,NaN,NaN,NaN,NaN
spent,t5-two-heaters,white,107,v5,NaN,NaN,NaN,NaN,0,0,0,0,0,NaN,0,0,NaN,NaN,NaN,NaN
spent,t5-two-heaters,white,107,v6noA,NaN,NaN,NaN,NaN,0,0,0,0,0,NaN,0,0,NaN,NaN,NaN,NaN
spent,t5-two-heaters,white,107,v6noB,NaN,NaN,NaN,NaN,0,0,0,0,0,NaN,0,0,NaN,NaN,NaN,NaN
spent,t5-two-heaters,white,107,v6noC1,NaN,NaN,NaN,NaN,0,0,0,0,0,NaN,0,0,NaN,NaN,NaN,NaN
spent,t5-two-heaters,white,107,v6noC2,NaN,NaN,NaN,NaN,0,0,0,0,0,NaN,0,0,NaN,NaN,NaN,NaN
spent,t5-two-heaters,white,107,v6,NaN,NaN,NaN,NaN,0,0,0,0,0,NaN,0,0,NaN,NaN,NaN,NaN
spent,t5-two-heaters,white,108,v5,NaN,NaN,NaN,NaN,0.947368421052632,0.315789473684211,0,0,0,NaN,0,127,NaN,NaN,NaN,NaN
spent,t5-two-heaters,white,108,v6noA,NaN,NaN,NaN,NaN,0.947368421052632,0.315789473684211,0,0,0,NaN,0,127,NaN,NaN,NaN,NaN
spent,t5-two-heaters,white,108,v6noB,NaN,NaN,NaN,NaN,0.473684210526316,0.157894736842105,0,0,0,NaN,0,0,NaN,NaN,NaN,NaN
spent,t5-two-heaters,white,108,v6noC1,NaN,NaN,NaN,NaN,0.473684210526316,0.157894736842105,0,0,0,NaN,0,0,NaN,NaN,NaN,NaN
spent,t5-two-heaters,white,108,v6noC2,NaN,NaN,NaN,NaN,0.473684210526316,0.157894736842105,0,0,0,NaN,0,0,NaN,NaN,NaN,NaN
spent,t5-two-heaters,white,108,v6,NaN,NaN,NaN,NaN,0.473684210526316,0.157894736842105,0,0,0,NaN,0,0,NaN,NaN,NaN,NaN
spent,t5-two-heaters,white,109,v5,NaN,NaN,NaN,NaN,0,0,0,0,0,NaN,0,0,NaN,NaN,NaN,NaN
spent,t5-two-heaters,white,109,v6noA,NaN,NaN,NaN,NaN,0,0,0,0,0,NaN,0,0,NaN,NaN,NaN,NaN
spent,t5-two-heaters,white,109,v6noB,NaN,NaN,NaN,NaN,0,0,0,0,0,NaN,0,0,NaN,NaN,NaN,NaN
spent,t5-two-heaters,white,109,v6noC1,NaN,NaN,NaN,NaN,0,0,0,0,0,NaN,0,0,NaN,NaN,NaN,NaN
spent,t5-two-heaters,white,109,v6noC2,NaN,NaN,NaN,NaN,0,0,0,0,0,NaN,0,0,NaN,NaN,NaN,NaN
spent,t5-two-heaters,white,109,v6,NaN,NaN,NaN,NaN,0,0,0,0,0,NaN,0,0,NaN,NaN,NaN,NaN
spent,t5-two-heaters,colored,100,v5,NaN,NaN,NaN,NaN,0,0,0,0,0,NaN,0,0,NaN,NaN,NaN,NaN
spent,t5-two-heaters,colored,100,v6noA,NaN,NaN,NaN,NaN,0,0,0,0,0,NaN,0,0,NaN,NaN,NaN,NaN
spent,t5-two-heaters,colored,100,v6noB,NaN,NaN,NaN,NaN,0,0,0,0,0,NaN,0,0,NaN,NaN,NaN,NaN
spent,t5-two-heaters,colored,100,v6noC1,NaN,NaN,NaN,NaN,0,0,0,0,0,NaN,0,0,NaN,NaN,NaN,NaN
spent,t5-two-heaters,colored,100,v6noC2,NaN,NaN,NaN,NaN,0,0,0,0,0,NaN,0,0,NaN,NaN,NaN,NaN
spent,t5-two-heaters,colored,100,v6,NaN,NaN,NaN,NaN,0,0,0,0,0,NaN,0,0,NaN,NaN,NaN,NaN
spent,t5-two-heaters,colored,101,v5,NaN,NaN,NaN,NaN,0,0,0,0,0,NaN,0,0,NaN,NaN,NaN,NaN
spent,t5-two-heaters,colored,101,v6noA,NaN,NaN,NaN,NaN,0,0,0,0,0,NaN,0,0,NaN,NaN,NaN,NaN
spent,t5-two-heaters,colored,101,v6noB,NaN,NaN,NaN,NaN,0,0,0,0,0,NaN,0,0,NaN,NaN,NaN,NaN
spent,t5-two-heaters,colored,101,v6noC1,NaN,NaN,NaN,NaN,0,0,0,0,0,NaN,0,0,NaN,NaN,NaN,NaN
spent,t5-two-heaters,colored,101,v6noC2,NaN,NaN,NaN,NaN,0,0,0,0,0,NaN,0,0,NaN,NaN,NaN,NaN
spent,t5-two-heaters,colored,101,v6,NaN,NaN,NaN,NaN,0,0,0,0,0,NaN,0,0,NaN,NaN,NaN,NaN
spent,t5-two-heaters,colored,102,v5,NaN,NaN,NaN,NaN,0,0,0,0,0,NaN,0,0,NaN,NaN,NaN,NaN
spent,t5-two-heaters,colored,102,v6noA,NaN,NaN,NaN,NaN,0,0,0,0,0,NaN,0,0,NaN,NaN,NaN,NaN
spent,t5-two-heaters,colored,102,v6noB,NaN,NaN,NaN,NaN,0,0,0,0,0,NaN,0,0,NaN,NaN,NaN,NaN
spent,t5-two-heaters,colored,102,v6noC1,NaN,NaN,NaN,NaN,0,0,0,0,0,NaN,0,0,NaN,NaN,NaN,NaN
spent,t5-two-heaters,colored,102,v6noC2,NaN,NaN,NaN,NaN,0,0,0,0,0,NaN,0,0,NaN,NaN,NaN,NaN
spent,t5-two-heaters,colored,102,v6,NaN,NaN,NaN,NaN,0,0,0,0,0,NaN,0,0,NaN,NaN,NaN,NaN
spent,t5-two-heaters,colored,103,v5,NaN,NaN,NaN,NaN,4.57894736842105,0.157894736842105,0,0,0,NaN,0,0,NaN,NaN,NaN,NaN
spent,t5-two-heaters,colored,103,v6noA,NaN,NaN,NaN,NaN,4.57894736842105,0.315789473684211,1,0,0,NaN,0,0,NaN,NaN,NaN,NaN
spent,t5-two-heaters,colored,103,v6noB,NaN,NaN,NaN,NaN,4.57894736842105,0.315789473684211,1,0,0,NaN,0,0,NaN,NaN,NaN,NaN
spent,t5-two-heaters,colored,103,v6noC1,NaN,NaN,NaN,NaN,4.57894736842105,0.157894736842105,0,0,0,NaN,0,0,NaN,NaN,NaN,NaN
spent,t5-two-heaters,colored,103,v6noC2,NaN,NaN,NaN,NaN,4.57894736842105,0.315789473684211,1,0,0,NaN,0,0,NaN,NaN,NaN,NaN
spent,t5-two-heaters,colored,103,v6,NaN,NaN,NaN,NaN,4.57894736842105,0.315789473684211,1,0,0,NaN,0,0,NaN,NaN,NaN,NaN
spent,t5-two-heaters,colored,104,v5,NaN,NaN,NaN,NaN,0,0,0,0,0,NaN,0,0,NaN,NaN,NaN,NaN
spent,t5-two-heaters,colored,104,v6noA,NaN,NaN,NaN,NaN,0,0,0,0,0,NaN,0,0,NaN,NaN,NaN,NaN
spent,t5-two-heaters,colored,104,v6noB,NaN,NaN,NaN,NaN,0,0,0,0,0,NaN,0,0,NaN,NaN,NaN,NaN
spent,t5-two-heaters,colored,104,v6noC1,NaN,NaN,NaN,NaN,0,0,0,0,0,NaN,0,0,NaN,NaN,NaN,NaN
spent,t5-two-heaters,colored,104,v6noC2,NaN,NaN,NaN,NaN,0,0,0,0,0,NaN,0,0,NaN,NaN,NaN,NaN
spent,t5-two-heaters,colored,104,v6,NaN,NaN,NaN,NaN,0,0,0,0,0,NaN,0,0,NaN,NaN,NaN,NaN
spent,t5-two-heaters,colored,105,v5,NaN,NaN,NaN,NaN,0,0,0,0,0,NaN,0,0,NaN,NaN,NaN,NaN
spent,t5-two-heaters,colored,105,v6noA,NaN,NaN,NaN,NaN,0,0,0,0,0,NaN,0,0,NaN,NaN,NaN,NaN
spent,t5-two-heaters,colored,105,v6noB,NaN,NaN,NaN,NaN,0,0,0,0,0,NaN,0,0,NaN,NaN,NaN,NaN
spent,t5-two-heaters,colored,105,v6noC1,NaN,NaN,NaN,NaN,0,0,0,0,0,NaN,0,0,NaN,NaN,NaN,NaN
spent,t5-two-heaters,colored,105,v6noC2,NaN,NaN,NaN,NaN,0,0,0,0,0,NaN,0,0,NaN,NaN,NaN,NaN
spent,t5-two-heaters,colored,105,v6,NaN,NaN,NaN,NaN,0,0,0,0,0,NaN,0,0,NaN,NaN,NaN,NaN
spent,t5-two-heaters,colored,106,v5,NaN,NaN,NaN,NaN,0.631578947368421,0.157894736842105,0,0,0,NaN,0,0,NaN,NaN,NaN,NaN
spent,t5-two-heaters,colored,106,v6noA,NaN,NaN,NaN,NaN,0.631578947368421,0.157894736842105,0,0,0,NaN,0,0,NaN,NaN,NaN,NaN
spent,t5-two-heaters,colored,106,v6noB,NaN,NaN,NaN,NaN,0.631578947368421,0.157894736842105,0,0,0,NaN,0,0,NaN,NaN,NaN,NaN
spent,t5-two-heaters,colored,106,v6noC1,NaN,NaN,NaN,NaN,0.631578947368421,0.157894736842105,0,0,0,NaN,0,0,NaN,NaN,NaN,NaN
spent,t5-two-heaters,colored,106,v6noC2,NaN,NaN,NaN,NaN,0.631578947368421,0.157894736842105,0,0,0,NaN,0,0,NaN,NaN,NaN,NaN
spent,t5-two-heaters,colored,106,v6,NaN,NaN,NaN,NaN,0.631578947368421,0.157894736842105,0,0,0,NaN,0,0,NaN,NaN,NaN,NaN
spent,t5-two-heaters,colored,107,v5,NaN,NaN,NaN,NaN,0,0,0,0,0,NaN,0,0,NaN,NaN,NaN,NaN
spent,t5-two-heaters,colored,107,v6noA,NaN,NaN,NaN,NaN,0,0,0,0,0,NaN,0,0,NaN,NaN,NaN,NaN
spent,t5-two-heaters,colored,107,v6noB,NaN,NaN,NaN,NaN,0,0,0,0,0,NaN,0,0,NaN,NaN,NaN,NaN
spent,t5-two-heaters,colored,107,v6noC1,NaN,NaN,NaN,NaN,0,0,0,0,0,NaN,0,0,NaN,NaN,NaN,NaN
spent,t5-two-heaters,colored,107,v6noC2,NaN,NaN,NaN,NaN,0,0,0,0,0,NaN,0,0,NaN,NaN,NaN,NaN
spent,t5-two-heaters,colored,107,v6,NaN,NaN,NaN,NaN,0,0,0,0,0,NaN,0,0,NaN,NaN,NaN,NaN
spent,t5-two-heaters,colored,108,v5,NaN,NaN,NaN,NaN,0,0,0,0,0,NaN,0,127,NaN,NaN,NaN,NaN
spent,t5-two-heaters,colored,108,v6noA,NaN,NaN,NaN,NaN,0,0,0,0,0,NaN,0,127,NaN,NaN,NaN,NaN
spent,t5-two-heaters,colored,108,v6noB,NaN,NaN,NaN,NaN,0,0,0,0,0,NaN,0,0,NaN,NaN,NaN,NaN
spent,t5-two-heaters,colored,108,v6noC1,NaN,NaN,NaN,NaN,0,0,0,0,0,NaN,0,0,NaN,NaN,NaN,NaN
spent,t5-two-heaters,colored,108,v6noC2,NaN,NaN,NaN,NaN,0,0,0,0,0,NaN,0,0,NaN,NaN,NaN,NaN
spent,t5-two-heaters,colored,108,v6,NaN,NaN,NaN,NaN,0,0,0,0,0,NaN,0,0,NaN,NaN,NaN,NaN
spent,t5-two-heaters,colored,109,v5,NaN,NaN,NaN,NaN,0,0,0,0,0,NaN,0,0,NaN,NaN,NaN,NaN
spent,t5-two-heaters,colored,109,v6noA,NaN,NaN,NaN,NaN,0,0,0,0,0,NaN,0,0,NaN,NaN,NaN,NaN
spent,t5-two-heaters,colored,109,v6noB,NaN,NaN,NaN,NaN,0,0,0,0,0,NaN,0,0,NaN,NaN,NaN,NaN
spent,t5-two-heaters,colored,109,v6noC1,NaN,NaN,NaN,NaN,0,0,0,0,0,NaN,0,0,NaN,NaN,NaN,NaN
spent,t5-two-heaters,colored,109,v6noC2,NaN,NaN,NaN,NaN,0,0,0,0,0,NaN,0,0,NaN,NaN,NaN,NaN
spent,t5-two-heaters,colored,109,v6,NaN,NaN,NaN,NaN,0,0,0,0,0,NaN,0,0,NaN,NaN,NaN,NaN
spent,t6-emi-plateau,white,100,v5,NaN,NaN,NaN,NaN,11.2105263157895,0.631578947368421,0,0,0,NaN,0,0,0.180327868852459,NaN,NaN,NaN
spent,t6-emi-plateau,white,100,v6noA,NaN,NaN,NaN,NaN,0,0,0,0,0,NaN,0,0,0,NaN,NaN,NaN
spent,t6-emi-plateau,white,100,v6noB,NaN,NaN,NaN,NaN,11.2105263157895,0.789473684210526,1,0,0,NaN,0,0,0.180327868852459,NaN,NaN,NaN
spent,t6-emi-plateau,white,100,v6noC1,NaN,NaN,NaN,NaN,0,0,0,0,0,NaN,0,0,0,NaN,NaN,NaN
spent,t6-emi-plateau,white,100,v6noC2,NaN,NaN,NaN,NaN,0,0,0,0,0,NaN,0,0,0,NaN,NaN,NaN
spent,t6-emi-plateau,white,100,v6,NaN,NaN,NaN,NaN,0,0,0,0,0,NaN,0,0,0,NaN,NaN,NaN
spent,t6-emi-plateau,white,101,v5,NaN,NaN,NaN,NaN,21.1578947368421,1.73684210526316,0,0,0,NaN,17,0,0.327868852459016,NaN,NaN,NaN
spent,t6-emi-plateau,white,101,v6noA,NaN,NaN,NaN,NaN,0,0,0,0,0,NaN,0,0,0,NaN,NaN,NaN
spent,t6-emi-plateau,white,101,v6noB,NaN,NaN,NaN,NaN,21.1578947368421,1.89473684210526,1,0,0,NaN,17,0,0.327868852459016,NaN,NaN,NaN
spent,t6-emi-plateau,white,101,v6noC1,NaN,NaN,NaN,NaN,0,0,0,0,0,NaN,0,0,0,NaN,NaN,NaN
spent,t6-emi-plateau,white,101,v6noC2,NaN,NaN,NaN,NaN,0,0,0,0,0,NaN,0,0,0,NaN,NaN,NaN
spent,t6-emi-plateau,white,101,v6,NaN,NaN,NaN,NaN,0,0,0,0,0,NaN,0,0,0,NaN,NaN,NaN
spent,t6-emi-plateau,white,102,v5,NaN,NaN,NaN,NaN,19.4210526315789,2.05263157894737,0,0,0,NaN,19,0,0.389344262295082,NaN,NaN,NaN
spent,t6-emi-plateau,white,102,v6noA,NaN,NaN,NaN,NaN,0,0,0,0,0,NaN,0,0,0,NaN,NaN,NaN
spent,t6-emi-plateau,white,102,v6noB,NaN,NaN,NaN,NaN,14.8421052631579,1.89473684210526,0,0,0,NaN,19,0,0.270491803278689,NaN,NaN,NaN
spent,t6-emi-plateau,white,102,v6noC1,NaN,NaN,NaN,NaN,0,0,0,0,0,NaN,0,0,0,NaN,NaN,NaN
spent,t6-emi-plateau,white,102,v6noC2,NaN,NaN,NaN,NaN,0,0,0,0,0,NaN,0,0,0,NaN,NaN,NaN
spent,t6-emi-plateau,white,102,v6,NaN,NaN,NaN,NaN,0,0,0,0,0,NaN,0,0,0,NaN,NaN,NaN
spent,t6-emi-plateau,white,103,v5,NaN,NaN,NaN,NaN,7.10526315789474,0.631578947368421,0,0,0,NaN,0,0,0.0655737704918033,NaN,NaN,NaN
spent,t6-emi-plateau,white,103,v6noA,NaN,NaN,NaN,NaN,0.315789473684211,0.315789473684211,1,0,0,NaN,0,0,0,NaN,NaN,NaN
spent,t6-emi-plateau,white,103,v6noB,NaN,NaN,NaN,NaN,7.10526315789474,0.789473684210526,1,0,0,NaN,0,0,0.0655737704918033,NaN,NaN,NaN
spent,t6-emi-plateau,white,103,v6noC1,NaN,NaN,NaN,NaN,0.315789473684211,0.157894736842105,0,0,0,NaN,0,0,0,NaN,NaN,NaN
spent,t6-emi-plateau,white,103,v6noC2,NaN,NaN,NaN,NaN,0.315789473684211,0.315789473684211,1,0,0,NaN,0,0,0,NaN,NaN,NaN
spent,t6-emi-plateau,white,103,v6,NaN,NaN,NaN,NaN,0.315789473684211,0.315789473684211,1,0,0,NaN,0,0,0,NaN,NaN,NaN
spent,t6-emi-plateau,white,104,v5,NaN,NaN,NaN,NaN,11.2105263157895,1.42105263157895,0,0,0,NaN,0,0,0.0655737704918033,NaN,NaN,NaN
spent,t6-emi-plateau,white,104,v6noA,NaN,NaN,NaN,NaN,4.26315789473684,0.789473684210526,0,0,0,NaN,0,0,0,NaN,NaN,NaN
spent,t6-emi-plateau,white,104,v6noB,NaN,NaN,NaN,NaN,11.2105263157895,1.42105263157895,0,0,0,NaN,0,0,0.0655737704918033,NaN,NaN,NaN
spent,t6-emi-plateau,white,104,v6noC1,NaN,NaN,NaN,NaN,4.26315789473684,0.789473684210526,0,0,0,NaN,0,0,0,NaN,NaN,NaN
spent,t6-emi-plateau,white,104,v6noC2,NaN,NaN,NaN,NaN,4.26315789473684,0.789473684210526,0,0,0,NaN,0,0,0,NaN,NaN,NaN
spent,t6-emi-plateau,white,104,v6,NaN,NaN,NaN,NaN,4.26315789473684,0.789473684210526,0,0,0,NaN,0,0,0,NaN,NaN,NaN
spent,t6-emi-plateau,white,105,v5,NaN,NaN,NaN,NaN,12.9473684210526,0.947368421052632,0,0,0,NaN,0,0,0.188524590163934,NaN,NaN,NaN
spent,t6-emi-plateau,white,105,v6noA,NaN,NaN,NaN,NaN,0,0,0,0,0,NaN,0,0,0,NaN,NaN,NaN
spent,t6-emi-plateau,white,105,v6noB,NaN,NaN,NaN,NaN,12.9473684210526,1.10526315789474,1,0,0,NaN,0,0,0.188524590163934,NaN,NaN,NaN
spent,t6-emi-plateau,white,105,v6noC1,NaN,NaN,NaN,NaN,0,0,0,0,0,NaN,0,0,0,NaN,NaN,NaN
spent,t6-emi-plateau,white,105,v6noC2,NaN,NaN,NaN,NaN,0,0,0,0,0,NaN,0,0,0,NaN,NaN,NaN
spent,t6-emi-plateau,white,105,v6,NaN,NaN,NaN,NaN,0,0,0,0,0,NaN,0,0,0,NaN,NaN,NaN
spent,t6-emi-plateau,white,106,v5,NaN,NaN,NaN,NaN,21.1578947368421,1.73684210526316,0,0,0,NaN,14,0,0.426229508196721,NaN,NaN,NaN
spent,t6-emi-plateau,white,106,v6noA,NaN,NaN,NaN,NaN,0,0,0,0,0,NaN,0,0,0,NaN,NaN,NaN
spent,t6-emi-plateau,white,106,v6noB,NaN,NaN,NaN,NaN,21.1578947368421,1.89473684210526,1,0,0,NaN,14,0,0.426229508196721,NaN,NaN,NaN
spent,t6-emi-plateau,white,106,v6noC1,NaN,NaN,NaN,NaN,0,0,0,0,0,NaN,0,0,0,NaN,NaN,NaN
spent,t6-emi-plateau,white,106,v6noC2,NaN,NaN,NaN,NaN,0,0,0,0,0,NaN,0,0,0,NaN,NaN,NaN
spent,t6-emi-plateau,white,106,v6,NaN,NaN,NaN,NaN,0,0,0,0,0,NaN,0,0,0,NaN,NaN,NaN
spent,t6-emi-plateau,white,107,v5,NaN,NaN,NaN,NaN,12,1.10526315789474,0,0,0,NaN,0,0,0.192622950819672,NaN,NaN,NaN
spent,t6-emi-plateau,white,107,v6noA,NaN,NaN,NaN,NaN,0,0,0,0,0,NaN,0,0,0,NaN,NaN,NaN
spent,t6-emi-plateau,white,107,v6noB,NaN,NaN,NaN,NaN,12,1.10526315789474,0,0,0,NaN,0,0,0.192622950819672,NaN,NaN,NaN
spent,t6-emi-plateau,white,107,v6noC1,NaN,NaN,NaN,NaN,0,0,0,0,0,NaN,0,0,0,NaN,NaN,NaN
spent,t6-emi-plateau,white,107,v6noC2,NaN,NaN,NaN,NaN,0,0,0,0,0,NaN,0,0,0,NaN,NaN,NaN
spent,t6-emi-plateau,white,107,v6,NaN,NaN,NaN,NaN,0,0,0,0,0,NaN,0,0,0,NaN,NaN,NaN
spent,t6-emi-plateau,white,108,v5,NaN,NaN,NaN,NaN,10.2631578947368,1.57894736842105,0,0,0,NaN,0,0,0.151639344262295,NaN,NaN,NaN
spent,t6-emi-plateau,white,108,v6noA,NaN,NaN,NaN,NaN,0.315789473684211,0.315789473684211,0,0,0,NaN,0,0,0.00819672131147541,NaN,NaN,NaN
spent,t6-emi-plateau,white,108,v6noB,NaN,NaN,NaN,NaN,10.2631578947368,1.57894736842105,0,0,0,NaN,0,0,0.151639344262295,NaN,NaN,NaN
spent,t6-emi-plateau,white,108,v6noC1,NaN,NaN,NaN,NaN,0.315789473684211,0.315789473684211,0,0,0,NaN,0,0,0.00819672131147541,NaN,NaN,NaN
spent,t6-emi-plateau,white,108,v6noC2,NaN,NaN,NaN,NaN,0.315789473684211,0.315789473684211,0,0,0,NaN,0,0,0.00819672131147541,NaN,NaN,NaN
spent,t6-emi-plateau,white,108,v6,NaN,NaN,NaN,NaN,0.315789473684211,0.315789473684211,0,0,0,NaN,0,0,0.00819672131147541,NaN,NaN,NaN
spent,t6-emi-plateau,white,109,v5,NaN,NaN,NaN,NaN,6.78947368421053,0.473684210526316,0,0,0,NaN,0,0,0.069672131147541,NaN,NaN,NaN
spent,t6-emi-plateau,white,109,v6noA,NaN,NaN,NaN,NaN,0,0,0,0,0,NaN,0,0,0,NaN,NaN,NaN
spent,t6-emi-plateau,white,109,v6noB,NaN,NaN,NaN,NaN,6.78947368421053,0.473684210526316,0,0,0,NaN,0,0,0.069672131147541,NaN,NaN,NaN
spent,t6-emi-plateau,white,109,v6noC1,NaN,NaN,NaN,NaN,0,0,0,0,0,NaN,0,0,0,NaN,NaN,NaN
spent,t6-emi-plateau,white,109,v6noC2,NaN,NaN,NaN,NaN,0,0,0,0,0,NaN,0,0,0,NaN,NaN,NaN
spent,t6-emi-plateau,white,109,v6,NaN,NaN,NaN,NaN,0,0,0,0,0,NaN,0,0,0,NaN,NaN,NaN
spent,t6-emi-plateau,colored,100,v5,NaN,NaN,NaN,NaN,10.1052631578947,0.631578947368421,0,0,0,NaN,0,0,0.155737704918033,NaN,NaN,NaN
spent,t6-emi-plateau,colored,100,v6noA,NaN,NaN,NaN,NaN,0,0,0,0,0,NaN,0,0,0,NaN,NaN,NaN
spent,t6-emi-plateau,colored,100,v6noB,NaN,NaN,NaN,NaN,10.1052631578947,0.789473684210526,1,0,0,NaN,0,0,0.155737704918033,NaN,NaN,NaN
spent,t6-emi-plateau,colored,100,v6noC1,NaN,NaN,NaN,NaN,0,0,0,0,0,NaN,0,0,0,NaN,NaN,NaN
spent,t6-emi-plateau,colored,100,v6noC2,NaN,NaN,NaN,NaN,0,0,0,0,0,NaN,0,0,0,NaN,NaN,NaN
spent,t6-emi-plateau,colored,100,v6,NaN,NaN,NaN,NaN,0,0,0,0,0,NaN,0,0,0,NaN,NaN,NaN
spent,t6-emi-plateau,colored,101,v5,NaN,NaN,NaN,NaN,7.89473684210526,0.473684210526316,0,0,0,NaN,0,0,0.0778688524590164,NaN,NaN,NaN
spent,t6-emi-plateau,colored,101,v6noA,NaN,NaN,NaN,NaN,0,0,0,0,0,NaN,0,0,0,NaN,NaN,NaN
spent,t6-emi-plateau,colored,101,v6noB,NaN,NaN,NaN,NaN,7.89473684210526,0.473684210526316,0,0,0,NaN,0,0,0.0778688524590164,NaN,NaN,NaN
spent,t6-emi-plateau,colored,101,v6noC1,NaN,NaN,NaN,NaN,0,0,0,0,0,NaN,0,0,0,NaN,NaN,NaN
spent,t6-emi-plateau,colored,101,v6noC2,NaN,NaN,NaN,NaN,0,0,0,0,0,NaN,0,0,0,NaN,NaN,NaN
spent,t6-emi-plateau,colored,101,v6,NaN,NaN,NaN,NaN,0,0,0,0,0,NaN,0,0,0,NaN,NaN,NaN
spent,t6-emi-plateau,colored,102,v5,NaN,NaN,NaN,NaN,9.15789473684211,0.947368421052632,0,0,0,NaN,0,0,0.139344262295082,NaN,NaN,NaN
spent,t6-emi-plateau,colored,102,v6noA,NaN,NaN,NaN,NaN,0,0,0,0,0,NaN,0,0,0,NaN,NaN,NaN
spent,t6-emi-plateau,colored,102,v6noB,NaN,NaN,NaN,NaN,9.15789473684211,0.947368421052632,0,0,0,NaN,0,0,0.139344262295082,NaN,NaN,NaN
spent,t6-emi-plateau,colored,102,v6noC1,NaN,NaN,NaN,NaN,0,0,0,0,0,NaN,0,0,0,NaN,NaN,NaN
spent,t6-emi-plateau,colored,102,v6noC2,NaN,NaN,NaN,NaN,0,0,0,0,0,NaN,0,0,0,NaN,NaN,NaN
spent,t6-emi-plateau,colored,102,v6,NaN,NaN,NaN,NaN,0,0,0,0,0,NaN,0,0,0,NaN,NaN,NaN
spent,t6-emi-plateau,colored,103,v5,NaN,NaN,NaN,NaN,26.0526315789474,1.73684210526316,0,0,0,NaN,13,0,0.295081967213115,NaN,NaN,NaN
spent,t6-emi-plateau,colored,103,v6noA,NaN,NaN,NaN,NaN,4.57894736842105,0.315789473684211,1,0,0,NaN,13,0,0,NaN,NaN,NaN
spent,t6-emi-plateau,colored,103,v6noB,NaN,NaN,NaN,NaN,26.0526315789474,2.05263157894737,2,0,0,NaN,13,0,0.295081967213115,NaN,NaN,NaN
spent,t6-emi-plateau,colored,103,v6noC1,NaN,NaN,NaN,NaN,4.57894736842105,0.157894736842105,0,0,0,NaN,13,0,0,NaN,NaN,NaN
spent,t6-emi-plateau,colored,103,v6noC2,NaN,NaN,NaN,NaN,4.57894736842105,0.315789473684211,1,0,0,NaN,13,0,0,NaN,NaN,NaN
spent,t6-emi-plateau,colored,103,v6,NaN,NaN,NaN,NaN,4.57894736842105,0.315789473684211,1,0,0,NaN,13,0,0,NaN,NaN,NaN
spent,t6-emi-plateau,colored,104,v5,NaN,NaN,NaN,NaN,13.4210526315789,0.789473684210526,0,0,0,NaN,0,0,0.200819672131148,NaN,NaN,NaN
spent,t6-emi-plateau,colored,104,v6noA,NaN,NaN,NaN,NaN,0,0,0,0,0,NaN,0,0,0,NaN,NaN,NaN
spent,t6-emi-plateau,colored,104,v6noB,NaN,NaN,NaN,NaN,13.4210526315789,0.947368421052632,1,0,0,NaN,0,0,0.200819672131148,NaN,NaN,NaN
spent,t6-emi-plateau,colored,104,v6noC1,NaN,NaN,NaN,NaN,0,0,0,0,0,NaN,0,0,0,NaN,NaN,NaN
spent,t6-emi-plateau,colored,104,v6noC2,NaN,NaN,NaN,NaN,0,0,0,0,0,NaN,0,0,0,NaN,NaN,NaN
spent,t6-emi-plateau,colored,104,v6,NaN,NaN,NaN,NaN,0,0,0,0,0,NaN,0,0,0,NaN,NaN,NaN
spent,t6-emi-plateau,colored,105,v5,NaN,NaN,NaN,NaN,7.89473684210526,0.631578947368421,0,0,0,NaN,0,0,0.0983606557377049,NaN,NaN,NaN
spent,t6-emi-plateau,colored,105,v6noA,NaN,NaN,NaN,NaN,0.157894736842105,0.157894736842105,0,0,0,NaN,0,0,0.00409836065573771,NaN,NaN,NaN
spent,t6-emi-plateau,colored,105,v6noB,NaN,NaN,NaN,NaN,7.89473684210526,0.789473684210526,1,0,0,NaN,0,0,0.0983606557377049,NaN,NaN,NaN
spent,t6-emi-plateau,colored,105,v6noC1,NaN,NaN,NaN,NaN,0.157894736842105,0.157894736842105,0,0,0,NaN,0,0,0.00409836065573771,NaN,NaN,NaN
spent,t6-emi-plateau,colored,105,v6noC2,NaN,NaN,NaN,NaN,0.157894736842105,0.157894736842105,0,0,0,NaN,0,0,0.00409836065573771,NaN,NaN,NaN
spent,t6-emi-plateau,colored,105,v6,NaN,NaN,NaN,NaN,0.157894736842105,0.157894736842105,0,0,0,NaN,0,0,0.00409836065573771,NaN,NaN,NaN
spent,t6-emi-plateau,colored,106,v5,NaN,NaN,NaN,NaN,12.3157894736842,1.26315789473684,0,0,0,NaN,0,0,0.163934426229508,NaN,NaN,NaN
spent,t6-emi-plateau,colored,106,v6noA,NaN,NaN,NaN,NaN,0.789473684210526,0.157894736842105,0,0,0,NaN,0,0,0,NaN,NaN,NaN
spent,t6-emi-plateau,colored,106,v6noB,NaN,NaN,NaN,NaN,12.3157894736842,1.42105263157895,1,0,0,NaN,0,0,0.163934426229508,NaN,NaN,NaN
spent,t6-emi-plateau,colored,106,v6noC1,NaN,NaN,NaN,NaN,0.789473684210526,0.157894736842105,0,0,0,NaN,0,0,0,NaN,NaN,NaN
spent,t6-emi-plateau,colored,106,v6noC2,NaN,NaN,NaN,NaN,0.789473684210526,0.157894736842105,0,0,0,NaN,0,0,0,NaN,NaN,NaN
spent,t6-emi-plateau,colored,106,v6,NaN,NaN,NaN,NaN,0.789473684210526,0.157894736842105,0,0,0,NaN,0,0,0,NaN,NaN,NaN
spent,t6-emi-plateau,colored,107,v5,NaN,NaN,NaN,NaN,14.5263157894737,1.57894736842105,0,0,0,NaN,0,0,0.225409836065574,NaN,NaN,NaN
spent,t6-emi-plateau,colored,107,v6noA,NaN,NaN,NaN,NaN,0,0,0,0,0,NaN,0,0,0,NaN,NaN,NaN
spent,t6-emi-plateau,colored,107,v6noB,NaN,NaN,NaN,NaN,14.5263157894737,1.73684210526316,1,0,0,NaN,0,0,0.225409836065574,NaN,NaN,NaN
spent,t6-emi-plateau,colored,107,v6noC1,NaN,NaN,NaN,NaN,0,0,0,0,0,NaN,0,0,0,NaN,NaN,NaN
spent,t6-emi-plateau,colored,107,v6noC2,NaN,NaN,NaN,NaN,0,0,0,0,0,NaN,0,0,0,NaN,NaN,NaN
spent,t6-emi-plateau,colored,107,v6,NaN,NaN,NaN,NaN,0,0,0,0,0,NaN,0,0,0,NaN,NaN,NaN
spent,t6-emi-plateau,colored,108,v5,NaN,NaN,NaN,NaN,11.0526315789474,1.10526315789474,0,0,0,NaN,0,0,0.176229508196721,NaN,NaN,NaN
spent,t6-emi-plateau,colored,108,v6noA,NaN,NaN,NaN,NaN,0,0,0,0,0,NaN,0,0,0,NaN,NaN,NaN
spent,t6-emi-plateau,colored,108,v6noB,NaN,NaN,NaN,NaN,11.0526315789474,1.10526315789474,0,0,0,NaN,0,0,0.176229508196721,NaN,NaN,NaN
spent,t6-emi-plateau,colored,108,v6noC1,NaN,NaN,NaN,NaN,0,0,0,0,0,NaN,0,0,0,NaN,NaN,NaN
spent,t6-emi-plateau,colored,108,v6noC2,NaN,NaN,NaN,NaN,0,0,0,0,0,NaN,0,0,0,NaN,NaN,NaN
spent,t6-emi-plateau,colored,108,v6,NaN,NaN,NaN,NaN,0,0,0,0,0,NaN,0,0,0,NaN,NaN,NaN
spent,t6-emi-plateau,colored,109,v5,NaN,NaN,NaN,NaN,7.57894736842105,0.789473684210526,0,0,0,NaN,0,0,0.0819672131147541,NaN,NaN,NaN
spent,t6-emi-plateau,colored,109,v6noA,NaN,NaN,NaN,NaN,0,0,0,0,0,NaN,0,0,0,NaN,NaN,NaN
spent,t6-emi-plateau,colored,109,v6noB,NaN,NaN,NaN,NaN,7.57894736842105,0.789473684210526,0,0,0,NaN,0,0,0.0819672131147541,NaN,NaN,NaN
spent,t6-emi-plateau,colored,109,v6noC1,NaN,NaN,NaN,NaN,0,0,0,0,0,NaN,0,0,0,NaN,NaN,NaN
spent,t6-emi-plateau,colored,109,v6noC2,NaN,NaN,NaN,NaN,0,0,0,0,0,NaN,0,0,0,NaN,NaN,NaN
spent,t6-emi-plateau,colored,109,v6,NaN,NaN,NaN,NaN,0,0,0,0,0,NaN,0,0,0,NaN,NaN,NaN
spent,t7-bme-step,white,100,v5,NaN,NaN,NaN,NaN,0,0,0,0,0,NaN,0,0,NaN,0,0,1
spent,t7-bme-step,white,100,v6noA,NaN,NaN,NaN,NaN,0,0,0,0,0,NaN,0,0,NaN,0,0,1
spent,t7-bme-step,white,100,v6noB,NaN,NaN,NaN,NaN,0,0,0,0,0,NaN,0,0,NaN,0,0,1
spent,t7-bme-step,white,100,v6noC1,NaN,NaN,NaN,NaN,0,0,0,0,0,NaN,0,0,NaN,0,0,1
spent,t7-bme-step,white,100,v6noC2,NaN,NaN,NaN,NaN,0,0,0,0,0,NaN,0,0,NaN,0,0,1
spent,t7-bme-step,white,100,v6,NaN,NaN,NaN,NaN,0,0,0,0,0,NaN,0,0,NaN,0,0,1
spent,t7-bme-step,white,101,v5,NaN,NaN,NaN,NaN,0,0,0,0,0,NaN,0,0,NaN,0,0,1
spent,t7-bme-step,white,101,v6noA,NaN,NaN,NaN,NaN,0,0,0,0,0,NaN,0,0,NaN,0,0,1
spent,t7-bme-step,white,101,v6noB,NaN,NaN,NaN,NaN,0,0,0,0,0,NaN,0,0,NaN,0,0,1
spent,t7-bme-step,white,101,v6noC1,NaN,NaN,NaN,NaN,0,0,0,0,0,NaN,0,0,NaN,0,0,1
spent,t7-bme-step,white,101,v6noC2,NaN,NaN,NaN,NaN,0,0,0,0,0,NaN,0,0,NaN,0,0,1
spent,t7-bme-step,white,101,v6,NaN,NaN,NaN,NaN,0,0,0,0,0,NaN,0,0,NaN,0,0,1
spent,t7-bme-step,white,102,v5,NaN,NaN,NaN,NaN,0,0,0,0,0,NaN,0,0,NaN,0,0,1
spent,t7-bme-step,white,102,v6noA,NaN,NaN,NaN,NaN,0,0,0,0,0,NaN,0,0,NaN,0,0,1
spent,t7-bme-step,white,102,v6noB,NaN,NaN,NaN,NaN,0,0,0,0,0,NaN,0,0,NaN,0,0,1
spent,t7-bme-step,white,102,v6noC1,NaN,NaN,NaN,NaN,0,0,0,0,0,NaN,0,0,NaN,0,0,1
spent,t7-bme-step,white,102,v6noC2,NaN,NaN,NaN,NaN,0,0,0,0,0,NaN,0,0,NaN,0,0,1
spent,t7-bme-step,white,102,v6,NaN,NaN,NaN,NaN,0,0,0,0,0,NaN,0,0,NaN,0,0,1
spent,t7-bme-step,white,103,v5,NaN,NaN,NaN,NaN,0,0,0,0,0,NaN,0,0,NaN,0,0,1
spent,t7-bme-step,white,103,v6noA,NaN,NaN,NaN,NaN,0,0,0,0,0,NaN,0,0,NaN,0,0,1
spent,t7-bme-step,white,103,v6noB,NaN,NaN,NaN,NaN,0,0,0,0,0,NaN,0,0,NaN,0,0,1
spent,t7-bme-step,white,103,v6noC1,NaN,NaN,NaN,NaN,0,0,0,0,0,NaN,0,0,NaN,0,0,1
spent,t7-bme-step,white,103,v6noC2,NaN,NaN,NaN,NaN,0,0,0,0,0,NaN,0,0,NaN,0,0,1
spent,t7-bme-step,white,103,v6,NaN,NaN,NaN,NaN,0,0,0,0,0,NaN,0,0,NaN,0,0,1
spent,t7-bme-step,white,104,v5,NaN,NaN,NaN,NaN,2.68421052631579,0.315789473684211,0,0,0,NaN,0,0,NaN,0.080952380952381,0,1
spent,t7-bme-step,white,104,v6noA,NaN,NaN,NaN,NaN,2.68421052631579,0.315789473684211,0,0,0,NaN,0,0,NaN,0.080952380952381,0,1
spent,t7-bme-step,white,104,v6noB,NaN,NaN,NaN,NaN,2.68421052631579,0.315789473684211,0,0,0,NaN,0,0,NaN,0.080952380952381,0,1
spent,t7-bme-step,white,104,v6noC1,NaN,NaN,NaN,NaN,2.68421052631579,0.315789473684211,0,0,0,NaN,0,0,NaN,0.080952380952381,0,1
spent,t7-bme-step,white,104,v6noC2,NaN,NaN,NaN,NaN,2.68421052631579,0.315789473684211,0,0,0,NaN,0,0,NaN,0.080952380952381,0,1
spent,t7-bme-step,white,104,v6,NaN,NaN,NaN,NaN,2.68421052631579,0.315789473684211,0,0,0,NaN,0,0,NaN,0.080952380952381,0,1
spent,t7-bme-step,white,105,v5,NaN,NaN,NaN,NaN,0,0,0,0,0,NaN,0,0,NaN,0,0,1
spent,t7-bme-step,white,105,v6noA,NaN,NaN,NaN,NaN,0,0,0,0,0,NaN,0,0,NaN,0,0,1
spent,t7-bme-step,white,105,v6noB,NaN,NaN,NaN,NaN,0,0,0,0,0,NaN,0,0,NaN,0,0,1
spent,t7-bme-step,white,105,v6noC1,NaN,NaN,NaN,NaN,0,0,0,0,0,NaN,0,0,NaN,0,0,1
spent,t7-bme-step,white,105,v6noC2,NaN,NaN,NaN,NaN,0,0,0,0,0,NaN,0,0,NaN,0,0,1
spent,t7-bme-step,white,105,v6,NaN,NaN,NaN,NaN,0,0,0,0,0,NaN,0,0,NaN,0,0,1
spent,t7-bme-step,white,106,v5,NaN,NaN,NaN,NaN,0,0,0,0,0,NaN,0,0,NaN,0,0,1
spent,t7-bme-step,white,106,v6noA,NaN,NaN,NaN,NaN,0,0,0,0,0,NaN,0,0,NaN,0,0,1
spent,t7-bme-step,white,106,v6noB,NaN,NaN,NaN,NaN,0,0,0,0,0,NaN,0,0,NaN,0,0,1
spent,t7-bme-step,white,106,v6noC1,NaN,NaN,NaN,NaN,0,0,0,0,0,NaN,0,0,NaN,0,0,1
spent,t7-bme-step,white,106,v6noC2,NaN,NaN,NaN,NaN,0,0,0,0,0,NaN,0,0,NaN,0,0,1
spent,t7-bme-step,white,106,v6,NaN,NaN,NaN,NaN,0,0,0,0,0,NaN,0,0,NaN,0,0,1
spent,t7-bme-step,white,107,v5,NaN,NaN,NaN,NaN,0,0,0,0,0,NaN,0,0,NaN,0,0,1
spent,t7-bme-step,white,107,v6noA,NaN,NaN,NaN,NaN,0,0,0,0,0,NaN,0,0,NaN,0,0,1
spent,t7-bme-step,white,107,v6noB,NaN,NaN,NaN,NaN,0,0,0,0,0,NaN,0,0,NaN,0,0,1
spent,t7-bme-step,white,107,v6noC1,NaN,NaN,NaN,NaN,0,0,0,0,0,NaN,0,0,NaN,0,0,1
spent,t7-bme-step,white,107,v6noC2,NaN,NaN,NaN,NaN,0,0,0,0,0,NaN,0,0,NaN,0,0,1
spent,t7-bme-step,white,107,v6,NaN,NaN,NaN,NaN,0,0,0,0,0,NaN,0,0,NaN,0,0,1
spent,t7-bme-step,white,108,v5,NaN,NaN,NaN,NaN,0.315789473684211,0.315789473684211,0,0,0,NaN,0,0,NaN,0.00952380952380952,0,1
spent,t7-bme-step,white,108,v6noA,NaN,NaN,NaN,NaN,0.315789473684211,0.315789473684211,0,0,0,NaN,0,0,NaN,0.00952380952380952,0,1
spent,t7-bme-step,white,108,v6noB,NaN,NaN,NaN,NaN,0.315789473684211,0.315789473684211,0,0,0,NaN,0,0,NaN,0.00952380952380952,0,1
spent,t7-bme-step,white,108,v6noC1,NaN,NaN,NaN,NaN,0.315789473684211,0.315789473684211,0,0,0,NaN,0,0,NaN,0.00952380952380952,0,1
spent,t7-bme-step,white,108,v6noC2,NaN,NaN,NaN,NaN,0.315789473684211,0.315789473684211,0,0,0,NaN,0,0,NaN,0.00952380952380952,0,1
spent,t7-bme-step,white,108,v6,NaN,NaN,NaN,NaN,0.315789473684211,0.315789473684211,0,0,0,NaN,0,0,NaN,0.00952380952380952,0,1
spent,t7-bme-step,white,109,v5,NaN,NaN,NaN,NaN,0,0,0,0,0,NaN,0,0,NaN,0,0,1
spent,t7-bme-step,white,109,v6noA,NaN,NaN,NaN,NaN,0,0,0,0,0,NaN,0,0,NaN,0,0,1
spent,t7-bme-step,white,109,v6noB,NaN,NaN,NaN,NaN,0,0,0,0,0,NaN,0,0,NaN,0,0,1
spent,t7-bme-step,white,109,v6noC1,NaN,NaN,NaN,NaN,0,0,0,0,0,NaN,0,0,NaN,0,0,1
spent,t7-bme-step,white,109,v6noC2,NaN,NaN,NaN,NaN,0,0,0,0,0,NaN,0,0,NaN,0,0,1
spent,t7-bme-step,white,109,v6,NaN,NaN,NaN,NaN,0,0,0,0,0,NaN,0,0,NaN,0,0,1
spent,t7-bme-step,colored,100,v5,NaN,NaN,NaN,NaN,0,0,0,0,0,NaN,0,0,NaN,0,0,1
spent,t7-bme-step,colored,100,v6noA,NaN,NaN,NaN,NaN,0,0,0,0,0,NaN,0,0,NaN,0,0,1
spent,t7-bme-step,colored,100,v6noB,NaN,NaN,NaN,NaN,0,0,0,0,0,NaN,0,0,NaN,0,0,1
spent,t7-bme-step,colored,100,v6noC1,NaN,NaN,NaN,NaN,0,0,0,0,0,NaN,0,0,NaN,0,0,1
spent,t7-bme-step,colored,100,v6noC2,NaN,NaN,NaN,NaN,0,0,0,0,0,NaN,0,0,NaN,0,0,1
spent,t7-bme-step,colored,100,v6,NaN,NaN,NaN,NaN,0,0,0,0,0,NaN,0,0,NaN,0,0,1
spent,t7-bme-step,colored,101,v5,NaN,NaN,NaN,NaN,0,0,0,0,0,NaN,0,0,NaN,0,0,1
spent,t7-bme-step,colored,101,v6noA,NaN,NaN,NaN,NaN,0,0,0,0,0,NaN,0,0,NaN,0,0,1
spent,t7-bme-step,colored,101,v6noB,NaN,NaN,NaN,NaN,0,0,0,0,0,NaN,0,0,NaN,0,0,1
spent,t7-bme-step,colored,101,v6noC1,NaN,NaN,NaN,NaN,0,0,0,0,0,NaN,0,0,NaN,0,0,1
spent,t7-bme-step,colored,101,v6noC2,NaN,NaN,NaN,NaN,0,0,0,0,0,NaN,0,0,NaN,0,0,1
spent,t7-bme-step,colored,101,v6,NaN,NaN,NaN,NaN,0,0,0,0,0,NaN,0,0,NaN,0,0,1
spent,t7-bme-step,colored,102,v5,NaN,NaN,NaN,NaN,0,0,0,0,0,NaN,0,0,NaN,0,0,1
spent,t7-bme-step,colored,102,v6noA,NaN,NaN,NaN,NaN,0,0,0,0,0,NaN,0,0,NaN,0,0,1
spent,t7-bme-step,colored,102,v6noB,NaN,NaN,NaN,NaN,0,0,0,0,0,NaN,0,0,NaN,0,0,1
spent,t7-bme-step,colored,102,v6noC1,NaN,NaN,NaN,NaN,0,0,0,0,0,NaN,0,0,NaN,0,0,1
spent,t7-bme-step,colored,102,v6noC2,NaN,NaN,NaN,NaN,0,0,0,0,0,NaN,0,0,NaN,0,0,1
spent,t7-bme-step,colored,102,v6,NaN,NaN,NaN,NaN,0,0,0,0,0,NaN,0,0,NaN,0,0,1
spent,t7-bme-step,colored,103,v5,NaN,NaN,NaN,NaN,4.57894736842105,0.157894736842105,0,0,0,NaN,0,0,NaN,0.138095238095238,0.00476190476190476,0.995238095238095
spent,t7-bme-step,colored,103,v6noA,NaN,NaN,NaN,NaN,4.57894736842105,0.315789473684211,1,0,0,NaN,0,0,NaN,0.138095238095238,0,1
spent,t7-bme-step,colored,103,v6noB,NaN,NaN,NaN,NaN,4.57894736842105,0.315789473684211,1,0,0,NaN,0,0,NaN,0.138095238095238,0,1
spent,t7-bme-step,colored,103,v6noC1,NaN,NaN,NaN,NaN,4.57894736842105,0.157894736842105,0,0,0,NaN,0,0,NaN,0.138095238095238,0.00476190476190476,0.995238095238095
spent,t7-bme-step,colored,103,v6noC2,NaN,NaN,NaN,NaN,4.57894736842105,0.315789473684211,1,0,0,NaN,0,0,NaN,0.138095238095238,0,1
spent,t7-bme-step,colored,103,v6,NaN,NaN,NaN,NaN,4.57894736842105,0.315789473684211,1,0,0,NaN,0,0,NaN,0.138095238095238,0,1
spent,t7-bme-step,colored,104,v5,NaN,NaN,NaN,NaN,0,0,0,0,0,NaN,0,0,NaN,0,0,1
spent,t7-bme-step,colored,104,v6noA,NaN,NaN,NaN,NaN,0,0,0,0,0,NaN,0,0,NaN,0,0,1
spent,t7-bme-step,colored,104,v6noB,NaN,NaN,NaN,NaN,0,0,0,0,0,NaN,0,0,NaN,0,0,1
spent,t7-bme-step,colored,104,v6noC1,NaN,NaN,NaN,NaN,0,0,0,0,0,NaN,0,0,NaN,0,0,1
spent,t7-bme-step,colored,104,v6noC2,NaN,NaN,NaN,NaN,0,0,0,0,0,NaN,0,0,NaN,0,0,1
spent,t7-bme-step,colored,104,v6,NaN,NaN,NaN,NaN,0,0,0,0,0,NaN,0,0,NaN,0,0,1
spent,t7-bme-step,colored,105,v5,NaN,NaN,NaN,NaN,0,0,0,0,0,NaN,0,0,NaN,0,0,1
spent,t7-bme-step,colored,105,v6noA,NaN,NaN,NaN,NaN,0,0,0,0,0,NaN,0,0,NaN,0,0,1
spent,t7-bme-step,colored,105,v6noB,NaN,NaN,NaN,NaN,0,0,0,0,0,NaN,0,0,NaN,0,0,1
spent,t7-bme-step,colored,105,v6noC1,NaN,NaN,NaN,NaN,0,0,0,0,0,NaN,0,0,NaN,0,0,1
spent,t7-bme-step,colored,105,v6noC2,NaN,NaN,NaN,NaN,0,0,0,0,0,NaN,0,0,NaN,0,0,1
spent,t7-bme-step,colored,105,v6,NaN,NaN,NaN,NaN,0,0,0,0,0,NaN,0,0,NaN,0,0,1
spent,t7-bme-step,colored,106,v5,NaN,NaN,NaN,NaN,0.789473684210526,0.157894736842105,0,0,0,NaN,0,0,NaN,0.0238095238095238,0,1
spent,t7-bme-step,colored,106,v6noA,NaN,NaN,NaN,NaN,0.789473684210526,0.157894736842105,0,0,0,NaN,0,0,NaN,0.0238095238095238,0,1
spent,t7-bme-step,colored,106,v6noB,NaN,NaN,NaN,NaN,0.789473684210526,0.157894736842105,0,0,0,NaN,0,0,NaN,0.0238095238095238,0,1
spent,t7-bme-step,colored,106,v6noC1,NaN,NaN,NaN,NaN,0.789473684210526,0.157894736842105,0,0,0,NaN,0,0,NaN,0.0238095238095238,0,1
spent,t7-bme-step,colored,106,v6noC2,NaN,NaN,NaN,NaN,0.789473684210526,0.157894736842105,0,0,0,NaN,0,0,NaN,0.0238095238095238,0,1
spent,t7-bme-step,colored,106,v6,NaN,NaN,NaN,NaN,0.789473684210526,0.157894736842105,0,0,0,NaN,0,0,NaN,0.0238095238095238,0,1
spent,t7-bme-step,colored,107,v5,NaN,NaN,NaN,NaN,0,0,0,0,0,NaN,0,0,NaN,0,0,1
spent,t7-bme-step,colored,107,v6noA,NaN,NaN,NaN,NaN,0,0,0,0,0,NaN,0,0,NaN,0,0,1
spent,t7-bme-step,colored,107,v6noB,NaN,NaN,NaN,NaN,0,0,0,0,0,NaN,0,0,NaN,0,0,1
spent,t7-bme-step,colored,107,v6noC1,NaN,NaN,NaN,NaN,0,0,0,0,0,NaN,0,0,NaN,0,0,1
spent,t7-bme-step,colored,107,v6noC2,NaN,NaN,NaN,NaN,0,0,0,0,0,NaN,0,0,NaN,0,0,1
spent,t7-bme-step,colored,107,v6,NaN,NaN,NaN,NaN,0,0,0,0,0,NaN,0,0,NaN,0,0,1
spent,t7-bme-step,colored,108,v5,NaN,NaN,NaN,NaN,0,0,0,0,0,NaN,0,0,NaN,0,0.00476190476190476,0.995238095238095
spent,t7-bme-step,colored,108,v6noA,NaN,NaN,NaN,NaN,0,0,0,0,0,NaN,0,0,NaN,0,0.00476190476190476,0.995238095238095
spent,t7-bme-step,colored,108,v6noB,NaN,NaN,NaN,NaN,0,0,0,0,0,NaN,0,0,NaN,0,0.00476190476190476,0.995238095238095
spent,t7-bme-step,colored,108,v6noC1,NaN,NaN,NaN,NaN,0,0,0,0,0,NaN,0,0,NaN,0,0.00476190476190476,0.995238095238095
spent,t7-bme-step,colored,108,v6noC2,NaN,NaN,NaN,NaN,0,0,0,0,0,NaN,0,0,NaN,0,0.00476190476190476,0.995238095238095
spent,t7-bme-step,colored,108,v6,NaN,NaN,NaN,NaN,0,0,0,0,0,NaN,0,0,NaN,0,0.00476190476190476,0.995238095238095
spent,t7-bme-step,colored,109,v5,NaN,NaN,NaN,NaN,4.57894736842105,0.157894736842105,0,0,0,NaN,0,0,NaN,0.138095238095238,0,1
spent,t7-bme-step,colored,109,v6noA,NaN,NaN,NaN,NaN,4.57894736842105,0.315789473684211,1,0,0,NaN,0,0,NaN,0.138095238095238,0,1
spent,t7-bme-step,colored,109,v6noB,NaN,NaN,NaN,NaN,4.57894736842105,0.315789473684211,1,0,0,NaN,0,0,NaN,0.138095238095238,0,1
spent,t7-bme-step,colored,109,v6noC1,NaN,NaN,NaN,NaN,4.57894736842105,0.157894736842105,0,0,0,NaN,0,0,NaN,0.138095238095238,0,1
spent,t7-bme-step,colored,109,v6noC2,NaN,NaN,NaN,NaN,4.57894736842105,0.315789473684211,1,0,0,NaN,0,0,NaN,0.138095238095238,0,1
spent,t7-bme-step,colored,109,v6,NaN,NaN,NaN,NaN,4.57894736842105,0.315789473684211,1,0,0,NaN,0,0,NaN,0.138095238095238,0,1
spent,t8-cycle-clean,white,100,v5,NaN,NaN,NaN,NaN,0,0,0,0,0,NaN,0,40,NaN,NaN,NaN,NaN
spent,t8-cycle-clean,white,100,v6noA,NaN,NaN,NaN,NaN,0,0,0,0,0,NaN,0,40,NaN,NaN,NaN,NaN
spent,t8-cycle-clean,white,100,v6noB,NaN,NaN,NaN,NaN,0,0,0,0,0,NaN,0,0,NaN,NaN,NaN,NaN
spent,t8-cycle-clean,white,100,v6noC1,NaN,NaN,NaN,NaN,0,0,0,0,0,NaN,0,0,NaN,NaN,NaN,NaN
spent,t8-cycle-clean,white,100,v6noC2,NaN,NaN,NaN,NaN,0,0,0,0,0,NaN,0,0,NaN,NaN,NaN,NaN
spent,t8-cycle-clean,white,100,v6,NaN,NaN,NaN,NaN,0,0,0,0,0,NaN,0,0,NaN,NaN,NaN,NaN
spent,t8-cycle-clean,white,101,v5,NaN,NaN,NaN,NaN,0,0,0,0,0,NaN,0,32,NaN,NaN,NaN,NaN
spent,t8-cycle-clean,white,101,v6noA,NaN,NaN,NaN,NaN,0,0,0,0,0,NaN,0,32,NaN,NaN,NaN,NaN
spent,t8-cycle-clean,white,101,v6noB,NaN,NaN,NaN,NaN,0,0,0,0,0,NaN,0,0,NaN,NaN,NaN,NaN
spent,t8-cycle-clean,white,101,v6noC1,NaN,NaN,NaN,NaN,0,0,0,0,0,NaN,0,0,NaN,NaN,NaN,NaN
spent,t8-cycle-clean,white,101,v6noC2,NaN,NaN,NaN,NaN,0,0,0,0,0,NaN,0,0,NaN,NaN,NaN,NaN
spent,t8-cycle-clean,white,101,v6,NaN,NaN,NaN,NaN,0,0,0,0,0,NaN,0,0,NaN,NaN,NaN,NaN
spent,t8-cycle-clean,white,102,v5,NaN,NaN,NaN,NaN,0,0,0,0,0,NaN,0,41,NaN,NaN,NaN,NaN
spent,t8-cycle-clean,white,102,v6noA,NaN,NaN,NaN,NaN,0,0,0,0,0,NaN,0,41,NaN,NaN,NaN,NaN
spent,t8-cycle-clean,white,102,v6noB,NaN,NaN,NaN,NaN,0,0,0,0,0,NaN,0,0,NaN,NaN,NaN,NaN
spent,t8-cycle-clean,white,102,v6noC1,NaN,NaN,NaN,NaN,0,0,0,0,0,NaN,0,0,NaN,NaN,NaN,NaN
spent,t8-cycle-clean,white,102,v6noC2,NaN,NaN,NaN,NaN,0,0,0,0,0,NaN,0,0,NaN,NaN,NaN,NaN
spent,t8-cycle-clean,white,102,v6,NaN,NaN,NaN,NaN,0,0,0,0,0,NaN,0,0,NaN,NaN,NaN,NaN
spent,t8-cycle-clean,white,103,v5,NaN,NaN,NaN,NaN,1.10526315789474,0.473684210526316,0,0,0,NaN,0,41,NaN,NaN,NaN,NaN
spent,t8-cycle-clean,white,103,v6noA,NaN,NaN,NaN,NaN,1.10526315789474,0.473684210526316,0,0,0,NaN,0,41,NaN,NaN,NaN,NaN
spent,t8-cycle-clean,white,103,v6noB,NaN,NaN,NaN,NaN,1.26315789473684,0.473684210526316,0,0,0,NaN,0,0,NaN,NaN,NaN,NaN
spent,t8-cycle-clean,white,103,v6noC1,NaN,NaN,NaN,NaN,1.26315789473684,0.473684210526316,0,0,0,NaN,0,0,NaN,NaN,NaN,NaN
spent,t8-cycle-clean,white,103,v6noC2,NaN,NaN,NaN,NaN,1.26315789473684,0.473684210526316,0,0,0,NaN,0,0,NaN,NaN,NaN,NaN
spent,t8-cycle-clean,white,103,v6,NaN,NaN,NaN,NaN,1.26315789473684,0.473684210526316,0,0,0,NaN,0,0,NaN,NaN,NaN,NaN
spent,t8-cycle-clean,white,104,v5,NaN,NaN,NaN,NaN,1.89473684210526,0.631578947368421,0,0,0,NaN,0,34,NaN,NaN,NaN,NaN
spent,t8-cycle-clean,white,104,v6noA,NaN,NaN,NaN,NaN,1.89473684210526,0.631578947368421,0,0,0,NaN,0,34,NaN,NaN,NaN,NaN
spent,t8-cycle-clean,white,104,v6noB,NaN,NaN,NaN,NaN,1.89473684210526,0.631578947368421,0,0,0,NaN,0,0,NaN,NaN,NaN,NaN
spent,t8-cycle-clean,white,104,v6noC1,NaN,NaN,NaN,NaN,1.89473684210526,0.631578947368421,0,0,0,NaN,0,0,NaN,NaN,NaN,NaN
spent,t8-cycle-clean,white,104,v6noC2,NaN,NaN,NaN,NaN,1.89473684210526,0.631578947368421,0,0,0,NaN,0,0,NaN,NaN,NaN,NaN
spent,t8-cycle-clean,white,104,v6,NaN,NaN,NaN,NaN,1.89473684210526,0.631578947368421,0,0,0,NaN,0,0,NaN,NaN,NaN,NaN
spent,t8-cycle-clean,white,105,v5,NaN,NaN,NaN,NaN,0,0,0,0,0,NaN,0,35,NaN,NaN,NaN,NaN
spent,t8-cycle-clean,white,105,v6noA,NaN,NaN,NaN,NaN,0,0,0,0,0,NaN,0,35,NaN,NaN,NaN,NaN
spent,t8-cycle-clean,white,105,v6noB,NaN,NaN,NaN,NaN,0,0,0,0,0,NaN,0,0,NaN,NaN,NaN,NaN
spent,t8-cycle-clean,white,105,v6noC1,NaN,NaN,NaN,NaN,0,0,0,0,0,NaN,0,0,NaN,NaN,NaN,NaN
spent,t8-cycle-clean,white,105,v6noC2,NaN,NaN,NaN,NaN,0,0,0,0,0,NaN,0,0,NaN,NaN,NaN,NaN
spent,t8-cycle-clean,white,105,v6,NaN,NaN,NaN,NaN,0,0,0,0,0,NaN,0,0,NaN,NaN,NaN,NaN
spent,t8-cycle-clean,white,106,v5,NaN,NaN,NaN,NaN,0,0,0,0,0,NaN,0,42,NaN,NaN,NaN,NaN
spent,t8-cycle-clean,white,106,v6noA,NaN,NaN,NaN,NaN,0,0,0,0,0,NaN,0,42,NaN,NaN,NaN,NaN
spent,t8-cycle-clean,white,106,v6noB,NaN,NaN,NaN,NaN,0,0,0,0,0,NaN,0,0,NaN,NaN,NaN,NaN
spent,t8-cycle-clean,white,106,v6noC1,NaN,NaN,NaN,NaN,0,0,0,0,0,NaN,0,0,NaN,NaN,NaN,NaN
spent,t8-cycle-clean,white,106,v6noC2,NaN,NaN,NaN,NaN,0,0,0,0,0,NaN,0,0,NaN,NaN,NaN,NaN
spent,t8-cycle-clean,white,106,v6,NaN,NaN,NaN,NaN,0,0,0,0,0,NaN,0,0,NaN,NaN,NaN,NaN
spent,t8-cycle-clean,white,107,v5,NaN,NaN,NaN,NaN,0,0,0,0,0,NaN,0,41,NaN,NaN,NaN,NaN
spent,t8-cycle-clean,white,107,v6noA,NaN,NaN,NaN,NaN,0,0,0,0,0,NaN,0,41,NaN,NaN,NaN,NaN
spent,t8-cycle-clean,white,107,v6noB,NaN,NaN,NaN,NaN,0,0,0,0,0,NaN,0,0,NaN,NaN,NaN,NaN
spent,t8-cycle-clean,white,107,v6noC1,NaN,NaN,NaN,NaN,0,0,0,0,0,NaN,0,0,NaN,NaN,NaN,NaN
spent,t8-cycle-clean,white,107,v6noC2,NaN,NaN,NaN,NaN,0,0,0,0,0,NaN,0,0,NaN,NaN,NaN,NaN
spent,t8-cycle-clean,white,107,v6,NaN,NaN,NaN,NaN,0,0,0,0,0,NaN,0,0,NaN,NaN,NaN,NaN
spent,t8-cycle-clean,white,108,v5,NaN,NaN,NaN,NaN,0,0,0,0,0,NaN,0,42,NaN,NaN,NaN,NaN
spent,t8-cycle-clean,white,108,v6noA,NaN,NaN,NaN,NaN,0,0,0,0,0,NaN,0,42,NaN,NaN,NaN,NaN
spent,t8-cycle-clean,white,108,v6noB,NaN,NaN,NaN,NaN,0,0,0,0,0,NaN,0,0,NaN,NaN,NaN,NaN
spent,t8-cycle-clean,white,108,v6noC1,NaN,NaN,NaN,NaN,0,0,0,0,0,NaN,0,0,NaN,NaN,NaN,NaN
spent,t8-cycle-clean,white,108,v6noC2,NaN,NaN,NaN,NaN,0,0,0,0,0,NaN,0,0,NaN,NaN,NaN,NaN
spent,t8-cycle-clean,white,108,v6,NaN,NaN,NaN,NaN,0,0,0,0,0,NaN,0,0,NaN,NaN,NaN,NaN
spent,t8-cycle-clean,white,109,v5,NaN,NaN,NaN,NaN,0,0,0,0,0,NaN,0,43,NaN,NaN,NaN,NaN
spent,t8-cycle-clean,white,109,v6noA,NaN,NaN,NaN,NaN,0,0,0,0,0,NaN,0,43,NaN,NaN,NaN,NaN
spent,t8-cycle-clean,white,109,v6noB,NaN,NaN,NaN,NaN,0,0,0,0,0,NaN,0,0,NaN,NaN,NaN,NaN
spent,t8-cycle-clean,white,109,v6noC1,NaN,NaN,NaN,NaN,0,0,0,0,0,NaN,0,0,NaN,NaN,NaN,NaN
spent,t8-cycle-clean,white,109,v6noC2,NaN,NaN,NaN,NaN,0,0,0,0,0,NaN,0,0,NaN,NaN,NaN,NaN
spent,t8-cycle-clean,white,109,v6,NaN,NaN,NaN,NaN,0,0,0,0,0,NaN,0,0,NaN,NaN,NaN,NaN
spent,t8-cycle-clean,colored,100,v5,NaN,NaN,NaN,NaN,0,0,0,0,0,NaN,0,40,NaN,NaN,NaN,NaN
spent,t8-cycle-clean,colored,100,v6noA,NaN,NaN,NaN,NaN,0,0,0,0,0,NaN,0,40,NaN,NaN,NaN,NaN
spent,t8-cycle-clean,colored,100,v6noB,NaN,NaN,NaN,NaN,0,0,0,0,0,NaN,0,0,NaN,NaN,NaN,NaN
spent,t8-cycle-clean,colored,100,v6noC1,NaN,NaN,NaN,NaN,0,0,0,0,0,NaN,0,0,NaN,NaN,NaN,NaN
spent,t8-cycle-clean,colored,100,v6noC2,NaN,NaN,NaN,NaN,0,0,0,0,0,NaN,0,0,NaN,NaN,NaN,NaN
spent,t8-cycle-clean,colored,100,v6,NaN,NaN,NaN,NaN,0,0,0,0,0,NaN,0,0,NaN,NaN,NaN,NaN
spent,t8-cycle-clean,colored,101,v5,NaN,NaN,NaN,NaN,0,0,0,0,0,NaN,0,32,NaN,NaN,NaN,NaN
spent,t8-cycle-clean,colored,101,v6noA,NaN,NaN,NaN,NaN,0,0,0,0,0,NaN,0,32,NaN,NaN,NaN,NaN
spent,t8-cycle-clean,colored,101,v6noB,NaN,NaN,NaN,NaN,0,0,0,0,0,NaN,0,0,NaN,NaN,NaN,NaN
spent,t8-cycle-clean,colored,101,v6noC1,NaN,NaN,NaN,NaN,0,0,0,0,0,NaN,0,0,NaN,NaN,NaN,NaN
spent,t8-cycle-clean,colored,101,v6noC2,NaN,NaN,NaN,NaN,0,0,0,0,0,NaN,0,0,NaN,NaN,NaN,NaN
spent,t8-cycle-clean,colored,101,v6,NaN,NaN,NaN,NaN,0,0,0,0,0,NaN,0,0,NaN,NaN,NaN,NaN
spent,t8-cycle-clean,colored,102,v5,NaN,NaN,NaN,NaN,0,0,0,0,0,NaN,0,41,NaN,NaN,NaN,NaN
spent,t8-cycle-clean,colored,102,v6noA,NaN,NaN,NaN,NaN,0,0,0,0,0,NaN,0,41,NaN,NaN,NaN,NaN
spent,t8-cycle-clean,colored,102,v6noB,NaN,NaN,NaN,NaN,0,0,0,0,0,NaN,0,0,NaN,NaN,NaN,NaN
spent,t8-cycle-clean,colored,102,v6noC1,NaN,NaN,NaN,NaN,0,0,0,0,0,NaN,0,0,NaN,NaN,NaN,NaN
spent,t8-cycle-clean,colored,102,v6noC2,NaN,NaN,NaN,NaN,0,0,0,0,0,NaN,0,0,NaN,NaN,NaN,NaN
spent,t8-cycle-clean,colored,102,v6,NaN,NaN,NaN,NaN,0,0,0,0,0,NaN,0,0,NaN,NaN,NaN,NaN
spent,t8-cycle-clean,colored,103,v5,NaN,NaN,NaN,NaN,9.31578947368421,0.315789473684211,0,0,0,NaN,0,41,NaN,NaN,NaN,NaN
spent,t8-cycle-clean,colored,103,v6noA,NaN,NaN,NaN,NaN,9.31578947368421,0.631578947368421,2,0,0,NaN,0,41,NaN,NaN,NaN,NaN
spent,t8-cycle-clean,colored,103,v6noB,NaN,NaN,NaN,NaN,9.31578947368421,0.631578947368421,2,0,0,NaN,0,0,NaN,NaN,NaN,NaN
spent,t8-cycle-clean,colored,103,v6noC1,NaN,NaN,NaN,NaN,9.31578947368421,0.315789473684211,0,0,0,NaN,0,0,NaN,NaN,NaN,NaN
spent,t8-cycle-clean,colored,103,v6noC2,NaN,NaN,NaN,NaN,9.31578947368421,0.631578947368421,2,0,0,NaN,0,0,NaN,NaN,NaN,NaN
spent,t8-cycle-clean,colored,103,v6,NaN,NaN,NaN,NaN,9.31578947368421,0.631578947368421,2,0,0,NaN,0,0,NaN,NaN,NaN,NaN
spent,t8-cycle-clean,colored,104,v5,NaN,NaN,NaN,NaN,0,0,0,0,0,NaN,0,34,NaN,NaN,NaN,NaN
spent,t8-cycle-clean,colored,104,v6noA,NaN,NaN,NaN,NaN,0,0,0,0,0,NaN,0,34,NaN,NaN,NaN,NaN
spent,t8-cycle-clean,colored,104,v6noB,NaN,NaN,NaN,NaN,0,0,0,0,0,NaN,0,0,NaN,NaN,NaN,NaN
spent,t8-cycle-clean,colored,104,v6noC1,NaN,NaN,NaN,NaN,0,0,0,0,0,NaN,0,0,NaN,NaN,NaN,NaN
spent,t8-cycle-clean,colored,104,v6noC2,NaN,NaN,NaN,NaN,0,0,0,0,0,NaN,0,0,NaN,NaN,NaN,NaN
spent,t8-cycle-clean,colored,104,v6,NaN,NaN,NaN,NaN,0,0,0,0,0,NaN,0,0,NaN,NaN,NaN,NaN
spent,t8-cycle-clean,colored,105,v5,NaN,NaN,NaN,NaN,0,0,0,0,0,NaN,0,35,NaN,NaN,NaN,NaN
spent,t8-cycle-clean,colored,105,v6noA,NaN,NaN,NaN,NaN,0,0,0,0,0,NaN,0,35,NaN,NaN,NaN,NaN
spent,t8-cycle-clean,colored,105,v6noB,NaN,NaN,NaN,NaN,0,0,0,0,0,NaN,0,0,NaN,NaN,NaN,NaN
spent,t8-cycle-clean,colored,105,v6noC1,NaN,NaN,NaN,NaN,0,0,0,0,0,NaN,0,0,NaN,NaN,NaN,NaN
spent,t8-cycle-clean,colored,105,v6noC2,NaN,NaN,NaN,NaN,0,0,0,0,0,NaN,0,0,NaN,NaN,NaN,NaN
spent,t8-cycle-clean,colored,105,v6,NaN,NaN,NaN,NaN,0,0,0,0,0,NaN,0,0,NaN,NaN,NaN,NaN
spent,t8-cycle-clean,colored,106,v5,NaN,NaN,NaN,NaN,0,0,0,0,0,NaN,0,42,NaN,NaN,NaN,NaN
spent,t8-cycle-clean,colored,106,v6noA,NaN,NaN,NaN,NaN,0,0,0,0,0,NaN,0,42,NaN,NaN,NaN,NaN
spent,t8-cycle-clean,colored,106,v6noB,NaN,NaN,NaN,NaN,0,0,0,0,0,NaN,0,0,NaN,NaN,NaN,NaN
spent,t8-cycle-clean,colored,106,v6noC1,NaN,NaN,NaN,NaN,0,0,0,0,0,NaN,0,0,NaN,NaN,NaN,NaN
spent,t8-cycle-clean,colored,106,v6noC2,NaN,NaN,NaN,NaN,0,0,0,0,0,NaN,0,0,NaN,NaN,NaN,NaN
spent,t8-cycle-clean,colored,106,v6,NaN,NaN,NaN,NaN,0,0,0,0,0,NaN,0,0,NaN,NaN,NaN,NaN
spent,t8-cycle-clean,colored,107,v5,NaN,NaN,NaN,NaN,0,0,0,0,0,NaN,0,41,NaN,NaN,NaN,NaN
spent,t8-cycle-clean,colored,107,v6noA,NaN,NaN,NaN,NaN,0,0,0,0,0,NaN,0,41,NaN,NaN,NaN,NaN
spent,t8-cycle-clean,colored,107,v6noB,NaN,NaN,NaN,NaN,0,0,0,0,0,NaN,0,0,NaN,NaN,NaN,NaN
spent,t8-cycle-clean,colored,107,v6noC1,NaN,NaN,NaN,NaN,0,0,0,0,0,NaN,0,0,NaN,NaN,NaN,NaN
spent,t8-cycle-clean,colored,107,v6noC2,NaN,NaN,NaN,NaN,0,0,0,0,0,NaN,0,0,NaN,NaN,NaN,NaN
spent,t8-cycle-clean,colored,107,v6,NaN,NaN,NaN,NaN,0,0,0,0,0,NaN,0,0,NaN,NaN,NaN,NaN
spent,t8-cycle-clean,colored,108,v5,NaN,NaN,NaN,NaN,0,0,0,0,0,NaN,0,42,NaN,NaN,NaN,NaN
spent,t8-cycle-clean,colored,108,v6noA,NaN,NaN,NaN,NaN,0,0,0,0,0,NaN,0,42,NaN,NaN,NaN,NaN
spent,t8-cycle-clean,colored,108,v6noB,NaN,NaN,NaN,NaN,0,0,0,0,0,NaN,0,0,NaN,NaN,NaN,NaN
spent,t8-cycle-clean,colored,108,v6noC1,NaN,NaN,NaN,NaN,0,0,0,0,0,NaN,0,0,NaN,NaN,NaN,NaN
spent,t8-cycle-clean,colored,108,v6noC2,NaN,NaN,NaN,NaN,0,0,0,0,0,NaN,0,0,NaN,NaN,NaN,NaN
spent,t8-cycle-clean,colored,108,v6,NaN,NaN,NaN,NaN,0,0,0,0,0,NaN,0,0,NaN,NaN,NaN,NaN
spent,t8-cycle-clean,colored,109,v5,NaN,NaN,NaN,NaN,0,0,0,0,0,NaN,0,43,NaN,NaN,NaN,NaN
spent,t8-cycle-clean,colored,109,v6noA,NaN,NaN,NaN,NaN,0,0,0,0,0,NaN,0,43,NaN,NaN,NaN,NaN
spent,t8-cycle-clean,colored,109,v6noB,NaN,NaN,NaN,NaN,0,0,0,0,0,NaN,0,0,NaN,NaN,NaN,NaN
spent,t8-cycle-clean,colored,109,v6noC1,NaN,NaN,NaN,NaN,0,0,0,0,0,NaN,0,0,NaN,NaN,NaN,NaN
spent,t8-cycle-clean,colored,109,v6noC2,NaN,NaN,NaN,NaN,0,0,0,0,0,NaN,0,0,NaN,NaN,NaN,NaN
spent,t8-cycle-clean,colored,109,v6,NaN,NaN,NaN,NaN,0,0,0,0,0,NaN,0,0,NaN,NaN,NaN,NaN
spent,t9-relax-az,white,100,v5,1,7.5,0.923809523809524,0.923809523809524,35.6842105263158,2.52631578947368,0,0,0,0,0,0,NaN,NaN,NaN,NaN
spent,t9-relax-az,white,100,v6noA,1,7.5,0.614285714285714,0.614285714285714,32.0526315789474,3,4,1,0.0447368421052632,0.0571428571428571,0,0,NaN,NaN,NaN,NaN
spent,t9-relax-az,white,100,v6noB,1,7.5,0.614285714285714,0.614285714285714,32.0526315789474,3,4,1,0.0447368421052632,0.0571428571428571,0,0,NaN,NaN,NaN,NaN
spent,t9-relax-az,white,100,v6noC1,1,7.5,0.866666666666667,0.866666666666667,34.1052631578947,2.36842105263158,0,0,0.0394736842105263,0.0476190476190476,0,0,NaN,NaN,NaN,NaN
spent,t9-relax-az,white,100,v6noC2,1,7.5,0.680952380952381,0.680952380952381,35.6842105263158,3,3,1,0,0,0,0,NaN,NaN,NaN,NaN
spent,t9-relax-az,white,100,v6,1,7.5,0.614285714285714,0.614285714285714,32.0526315789474,3,4,1,0.0447368421052632,0.0571428571428571,0,0,NaN,NaN,NaN,NaN
spent,t9-relax-az,white,101,v5,1,6.5,0.971428571428571,0.971428571428571,62.0526315789474,3.31578947368421,0,0,0,0,0,0,NaN,NaN,NaN,NaN
spent,t9-relax-az,white,101,v6noA,1,6.5,0.861904761904762,0.861904761904762,49.2631578947368,4.10526315789474,4,0,0.0763157894736842,0.10952380952381,0,0,NaN,NaN,NaN,NaN
spent,t9-relax-az,white,101,v6noB,1,6.5,0.861904761904762,0.861904761904762,49.2631578947368,4.10526315789474,4,0,0.0763157894736842,0.10952380952381,0,0,NaN,NaN,NaN,NaN
spent,t9-relax-az,white,101,v6noC1,1,6.5,0.861904761904762,0.861904761904762,49.2631578947368,3.47368421052632,0,0,0.0763157894736842,0.10952380952381,0,0,NaN,NaN,NaN,NaN
spent,t9-relax-az,white,101,v6noC2,1,6.5,0.971428571428571,0.971428571428571,61.8947368421053,3.78947368421053,4,0,0,0,0,0,NaN,NaN,NaN,NaN
spent,t9-relax-az,white,101,v6,1,6.5,0.861904761904762,0.861904761904762,49.2631578947368,4.10526315789474,4,0,0.0763157894736842,0.10952380952381,0,0,NaN,NaN,NaN,NaN
spent,t9-relax-az,white,102,v5,1,6.5,0.938095238095238,0.938095238095238,41.5263157894737,3.47368421052632,0,0,0,0,0,0,NaN,NaN,NaN,NaN
spent,t9-relax-az,white,102,v6noA,1,6.5,0.628571428571429,0.628571428571429,33.7894736842105,3.94736842105263,2,1,0.0210526315789474,0.0380952380952381,0,0,NaN,NaN,NaN,NaN
spent,t9-relax-az,white,102,v6noB,1,6.5,0.628571428571429,0.628571428571429,33.7894736842105,3.94736842105263,2,1,0.0210526315789474,0.0380952380952381,0,0,NaN,NaN,NaN,NaN
spent,t9-relax-az,white,102,v6noC1,1,6.5,0.9,0.9,33.7894736842105,3.63157894736842,0,0,0.0210526315789474,0.0380952380952381,0,0,NaN,NaN,NaN,NaN
spent,t9-relax-az,white,102,v6noC2,1,6.5,0.676190476190476,0.676190476190476,41.5263157894737,3.94736842105263,3,1,0,0,0,0,NaN,NaN,NaN,NaN
spent,t9-relax-az,white,102,v6,1,6.5,0.628571428571429,0.628571428571429,33.7894736842105,3.94736842105263,2,1,0.0210526315789474,0.0380952380952381,0,0,NaN,NaN,NaN,NaN
spent,t9-relax-az,white,103,v5,1,7.5,0.966666666666667,0.966666666666667,45.4736842105263,3.94736842105263,0,0,0,0,0,0,NaN,NaN,NaN,NaN
spent,t9-relax-az,white,103,v6noA,1,7.5,0.957142857142857,0.957142857142857,41.3684210526316,4.73684210526316,3,0,0.00526315789473684,0.00952380952380952,0,0,NaN,NaN,NaN,NaN
spent,t9-relax-az,white,103,v6noB,1,7.5,0.957142857142857,0.957142857142857,41.3684210526316,4.73684210526316,3,0,0.00526315789473684,0.00952380952380952,0,0,NaN,NaN,NaN,NaN
spent,t9-relax-az,white,103,v6noC1,1,7.5,0.957142857142857,0.957142857142857,41.3684210526316,4.26315789473684,0,0,0.00526315789473684,0.00952380952380952,0,0,NaN,NaN,NaN,NaN
spent,t9-relax-az,white,103,v6noC2,1,7.5,0.966666666666667,0.966666666666667,45.4736842105263,4.42105263157895,3,0,0,0,0,0,NaN,NaN,NaN,NaN
spent,t9-relax-az,white,103,v6,1,7.5,0.957142857142857,0.957142857142857,41.3684210526316,4.73684210526316,3,0,0.00526315789473684,0.00952380952380952,0,0,NaN,NaN,NaN,NaN
spent,t9-relax-az,white,104,v5,1,8.5,0.961904761904762,0.961904761904762,53.8421052631579,4.26315789473684,0,0,0,0,0,0,NaN,NaN,NaN,NaN
spent,t9-relax-az,white,104,v6noA,1,8.5,0.866666666666667,0.866666666666667,44.2105263157895,5.84210526315789,4,0,0.0526315789473684,0.0952380952380952,0,0,NaN,NaN,NaN,NaN
spent,t9-relax-az,white,104,v6noB,1,8.5,0.866666666666667,0.866666666666667,44.2105263157895,5.84210526315789,4,0,0.0526315789473684,0.0952380952380952,0,0,NaN,NaN,NaN,NaN
spent,t9-relax-az,white,104,v6noC1,1,8.5,0.866666666666667,0.866666666666667,44.2105263157895,5.21052631578947,0,0,0.0526315789473684,0.0952380952380952,0,0,NaN,NaN,NaN,NaN
spent,t9-relax-az,white,104,v6noC2,1,8.5,0.961904761904762,0.961904761904762,53.8421052631579,4.89473684210526,4,0,0,0,0,0,NaN,NaN,NaN,NaN
spent,t9-relax-az,white,104,v6,1,8.5,0.866666666666667,0.866666666666667,44.2105263157895,5.84210526315789,4,0,0.0526315789473684,0.0952380952380952,0,0,NaN,NaN,NaN,NaN
spent,t9-relax-az,white,105,v5,1,7.5,0.942857142857143,0.942857142857143,18.6315789473684,3.15789473684211,0,0,0,0,0,0,NaN,NaN,NaN,NaN
spent,t9-relax-az,white,105,v6noA,1,7.5,0.661904761904762,0.661904761904762,18.6315789473684,3.31578947368421,1,1,0,0,0,0,NaN,NaN,NaN,NaN
spent,t9-relax-az,white,105,v6noB,1,7.5,0.661904761904762,0.661904761904762,18.6315789473684,3.31578947368421,1,1,0,0,0,0,NaN,NaN,NaN,NaN
spent,t9-relax-az,white,105,v6noC1,1,7.5,0.942857142857143,0.942857142857143,18.6315789473684,3.15789473684211,0,0,0,0,0,0,NaN,NaN,NaN,NaN
spent,t9-relax-az,white,105,v6noC2,1,7.5,0.661904761904762,0.661904761904762,18.6315789473684,3.31578947368421,1,1,0,0,0,0,NaN,NaN,NaN,NaN
spent,t9-relax-az,white,105,v6,1,7.5,0.661904761904762,0.661904761904762,18.6315789473684,3.31578947368421,1,1,0,0,0,0,NaN,NaN,NaN,NaN
spent,t9-relax-az,white,106,v5,1,7.5,0.966666666666667,0.966666666666667,30.7894736842105,1.89473684210526,0,0,0,0,0,0,NaN,NaN,NaN,NaN
spent,t9-relax-az,white,106,v6noA,1,12.5,0.580952380952381,0.580952380952381,29.5263157894737,2.68421052631579,4,1,0.0210526315789474,0.0380952380952381,0,0,NaN,NaN,NaN,NaN
spent,t9-relax-az,white,106,v6noB,1,12.5,0.580952380952381,0.580952380952381,29.5263157894737,2.68421052631579,4,1,0.0210526315789474,0.0380952380952381,0,0,NaN,NaN,NaN,NaN
spent,t9-relax-az,white,106,v6noC1,1,12.5,0.861904761904762,0.861904761904762,27.3157894736842,2.21052631578947,0,0,0.0342105263157895,0.0619047619047619,0,0,NaN,NaN,NaN,NaN
spent,t9-relax-az,white,106,v6noC2,1,7.5,0.966666666666667,0.966666666666667,30.7894736842105,2.52631578947368,4,0,0,0,0,0,NaN,NaN,NaN,NaN
spent,t9-relax-az,white,106,v6,1,12.5,0.580952380952381,0.580952380952381,29.5263157894737,2.68421052631579,4,1,0.0210526315789474,0.0380952380952381,0,0,NaN,NaN,NaN,NaN
spent,t9-relax-az,white,107,v5,1,8.5,0.961904761904762,0.961904761904762,61.7368421052632,5.68421052631579,0,0,0,0,0,0,NaN,NaN,NaN,NaN
spent,t9-relax-az,white,107,v6noA,1,8.5,0.880952380952381,0.880952380952381,51.6315789473684,5.36842105263158,4,0,0.0526315789473684,0.080952380952381,0,0,NaN,NaN,NaN,NaN
spent,t9-relax-az,white,107,v6noB,1,8.5,0.880952380952381,0.880952380952381,51.6315789473684,5.36842105263158,4,0,0.0526315789473684,0.080952380952381,0,0,NaN,NaN,NaN,NaN
spent,t9-relax-az,white,107,v6noC1,1,8.5,0.880952380952381,0.880952380952381,51.6315789473684,4.73684210526316,0,0,0.0526315789473684,0.080952380952381,0,0,NaN,NaN,NaN,NaN
spent,t9-relax-az,white,107,v6noC2,1,8.5,0.961904761904762,0.961904761904762,61.7368421052632,6.31578947368421,4,0,0,0,0,0,NaN,NaN,NaN,NaN
spent,t9-relax-az,white,107,v6,1,8.5,0.880952380952381,0.880952380952381,51.6315789473684,5.36842105263158,4,0,0.0526315789473684,0.080952380952381,0,0,NaN,NaN,NaN,NaN
spent,t9-relax-az,white,108,v5,1,7.5,0.966666666666667,0.966666666666667,45.7894736842105,4.26315789473684,0,0,0,0,0,0,NaN,NaN,NaN,NaN
spent,t9-relax-az,white,108,v6noA,1,7.5,0.966666666666667,0.966666666666667,48.7894736842105,3.78947368421053,5,0,0.0131578947368421,0,0,0,NaN,NaN,NaN,NaN
spent,t9-relax-az,white,108,v6noB,1,7.5,0.966666666666667,0.966666666666667,48.7894736842105,3.78947368421053,5,0,0.0131578947368421,0,0,0,NaN,NaN,NaN,NaN
spent,t9-relax-az,white,108,v6noC1,1,7.5,0.966666666666667,0.966666666666667,46.7368421052632,3,0,0,0.0131578947368421,0,0,0,NaN,NaN,NaN,NaN
spent,t9-relax-az,white,108,v6noC2,1,7.5,0.966666666666667,0.966666666666667,50.5263157894737,5.52631578947368,4,0,0,0,0,0,NaN,NaN,NaN,NaN
spent,t9-relax-az,white,108,v6,1,7.5,0.966666666666667,0.966666666666667,48.7894736842105,3.78947368421053,5,0,0.0131578947368421,0,0,0,NaN,NaN,NaN,NaN
spent,t9-relax-az,white,109,v5,1,7.5,0.966666666666667,0.966666666666667,23.2105263157895,2.21052631578947,0,0,0,0,0,0,NaN,NaN,NaN,NaN
spent,t9-relax-az,white,109,v6noA,1,7.5,0.966666666666667,0.966666666666667,23.2105263157895,2.68421052631579,3,0,0,0,0,0,NaN,NaN,NaN,NaN
spent,t9-relax-az,white,109,v6noB,1,7.5,0.966666666666667,0.966666666666667,23.2105263157895,2.68421052631579,3,0,0,0,0,0,NaN,NaN,NaN,NaN
spent,t9-relax-az,white,109,v6noC1,1,7.5,0.966666666666667,0.966666666666667,23.2105263157895,2.21052631578947,0,0,0,0,0,0,NaN,NaN,NaN,NaN
spent,t9-relax-az,white,109,v6noC2,1,7.5,0.966666666666667,0.966666666666667,23.2105263157895,2.68421052631579,3,0,0,0,0,0,NaN,NaN,NaN,NaN
spent,t9-relax-az,white,109,v6,1,7.5,0.966666666666667,0.966666666666667,23.2105263157895,2.68421052631579,3,0,0,0,0,0,NaN,NaN,NaN,NaN
spent,t9-relax-az,colored,100,v5,1,30.5,0.857142857142857,0.857142857142857,0,0,0,0,0,0,0,0,NaN,NaN,NaN,NaN
spent,t9-relax-az,colored,100,v6noA,1,30.5,0.857142857142857,0.857142857142857,0,0,0,0,0,0,0,0,NaN,NaN,NaN,NaN
spent,t9-relax-az,colored,100,v6noB,1,30.5,0.857142857142857,0.857142857142857,0,0,0,0,0,0,0,0,NaN,NaN,NaN,NaN
spent,t9-relax-az,colored,100,v6noC1,1,30.5,0.857142857142857,0.857142857142857,0,0,0,0,0,0,0,0,NaN,NaN,NaN,NaN
spent,t9-relax-az,colored,100,v6noC2,1,30.5,0.857142857142857,0.857142857142857,0,0,0,0,0,0,0,0,NaN,NaN,NaN,NaN
spent,t9-relax-az,colored,100,v6,1,30.5,0.857142857142857,0.857142857142857,0,0,0,0,0,0,0,0,NaN,NaN,NaN,NaN
spent,t9-relax-az,colored,101,v5,1,96.5,0.542857142857143,0.542857142857143,0,0,0,0,0,0,0,0,NaN,NaN,NaN,NaN
spent,t9-relax-az,colored,101,v6noA,1,96.5,0.542857142857143,0.542857142857143,0,0,0,0,0,0,0,0,NaN,NaN,NaN,NaN
spent,t9-relax-az,colored,101,v6noB,1,96.5,0.542857142857143,0.542857142857143,0,0,0,0,0,0,0,0,NaN,NaN,NaN,NaN
spent,t9-relax-az,colored,101,v6noC1,1,96.5,0.542857142857143,0.542857142857143,0,0,0,0,0,0,0,0,NaN,NaN,NaN,NaN
spent,t9-relax-az,colored,101,v6noC2,1,96.5,0.542857142857143,0.542857142857143,0,0,0,0,0,0,0,0,NaN,NaN,NaN,NaN
spent,t9-relax-az,colored,101,v6,1,96.5,0.542857142857143,0.542857142857143,0,0,0,0,0,0,0,0,NaN,NaN,NaN,NaN
spent,t9-relax-az,colored,102,v5,1,46.5,0.614285714285714,0.614285714285714,0,0,0,0,0,0,0,0,NaN,NaN,NaN,NaN
spent,t9-relax-az,colored,102,v6noA,1,46.5,0.604761904761905,0.604761904761905,0,0,0,1,0,0,0,0,NaN,NaN,NaN,NaN
spent,t9-relax-az,colored,102,v6noB,1,46.5,0.604761904761905,0.604761904761905,0,0,0,1,0,0,0,0,NaN,NaN,NaN,NaN
spent,t9-relax-az,colored,102,v6noC1,1,46.5,0.614285714285714,0.614285714285714,0,0,0,0,0,0,0,0,NaN,NaN,NaN,NaN
spent,t9-relax-az,colored,102,v6noC2,1,46.5,0.604761904761905,0.604761904761905,0,0,0,1,0,0,0,0,NaN,NaN,NaN,NaN
spent,t9-relax-az,colored,102,v6,1,46.5,0.604761904761905,0.604761904761905,0,0,0,1,0,0,0,0,NaN,NaN,NaN,NaN
spent,t9-relax-az,colored,103,v5,1,39.5,0.242857142857143,0.242857142857143,13.5789473684211,0.473684210526316,0,0,0,0,0,0,NaN,NaN,NaN,NaN
spent,t9-relax-az,colored,103,v6noA,1,39.5,0.195238095238095,0.195238095238095,13.5789473684211,0.789473684210526,2,1,0,0,0,0,NaN,NaN,NaN,NaN
spent,t9-relax-az,colored,103,v6noB,1,39.5,0.195238095238095,0.195238095238095,13.5789473684211,0.789473684210526,2,1,0,0,0,0,NaN,NaN,NaN,NaN
spent,t9-relax-az,colored,103,v6noC1,1,39.5,0.242857142857143,0.242857142857143,13.5789473684211,0.473684210526316,0,0,0,0,0,0,NaN,NaN,NaN,NaN
spent,t9-relax-az,colored,103,v6noC2,1,39.5,0.195238095238095,0.195238095238095,13.5789473684211,0.789473684210526,2,1,0,0,0,0,NaN,NaN,NaN,NaN
spent,t9-relax-az,colored,103,v6,1,39.5,0.195238095238095,0.195238095238095,13.5789473684211,0.789473684210526,2,1,0,0,0,0,NaN,NaN,NaN,NaN
spent,t9-relax-az,colored,104,v5,1,59.5,0.719047619047619,0.719047619047619,0,0,0,0,0,0,0,0,NaN,NaN,NaN,NaN
spent,t9-relax-az,colored,104,v6noA,1,59.5,0.719047619047619,0.719047619047619,0,0,0,0,0,0,0,0,NaN,NaN,NaN,NaN
spent,t9-relax-az,colored,104,v6noB,1,59.5,0.719047619047619,0.719047619047619,0,0,0,0,0,0,0,0,NaN,NaN,NaN,NaN
spent,t9-relax-az,colored,104,v6noC1,1,59.5,0.719047619047619,0.719047619047619,0,0,0,0,0,0,0,0,NaN,NaN,NaN,NaN
spent,t9-relax-az,colored,104,v6noC2,1,59.5,0.719047619047619,0.719047619047619,0,0,0,0,0,0,0,0,NaN,NaN,NaN,NaN
spent,t9-relax-az,colored,104,v6,1,59.5,0.719047619047619,0.719047619047619,0,0,0,0,0,0,0,0,NaN,NaN,NaN,NaN
spent,t9-relax-az,colored,105,v5,1,22.5,0.785714285714286,0.785714285714286,0,0,0,0,0,0,0,0,NaN,NaN,NaN,NaN
spent,t9-relax-az,colored,105,v6noA,1,22.5,0.395238095238095,0.395238095238095,0,0,0,1,0,0,0,0,NaN,NaN,NaN,NaN
spent,t9-relax-az,colored,105,v6noB,1,22.5,0.395238095238095,0.395238095238095,0,0,0,1,0,0,0,0,NaN,NaN,NaN,NaN
spent,t9-relax-az,colored,105,v6noC1,1,22.5,0.785714285714286,0.785714285714286,0,0,0,0,0,0,0,0,NaN,NaN,NaN,NaN
spent,t9-relax-az,colored,105,v6noC2,1,22.5,0.395238095238095,0.395238095238095,0,0,0,1,0,0,0,0,NaN,NaN,NaN,NaN
spent,t9-relax-az,colored,105,v6,1,22.5,0.395238095238095,0.395238095238095,0,0,0,1,0,0,0,0,NaN,NaN,NaN,NaN
spent,t9-relax-az,colored,106,v5,1,41.5,0.804761904761905,0.804761904761905,3.15789473684211,0.631578947368421,0,0,0,0,0,0,NaN,NaN,NaN,NaN
spent,t9-relax-az,colored,106,v6noA,1,41.5,0.804761904761905,0.804761904761905,3.15789473684211,0.631578947368421,0,0,0,0,0,0,NaN,NaN,NaN,NaN
spent,t9-relax-az,colored,106,v6noB,1,41.5,0.804761904761905,0.804761904761905,3.15789473684211,0.631578947368421,0,0,0,0,0,0,NaN,NaN,NaN,NaN
spent,t9-relax-az,colored,106,v6noC1,1,41.5,0.804761904761905,0.804761904761905,3.15789473684211,0.631578947368421,0,0,0,0,0,0,NaN,NaN,NaN,NaN
spent,t9-relax-az,colored,106,v6noC2,1,41.5,0.804761904761905,0.804761904761905,3.15789473684211,0.631578947368421,0,0,0,0,0,0,NaN,NaN,NaN,NaN
spent,t9-relax-az,colored,106,v6,1,41.5,0.804761904761905,0.804761904761905,3.15789473684211,0.631578947368421,0,0,0,0,0,0,NaN,NaN,NaN,NaN
spent,t9-relax-az,colored,107,v5,1,70.5,0.666666666666667,0.666666666666667,0,0,0,0,0,0,0,0,NaN,NaN,NaN,NaN
spent,t9-relax-az,colored,107,v6noA,1,70.5,0.666666666666667,0.666666666666667,0,0,0,0,0,0,0,0,NaN,NaN,NaN,NaN
spent,t9-relax-az,colored,107,v6noB,1,70.5,0.666666666666667,0.666666666666667,0,0,0,0,0,0,0,0,NaN,NaN,NaN,NaN
spent,t9-relax-az,colored,107,v6noC1,1,70.5,0.666666666666667,0.666666666666667,0,0,0,0,0,0,0,0,NaN,NaN,NaN,NaN
spent,t9-relax-az,colored,107,v6noC2,1,70.5,0.666666666666667,0.666666666666667,0,0,0,0,0,0,0,0,NaN,NaN,NaN,NaN
spent,t9-relax-az,colored,107,v6,1,70.5,0.666666666666667,0.666666666666667,0,0,0,0,0,0,0,0,NaN,NaN,NaN,NaN
spent,t9-relax-az,colored,108,v5,1,77.5,0.633333333333333,0.633333333333333,0.157894736842105,0.157894736842105,0,0,0,0,0,0,NaN,NaN,NaN,NaN
spent,t9-relax-az,colored,108,v6noA,1,77.5,0.557142857142857,0.557142857142857,0.157894736842105,0.157894736842105,0,0,0.0105263157894737,0.019047619047619,0,0,NaN,NaN,NaN,NaN
spent,t9-relax-az,colored,108,v6noB,1,77.5,0.557142857142857,0.557142857142857,0.157894736842105,0.157894736842105,0,0,0.0105263157894737,0.019047619047619,0,0,NaN,NaN,NaN,NaN
spent,t9-relax-az,colored,108,v6noC1,1,77.5,0.557142857142857,0.557142857142857,0.157894736842105,0.157894736842105,0,0,0.0105263157894737,0.019047619047619,0,0,NaN,NaN,NaN,NaN
spent,t9-relax-az,colored,108,v6noC2,1,77.5,0.633333333333333,0.633333333333333,0.157894736842105,0.157894736842105,0,0,0,0,0,0,NaN,NaN,NaN,NaN
spent,t9-relax-az,colored,108,v6,1,77.5,0.557142857142857,0.557142857142857,0.157894736842105,0.157894736842105,0,0,0.0105263157894737,0.019047619047619,0,0,NaN,NaN,NaN,NaN
spent,t9-relax-az,colored,109,v5,1,30.5,0.857142857142857,0.857142857142857,0,0,0,0,0,0,0,0,NaN,NaN,NaN,NaN
spent,t9-relax-az,colored,109,v6noA,1,30.5,0.857142857142857,0.857142857142857,0,0,0,0,0,0,0,0,NaN,NaN,NaN,NaN
spent,t9-relax-az,colored,109,v6noB,1,30.5,0.857142857142857,0.857142857142857,0,0,0,0,0,0,0,0,NaN,NaN,NaN,NaN
spent,t9-relax-az,colored,109,v6noC1,1,30.5,0.857142857142857,0.857142857142857,0,0,0,0,0,0,0,0,NaN,NaN,NaN,NaN
spent,t9-relax-az,colored,109,v6noC2,1,30.5,0.857142857142857,0.857142857142857,0,0,0,0,0,0,0,0,NaN,NaN,NaN,NaN
spent,t9-relax-az,colored,109,v6,1,30.5,0.857142857142857,0.857142857142857,0,0,0,0,0,0,0,0,NaN,NaN,NaN,NaN
spent,t10-slow-drift,white,100,v5,1,5.5,0.986111111111111,0.986111111111111,0,0,0,0,0,0,0,0,NaN,NaN,NaN,NaN
spent,t10-slow-drift,white,100,v6noA,1,5.5,0.986111111111111,0.986111111111111,0,0,0,0,0,0,0,0,NaN,NaN,NaN,NaN
spent,t10-slow-drift,white,100,v6noB,1,5.5,0.986111111111111,0.986111111111111,0,0,0,0,0,0,0,0,NaN,NaN,NaN,NaN
spent,t10-slow-drift,white,100,v6noC1,1,5.5,0.986111111111111,0.986111111111111,0,0,0,0,0,0,0,0,NaN,NaN,NaN,NaN
spent,t10-slow-drift,white,100,v6noC2,1,5.5,0.986111111111111,0.986111111111111,0,0,0,0,0,0,0,0,NaN,NaN,NaN,NaN
spent,t10-slow-drift,white,100,v6,1,5.5,0.986111111111111,0.986111111111111,0,0,0,0,0,0,0,0,NaN,NaN,NaN,NaN
spent,t10-slow-drift,white,101,v5,1,5.5,0.986111111111111,0.986111111111111,0,0,0,0,0,0,0,0,NaN,NaN,NaN,NaN
spent,t10-slow-drift,white,101,v6noA,1,5.5,0.986111111111111,0.986111111111111,0,0,0,0,0,0,0,0,NaN,NaN,NaN,NaN
spent,t10-slow-drift,white,101,v6noB,1,5.5,0.986111111111111,0.986111111111111,0,0,0,0,0,0,0,0,NaN,NaN,NaN,NaN
spent,t10-slow-drift,white,101,v6noC1,1,5.5,0.986111111111111,0.986111111111111,0,0,0,0,0,0,0,0,NaN,NaN,NaN,NaN
spent,t10-slow-drift,white,101,v6noC2,1,5.5,0.986111111111111,0.986111111111111,0,0,0,0,0,0,0,0,NaN,NaN,NaN,NaN
spent,t10-slow-drift,white,101,v6,1,5.5,0.986111111111111,0.986111111111111,0,0,0,0,0,0,0,0,NaN,NaN,NaN,NaN
spent,t10-slow-drift,white,102,v5,1,5.5,0.986111111111111,0.986111111111111,0,0,0,0,0,0,0,0,NaN,NaN,NaN,NaN
spent,t10-slow-drift,white,102,v6noA,1,5.5,0.986111111111111,0.986111111111111,0,0,0,0,0,0,0,0,NaN,NaN,NaN,NaN
spent,t10-slow-drift,white,102,v6noB,1,5.5,0.986111111111111,0.986111111111111,0,0,0,0,0,0,0,0,NaN,NaN,NaN,NaN
spent,t10-slow-drift,white,102,v6noC1,1,5.5,0.986111111111111,0.986111111111111,0,0,0,0,0,0,0,0,NaN,NaN,NaN,NaN
spent,t10-slow-drift,white,102,v6noC2,1,5.5,0.986111111111111,0.986111111111111,0,0,0,0,0,0,0,0,NaN,NaN,NaN,NaN
spent,t10-slow-drift,white,102,v6,1,5.5,0.986111111111111,0.986111111111111,0,0,0,0,0,0,0,0,NaN,NaN,NaN,NaN
spent,t10-slow-drift,white,103,v5,1,5.5,0.986111111111111,0.986111111111111,0,0,0,0,0,0,0,0,NaN,NaN,NaN,NaN
spent,t10-slow-drift,white,103,v6noA,1,5.5,0.986111111111111,0.986111111111111,0,0,0,0,0,0,0,0,NaN,NaN,NaN,NaN
spent,t10-slow-drift,white,103,v6noB,1,5.5,0.986111111111111,0.986111111111111,0,0,0,0,0,0,0,0,NaN,NaN,NaN,NaN
spent,t10-slow-drift,white,103,v6noC1,1,5.5,0.986111111111111,0.986111111111111,0,0,0,0,0,0,0,0,NaN,NaN,NaN,NaN
spent,t10-slow-drift,white,103,v6noC2,1,5.5,0.986111111111111,0.986111111111111,0,0,0,0,0,0,0,0,NaN,NaN,NaN,NaN
spent,t10-slow-drift,white,103,v6,1,5.5,0.986111111111111,0.986111111111111,0,0,0,0,0,0,0,0,NaN,NaN,NaN,NaN
spent,t10-slow-drift,white,104,v5,1,6.5,0.983333333333333,0.983333333333333,0,0,0,0,0,0,0,0,NaN,NaN,NaN,NaN
spent,t10-slow-drift,white,104,v6noA,1,6.5,0.983333333333333,0.983333333333333,0,0,0,0,0,0,0,0,NaN,NaN,NaN,NaN
spent,t10-slow-drift,white,104,v6noB,1,6.5,0.983333333333333,0.983333333333333,0,0,0,0,0,0,0,0,NaN,NaN,NaN,NaN
spent,t10-slow-drift,white,104,v6noC1,1,6.5,0.983333333333333,0.983333333333333,0,0,0,0,0,0,0,0,NaN,NaN,NaN,NaN
spent,t10-slow-drift,white,104,v6noC2,1,6.5,0.983333333333333,0.983333333333333,0,0,0,0,0,0,0,0,NaN,NaN,NaN,NaN
spent,t10-slow-drift,white,104,v6,1,6.5,0.983333333333333,0.983333333333333,0,0,0,0,0,0,0,0,NaN,NaN,NaN,NaN
spent,t10-slow-drift,white,105,v5,1,5.5,0.986111111111111,0.986111111111111,0,0,0,0,0,0,0,0,NaN,NaN,NaN,NaN
spent,t10-slow-drift,white,105,v6noA,1,5.5,0.986111111111111,0.986111111111111,0,0,0,0,0,0,0,0,NaN,NaN,NaN,NaN
spent,t10-slow-drift,white,105,v6noB,1,5.5,0.986111111111111,0.986111111111111,0,0,0,0,0,0,0,0,NaN,NaN,NaN,NaN
spent,t10-slow-drift,white,105,v6noC1,1,5.5,0.986111111111111,0.986111111111111,0,0,0,0,0,0,0,0,NaN,NaN,NaN,NaN
spent,t10-slow-drift,white,105,v6noC2,1,5.5,0.986111111111111,0.986111111111111,0,0,0,0,0,0,0,0,NaN,NaN,NaN,NaN
spent,t10-slow-drift,white,105,v6,1,5.5,0.986111111111111,0.986111111111111,0,0,0,0,0,0,0,0,NaN,NaN,NaN,NaN
spent,t10-slow-drift,white,106,v5,1,6.5,0.983333333333333,0.983333333333333,0,0,0,0,0,0,0,0,NaN,NaN,NaN,NaN
spent,t10-slow-drift,white,106,v6noA,1,6.5,0.983333333333333,0.983333333333333,0,0,0,0,0,0,0,0,NaN,NaN,NaN,NaN
spent,t10-slow-drift,white,106,v6noB,1,6.5,0.983333333333333,0.983333333333333,0,0,0,0,0,0,0,0,NaN,NaN,NaN,NaN
spent,t10-slow-drift,white,106,v6noC1,1,6.5,0.983333333333333,0.983333333333333,0,0,0,0,0,0,0,0,NaN,NaN,NaN,NaN
spent,t10-slow-drift,white,106,v6noC2,1,6.5,0.983333333333333,0.983333333333333,0,0,0,0,0,0,0,0,NaN,NaN,NaN,NaN
spent,t10-slow-drift,white,106,v6,1,6.5,0.983333333333333,0.983333333333333,0,0,0,0,0,0,0,0,NaN,NaN,NaN,NaN
spent,t10-slow-drift,white,107,v5,1,6.5,0.983333333333333,0.983333333333333,0,0,0,0,0,0,0,0,NaN,NaN,NaN,NaN
spent,t10-slow-drift,white,107,v6noA,1,6.5,0.983333333333333,0.983333333333333,0,0,0,0,0,0,0,0,NaN,NaN,NaN,NaN
spent,t10-slow-drift,white,107,v6noB,1,6.5,0.983333333333333,0.983333333333333,0,0,0,0,0,0,0,0,NaN,NaN,NaN,NaN
spent,t10-slow-drift,white,107,v6noC1,1,6.5,0.983333333333333,0.983333333333333,0,0,0,0,0,0,0,0,NaN,NaN,NaN,NaN
spent,t10-slow-drift,white,107,v6noC2,1,6.5,0.983333333333333,0.983333333333333,0,0,0,0,0,0,0,0,NaN,NaN,NaN,NaN
spent,t10-slow-drift,white,107,v6,1,6.5,0.983333333333333,0.983333333333333,0,0,0,0,0,0,0,0,NaN,NaN,NaN,NaN
spent,t10-slow-drift,white,108,v5,1,4.5,0.988888888888889,0.988888888888889,0,0,0,0,0,0,0,0,NaN,NaN,NaN,NaN
spent,t10-slow-drift,white,108,v6noA,1,4.5,0.988888888888889,0.988888888888889,0,0,0,0,0,0,0,0,NaN,NaN,NaN,NaN
spent,t10-slow-drift,white,108,v6noB,1,4.5,0.988888888888889,0.988888888888889,0,0,0,0,0,0,0,0,NaN,NaN,NaN,NaN
spent,t10-slow-drift,white,108,v6noC1,1,4.5,0.988888888888889,0.988888888888889,0,0,0,0,0,0,0,0,NaN,NaN,NaN,NaN
spent,t10-slow-drift,white,108,v6noC2,1,4.5,0.988888888888889,0.988888888888889,0,0,0,0,0,0,0,0,NaN,NaN,NaN,NaN
spent,t10-slow-drift,white,108,v6,1,4.5,0.988888888888889,0.988888888888889,0,0,0,0,0,0,0,0,NaN,NaN,NaN,NaN
spent,t10-slow-drift,white,109,v5,1,5.5,0.986111111111111,0.986111111111111,0,0,0,0,0,0,0,0,NaN,NaN,NaN,NaN
spent,t10-slow-drift,white,109,v6noA,1,5.5,0.986111111111111,0.986111111111111,0,0,0,0,0,0,0,0,NaN,NaN,NaN,NaN
spent,t10-slow-drift,white,109,v6noB,1,5.5,0.986111111111111,0.986111111111111,0,0,0,0,0,0,0,0,NaN,NaN,NaN,NaN
spent,t10-slow-drift,white,109,v6noC1,1,5.5,0.986111111111111,0.986111111111111,0,0,0,0,0,0,0,0,NaN,NaN,NaN,NaN
spent,t10-slow-drift,white,109,v6noC2,1,5.5,0.986111111111111,0.986111111111111,0,0,0,0,0,0,0,0,NaN,NaN,NaN,NaN
spent,t10-slow-drift,white,109,v6,1,5.5,0.986111111111111,0.986111111111111,0,0,0,0,0,0,0,0,NaN,NaN,NaN,NaN
spent,t10-slow-drift,colored,100,v5,1,47.5,0.869444444444444,0.869444444444444,0,0,0,0,0,0,0,0,NaN,NaN,NaN,NaN
spent,t10-slow-drift,colored,100,v6noA,1,47.5,0.869444444444444,0.869444444444444,0,0,0,0,0,0,0,0,NaN,NaN,NaN,NaN
spent,t10-slow-drift,colored,100,v6noB,1,47.5,0.869444444444444,0.869444444444444,0,0,0,0,0,0,0,0,NaN,NaN,NaN,NaN
spent,t10-slow-drift,colored,100,v6noC1,1,47.5,0.869444444444444,0.869444444444444,0,0,0,0,0,0,0,0,NaN,NaN,NaN,NaN
spent,t10-slow-drift,colored,100,v6noC2,1,47.5,0.869444444444444,0.869444444444444,0,0,0,0,0,0,0,0,NaN,NaN,NaN,NaN
spent,t10-slow-drift,colored,100,v6,1,47.5,0.869444444444444,0.869444444444444,0,0,0,0,0,0,0,0,NaN,NaN,NaN,NaN
spent,t10-slow-drift,colored,101,v5,1,32.5,0.911111111111111,0.911111111111111,0,0,0,0,0,0,0,0,NaN,NaN,NaN,NaN
spent,t10-slow-drift,colored,101,v6noA,1,32.5,0.911111111111111,0.911111111111111,0,0,0,0,0,0,0,0,NaN,NaN,NaN,NaN
spent,t10-slow-drift,colored,101,v6noB,1,32.5,0.911111111111111,0.911111111111111,0,0,0,0,0,0,0,0,NaN,NaN,NaN,NaN
spent,t10-slow-drift,colored,101,v6noC1,1,32.5,0.911111111111111,0.911111111111111,0,0,0,0,0,0,0,0,NaN,NaN,NaN,NaN
spent,t10-slow-drift,colored,101,v6noC2,1,32.5,0.911111111111111,0.911111111111111,0,0,0,0,0,0,0,0,NaN,NaN,NaN,NaN
spent,t10-slow-drift,colored,101,v6,1,32.5,0.911111111111111,0.911111111111111,0,0,0,0,0,0,0,0,NaN,NaN,NaN,NaN
spent,t10-slow-drift,colored,102,v5,1,26.5,0.927777777777778,0.927777777777778,0,0,0,0,0,0,0,0,NaN,NaN,NaN,NaN
spent,t10-slow-drift,colored,102,v6noA,1,26.5,0.927777777777778,0.927777777777778,0,0,0,0,0,0,0,0,NaN,NaN,NaN,NaN
spent,t10-slow-drift,colored,102,v6noB,1,26.5,0.927777777777778,0.927777777777778,0,0,0,0,0,0,0,0,NaN,NaN,NaN,NaN
spent,t10-slow-drift,colored,102,v6noC1,1,26.5,0.927777777777778,0.927777777777778,0,0,0,0,0,0,0,0,NaN,NaN,NaN,NaN
spent,t10-slow-drift,colored,102,v6noC2,1,26.5,0.927777777777778,0.927777777777778,0,0,0,0,0,0,0,0,NaN,NaN,NaN,NaN
spent,t10-slow-drift,colored,102,v6,1,26.5,0.927777777777778,0.927777777777778,0,0,0,0,0,0,0,0,NaN,NaN,NaN,NaN
spent,t10-slow-drift,colored,103,v5,1,39.5,0.888888888888889,0.888888888888889,11.8421052631579,0.315789473684211,0,0,0,0,0,0,NaN,NaN,NaN,NaN
spent,t10-slow-drift,colored,103,v6noA,1,39.5,0.888888888888889,0.888888888888889,11.8421052631579,0.631578947368421,2,0,0,0,0,0,NaN,NaN,NaN,NaN
spent,t10-slow-drift,colored,103,v6noB,1,39.5,0.888888888888889,0.888888888888889,11.8421052631579,0.631578947368421,2,0,0,0,0,0,NaN,NaN,NaN,NaN
spent,t10-slow-drift,colored,103,v6noC1,1,39.5,0.888888888888889,0.888888888888889,11.8421052631579,0.315789473684211,0,0,0,0,0,0,NaN,NaN,NaN,NaN
spent,t10-slow-drift,colored,103,v6noC2,1,39.5,0.888888888888889,0.888888888888889,11.8421052631579,0.631578947368421,2,0,0,0,0,0,NaN,NaN,NaN,NaN
spent,t10-slow-drift,colored,103,v6,1,39.5,0.888888888888889,0.888888888888889,11.8421052631579,0.631578947368421,2,0,0,0,0,0,NaN,NaN,NaN,NaN
spent,t10-slow-drift,colored,104,v5,1,25.5,0.930555555555556,0.930555555555556,0,0,0,0,0,0,0,0,NaN,NaN,NaN,NaN
spent,t10-slow-drift,colored,104,v6noA,1,25.5,0.930555555555556,0.930555555555556,0,0,0,0,0,0,0,0,NaN,NaN,NaN,NaN
spent,t10-slow-drift,colored,104,v6noB,1,25.5,0.930555555555556,0.930555555555556,0,0,0,0,0,0,0,0,NaN,NaN,NaN,NaN
spent,t10-slow-drift,colored,104,v6noC1,1,25.5,0.930555555555556,0.930555555555556,0,0,0,0,0,0,0,0,NaN,NaN,NaN,NaN
spent,t10-slow-drift,colored,104,v6noC2,1,25.5,0.930555555555556,0.930555555555556,0,0,0,0,0,0,0,0,NaN,NaN,NaN,NaN
spent,t10-slow-drift,colored,104,v6,1,25.5,0.930555555555556,0.930555555555556,0,0,0,0,0,0,0,0,NaN,NaN,NaN,NaN
spent,t10-slow-drift,colored,105,v5,1,18.5,0.95,0.95,0,0,0,0,0,0,0,0,NaN,NaN,NaN,NaN
spent,t10-slow-drift,colored,105,v6noA,1,18.5,0.95,0.95,0,0,0,0,0,0,0,0,NaN,NaN,NaN,NaN
spent,t10-slow-drift,colored,105,v6noB,1,18.5,0.95,0.95,0,0,0,0,0,0,0,0,NaN,NaN,NaN,NaN
spent,t10-slow-drift,colored,105,v6noC1,1,18.5,0.95,0.95,0,0,0,0,0,0,0,0,NaN,NaN,NaN,NaN
spent,t10-slow-drift,colored,105,v6noC2,1,18.5,0.95,0.95,0,0,0,0,0,0,0,0,NaN,NaN,NaN,NaN
spent,t10-slow-drift,colored,105,v6,1,18.5,0.95,0.95,0,0,0,0,0,0,0,0,NaN,NaN,NaN,NaN
spent,t10-slow-drift,colored,106,v5,1,36.5,0.9,0.9,0,0,0,0,0,0,0,0,NaN,NaN,NaN,NaN
spent,t10-slow-drift,colored,106,v6noA,1,36.5,0.9,0.9,0,0,0,0,0,0,0,0,NaN,NaN,NaN,NaN
spent,t10-slow-drift,colored,106,v6noB,1,36.5,0.9,0.9,0,0,0,0,0,0,0,0,NaN,NaN,NaN,NaN
spent,t10-slow-drift,colored,106,v6noC1,1,36.5,0.9,0.9,0,0,0,0,0,0,0,0,NaN,NaN,NaN,NaN
spent,t10-slow-drift,colored,106,v6noC2,1,36.5,0.9,0.9,0,0,0,0,0,0,0,0,NaN,NaN,NaN,NaN
spent,t10-slow-drift,colored,106,v6,1,36.5,0.9,0.9,0,0,0,0,0,0,0,0,NaN,NaN,NaN,NaN
spent,t10-slow-drift,colored,107,v5,1,33.5,0.908333333333333,0.908333333333333,0,0,0,0,0,0,0,0,NaN,NaN,NaN,NaN
spent,t10-slow-drift,colored,107,v6noA,1,33.5,0.908333333333333,0.908333333333333,0,0,0,0,0,0,0,0,NaN,NaN,NaN,NaN
spent,t10-slow-drift,colored,107,v6noB,1,33.5,0.908333333333333,0.908333333333333,0,0,0,0,0,0,0,0,NaN,NaN,NaN,NaN
spent,t10-slow-drift,colored,107,v6noC1,1,33.5,0.908333333333333,0.908333333333333,0,0,0,0,0,0,0,0,NaN,NaN,NaN,NaN
spent,t10-slow-drift,colored,107,v6noC2,1,33.5,0.908333333333333,0.908333333333333,0,0,0,0,0,0,0,0,NaN,NaN,NaN,NaN
spent,t10-slow-drift,colored,107,v6,1,33.5,0.908333333333333,0.908333333333333,0,0,0,0,0,0,0,0,NaN,NaN,NaN,NaN
spent,t10-slow-drift,colored,108,v5,1,34.5,0.905555555555556,0.905555555555556,0,0,0,0,0,0,0,0,NaN,NaN,NaN,NaN
spent,t10-slow-drift,colored,108,v6noA,1,34.5,0.905555555555556,0.905555555555556,0,0,0,0,0,0,0,0,NaN,NaN,NaN,NaN
spent,t10-slow-drift,colored,108,v6noB,1,34.5,0.905555555555556,0.905555555555556,0,0,0,0,0,0,0,0,NaN,NaN,NaN,NaN
spent,t10-slow-drift,colored,108,v6noC1,1,34.5,0.905555555555556,0.905555555555556,0,0,0,0,0,0,0,0,NaN,NaN,NaN,NaN
spent,t10-slow-drift,colored,108,v6noC2,1,34.5,0.905555555555556,0.905555555555556,0,0,0,0,0,0,0,0,NaN,NaN,NaN,NaN
spent,t10-slow-drift,colored,108,v6,1,34.5,0.905555555555556,0.905555555555556,0,0,0,0,0,0,0,0,NaN,NaN,NaN,NaN
spent,t10-slow-drift,colored,109,v5,1,43.5,0.880555555555556,0.880555555555556,0,0,0,0,0,0,0,0,NaN,NaN,NaN,NaN
spent,t10-slow-drift,colored,109,v6noA,1,43.5,0.880555555555556,0.880555555555556,0,0,0,0,0,0,0,0,NaN,NaN,NaN,NaN
spent,t10-slow-drift,colored,109,v6noB,1,43.5,0.880555555555556,0.880555555555556,0,0,0,0,0,0,0,0,NaN,NaN,NaN,NaN
spent,t10-slow-drift,colored,109,v6noC1,1,43.5,0.880555555555556,0.880555555555556,0,0,0,0,0,0,0,0,NaN,NaN,NaN,NaN
spent,t10-slow-drift,colored,109,v6noC2,1,43.5,0.880555555555556,0.880555555555556,0,0,0,0,0,0,0,0,NaN,NaN,NaN,NaN
spent,t10-slow-drift,colored,109,v6,1,43.5,0.880555555555556,0.880555555555556,0,0,0,0,0,0,0,0,NaN,NaN,NaN,NaN
